사고번호,사고일시,요일,시군구,사고내용,사망자수,중상자수,경상자수,부상신고자수,사고유형,법규위반,노면상태,기상상태,도로형태,가해운전자 차종,가해운전자 성별,가해운전자 연령,가해운전자 상해정도,피해운전자 차종,피해운전자 성별,피해운전자 연령,피해운전자 상해정도
2021011400100545,2021년 1월 14일 20시,목요일,충청북도 청주시 청원구 율량동,경상사고,0,0,1,0,차대사람 - 기타,안전운전불이행,건조,맑음,교차로 - 교차로안,기타불명,기타불명,미분류,기타불명,보행자,여,17세,경상
2021011500100156,2021년 1월 15일 11시,금요일,충청북도 괴산군 괴산읍,중상사고,0,1,1,0,차대차 - 측면충돌,신호위반,건조,맑음,교차로 - 교차로안,승용,남,28세,경상,승용,여,31세,중상
2021011500100176,2021년 1월 15일 12시,금요일,충청북도 청주시 상당구 대성동,중상사고,0,1,0,0,차대사람 - 횡단중,안전운전불이행,건조,맑음,교차로 - 교차로부근,승용,남,58세,상해없음,보행자,여,60세,중상
2021011500100253,2021년 1월 15일 14시,금요일,충청북도 충주시 목행동,경상사고,0,0,2,0,차대차 - 정면충돌,직진우회전진행방해,건조,맑음,교차로 - 교차로안,화물,남,56세,경상,화물,남,67세,경상
2021011500100254,2021년 1월 15일 14시,금요일,충청북도 증평군 증평읍,중상사고,0,1,9,0,차대차 - 측면충돌,안전운전불이행,건조,맑음,교차로 - 교차로부근,건설기계,남,53세,상해없음,승합,남,61세,상해없음
2021011500100289,2021년 1월 15일 15시,금요일,충청북도 청주시 서원구 사창동,경상사고,0,0,1,0,차대차 - 기타,안전운전불이행,건조,맑음,단일로 - 기타,승용,남,71세,상해없음,이륜,남,24세,경상
2021011500100349,2021년 1월 15일 17시,금요일,충청북도 청주시 서원구 사직동,경상사고,0,0,1,0,차대차 - 측면충돌,직진우회전진행방해,젖음/습기,흐림,교차로 - 교차로안,승용,여,33세,상해없음,원동기,남,28세,경상
2021011500100491,2021년 1월 15일 19시,금요일,충청북도 청주시 청원구 주중동,경상사고,0,0,1,0,차대차 - 측면충돌,교차로운행방법위반,젖음/습기,흐림,교차로 - 교차로안,승용,여,46세,상해없음,이륜,남,43세,경상
2021011500100492,2021년 1월 15일 19시,금요일,충청북도 청주시 청원구 사천동,경상사고,0,0,3,0,차대차 - 추돌,안전운전불이행,건조,맑음,단일로 - 기타,화물,남,31세,경상,화물,남,27세,경상
2021011500100493,2021년 1월 15일 19시,금요일,충청북도 청주시 흥덕구 봉명동,경상사고,0,0,1,0,차대차 - 측면충돌,안전운전불이행,서리/결빙,흐림,단일로 - 기타,이륜,남,23세,경상,승용,남,31세,상해없음
2021011500100533,2021년 1월 15일 20시,금요일,충청북도 제천시 교동,경상사고,0,0,1,0,차대차 - 추돌,안전거리미확보,건조,맑음,교차로 - 교차로안,승용,남,62세,상해없음,승용,남,28세,경상
2021011500100534,2021년 1월 15일 20시,금요일,충청북도 음성군 대소면,경상사고,0,0,1,0,차대차 - 추돌,안전운전불이행,건조,맑음,교차로 - 교차로안,승용,남,39세,경상,승용,여,33세,상해없음
2021011500100575,2021년 1월 15일 21시,금요일,충청북도 음성군 금왕읍,경상사고,0,0,4,0,차대차 - 측면충돌,안전운전불이행,건조,맑음,교차로 - 교차로안,승용,남,43세,상해없음,승용,남,57세,경상
2021011600100052,2021년 1월 16일 08시,토요일,충청북도 청주시 흥덕구 복대동,중상사고,0,3,1,0,차대차 - 측면충돌,교차로운행방법위반,건조,맑음,교차로 - 교차로안,승용,여,46세,경상,화물,남,68세,중상
2021011600100101,2021년 1월 16일 11시,토요일,충청북도 청주시 청원구 사천동,중상사고,0,1,2,0,차대차 - 측면충돌,안전운전불이행,건조,맑음,단일로 - 기타,승용,남,68세,경상,승용,남,44세,경상
2021011600100102,2021년 1월 16일 11시,토요일,충청북도 괴산군 불정면,경상사고,0,0,1,0,차대차 - 정면충돌,안전운전불이행,건조,맑음,교차로 - 교차로안,승용,여,45세,상해없음,원동기,남,70세,경상
2021011600100103,2021년 1월 16일 11시,토요일,충청북도 청주시 상당구 남일면,경상사고,0,0,1,0,차대차 - 정면충돌,중앙선침범,건조,맑음,단일로 - 지하차도(도로)내,승용,남,66세,상해없음,승용,남,22세,경상
2021011600100129,2021년 1월 16일 12시,토요일,충청북도 충주시 충인동,경상사고,0,0,1,0,차대차 - 기타,직진우회전진행방해,건조,맑음,교차로 - 교차로안,승용,여,67세,상해없음,이륜,남,47세,경상
2021011600100130,2021년 1월 16일 12시,토요일,충청북도 보은군 보은읍,경상사고,0,0,1,0,차대사람 - 기타,안전운전불이행,건조,맑음,단일로 - 기타,승용,여,71세,기타불명,보행자,여,81세,경상
2021011600100131,2021년 1월 16일 12시,토요일,충청북도 충주시 중앙탑면,경상사고,0,0,1,0,차대차 - 측면충돌,안전운전불이행,건조,맑음,주차장 - 주차장,승용,남,83세,상해없음,승용,여,30세,경상
2021011600100153,2021년 1월 16일 13시,토요일,충청북도 청주시 상당구 금천동,경상사고,0,0,1,0,차대차 - 측면충돌,안전운전불이행,건조,맑음,단일로 - 기타,원동기,남,21세,상해없음,원동기,남,49세,경상
2021011600100154,2021년 1월 16일 13시,토요일,충청북도 청주시 서원구 모충동,중상사고,0,1,0,0,차대차 - 측면충돌,교차로운행방법위반,건조,맑음,교차로 - 교차로안,원동기,남,83세,중상,승용,남,35세,상해없음
2021011600100191,2021년 1월 16일 14시,토요일,충청북도 청주시 흥덕구 신봉동,경상사고,0,0,1,0,차대사람 - 기타,신호위반,건조,맑음,교차로 - 교차로안,승용,남,35세,상해없음,보행자,남,62세,경상
2021011600100219,2021년 1월 16일 15시,토요일,충청북도 청주시 흥덕구 복대동,중상사고,0,1,0,0,차대사람 - 횡단중,보행자보호의무위반,건조,맑음,교차로 - 교차로횡단보도내,승용,여,23세,상해없음,보행자,남,88세,중상
2021011600100259,2021년 1월 16일 16시,토요일,충청북도 청주시 서원구 개신동,경상사고,0,0,1,0,차대차 - 측면충돌,안전운전불이행,건조,맑음,단일로 - 기타,승용,남,62세,상해없음,승용,여,34세,상해없음
2021011600100292,2021년 1월 16일 17시,토요일,충청북도 단양군 단양읍,중상사고,0,1,0,0,차대사람 - 횡단중,안전운전불이행,건조,맑음,교차로 - 교차로안,화물,남,57세,상해없음,보행자,여,88세,중상
2021011600100334,2021년 1월 16일 18시,토요일,충청북도 영동군 영동읍,경상사고,0,0,1,0,차대사람 - 기타,안전운전불이행,건조,맑음,주차장 - 주차장,승용,여,62세,상해없음,보행자,여,44세,경상
2021011600100335,2021년 1월 16일 18시,토요일,충청북도 청주시 흥덕구 옥산면,경상사고,0,0,2,0,차대차 - 추돌,안전운전불이행,건조,맑음,단일로 - 기타,승용,남,56세,상해없음,승용,남,22세,경상
2021011600100376,2021년 1월 16일 19시,토요일,충청북도 옥천군 옥천읍,경상사고,0,0,2,0,차대사람 - 기타,안전운전불이행,건조,맑음,교차로 - 교차로부근,승용,남,39세,상해없음,보행자,남,39세,경상
2021011600100401,2021년 1월 16일 20시,토요일,충청북도 청주시 흥덕구 봉명동,중상사고,0,2,0,0,차대사람 - 기타,신호위반,건조,맑음,기타 - 기타,이륜,남,22세,상해없음,보행자,남,45세,중상
2021011600100432,2021년 1월 16일 21시,토요일,충청북도 제천시 장락동,중상사고,0,1,2,0,차대차 - 정면충돌,중앙선침범,건조,맑음,단일로 - 지하차도(도로)내,승용,남,49세,경상,승용,남,54세,경상
2021011600100433,2021년 1월 16일 21시,토요일,충청북도 청주시 서원구 분평동,경상사고,0,0,2,0,차대차 - 추돌,안전운전불이행,건조,맑음,단일로 - 기타,승용,남,29세,상해없음,승용,남,33세,경상
2021011600100434,2021년 1월 16일 21시,토요일,충청북도 청주시 상당구 용암동,경상사고,0,0,3,0,차대차 - 측면충돌,직진우회전진행방해,젖음/습기,흐림,교차로 - 교차로안,승용,여,33세,경상,승용,여,31세,경상
2021011700100015,2021년 1월 17일 02시,일요일,충청북도 청주시 흥덕구 가경동,중상사고,0,1,0,0,차대사람 - 기타,보행자보호의무위반,건조,맑음,교차로 - 교차로횡단보도내,승용,남,46세,상해없음,보행자,남,32세,중상
2021011700100031,2021년 1월 17일 08시,일요일,충청북도 충주시 용산동,경상사고,0,0,1,0,차대차 - 정면충돌,신호위반,건조,맑음,교차로 - 교차로안,화물,남,49세,상해없음,승용,남,66세,경상
2021011700100047,2021년 1월 17일 10시,일요일,충청북도 음성군 음성읍,경상사고,0,0,1,0,차대차 - 측면충돌,교차로운행방법위반,건조,맑음,교차로 - 교차로안,승용,남,60세,상해없음,승용,남,38세,경상
2021011700100141,2021년 1월 17일 15시,일요일,충청북도 청주시 흥덕구 송절동,경상사고,0,0,2,0,차대차 - 측면충돌,교차로운행방법위반,건조,맑음,교차로 - 교차로안,승용,여,43세,상해없음,승용,남,29세,경상
2021011700100182,2021년 1월 17일 17시,일요일,충청북도 청주시 청원구 율량동,경상사고,0,0,1,0,차대차 - 측면충돌,중앙선침범,건조,맑음,단일로 - 기타,승용,남,55세,상해없음,이륜,남,18세,경상
2021011700100183,2021년 1월 17일 17시,일요일,충청북도 청주시 청원구 율량동,경상사고,0,0,1,0,차대차 - 추돌,안전운전불이행,건조,맑음,단일로 - 기타,화물,남,50세,상해없음,화물,남,51세,경상
2021011700100184,2021년 1월 17일 17시,일요일,충청북도 청주시 흥덕구 내곡동,경상사고,0,0,3,0,차대차 - 추돌,안전운전불이행,건조,맑음,단일로 - 기타,승합,남,24세,상해없음,승용,남,33세,경상
2021011700100214,2021년 1월 17일 18시,일요일,충청북도 충주시 교현동,경상사고,0,0,2,0,차대차 - 기타,신호위반,건조,흐림,교차로 - 교차로안,승용,남,38세,상해없음,승용,남,63세,경상
2021011700100215,2021년 1월 17일 18시,일요일,충청북도 충주시 연수동,경상사고,0,0,2,0,차대차 - 측면충돌,신호위반,건조,맑음,교차로 - 교차로안,승용,여,29세,경상,이륜,남,37세,경상
2021011700100216,2021년 1월 17일 18시,일요일,충청북도 충주시 금릉동,중상사고,0,1,1,0,차대차 - 정면충돌,안전거리미확보,건조,맑음,교차로 - 교차로부근,원동기,남,23세,중상,승용,남,61세,경상
2021011700100217,2021년 1월 17일 18시,일요일,충청북도 제천시 화산동,경상사고,0,0,1,0,차대사람 - 횡단중,안전운전불이행,건조,맑음,교차로 - 교차로안,승용,여,53세,상해없음,보행자,여,47세,경상
2021011700100260,2021년 1월 17일 20시,일요일,충청북도 청주시 청원구 오창읍,중상사고,0,1,0,0,차대차 - 측면충돌,안전운전불이행,건조,맑음,단일로 - 기타,화물,남,63세,기타불명,승용,여,56세,중상
2021011700100288,2021년 1월 17일 22시,일요일,충청북도 청주시 서원구 사창동,경상사고,0,0,2,0,차대차 - 정면충돌,신호위반,건조,맑음,교차로 - 교차로부근,화물,남,56세,상해없음,승용,남,59세,경상
2021011700100289,2021년 1월 17일 22시,일요일,충청북도 영동군 영동읍,중상사고,0,1,0,0,차대차 - 정면충돌,교차로운행방법위반,젖음/습기,눈,교차로 - 교차로안,승용,여,35세,상해없음,자전거,남,57세,중상
2021011700100293,2021년 1월 17일 23시,일요일,충청북도 제천시 모산동,경상사고,0,0,1,0,차대차 - 추돌,안전운전불이행,적설,눈,교차로 - 교차로부근,승용,남,21세,상해없음,승용,남,46세,경상
2021011800100005,2021년 1월 18일 01시,월요일,충청북도 청주시 청원구 오창읍,중상사고,0,1,0,0,차대차 - 추돌,안전운전불이행,젖음/습기,눈,단일로 - 기타,원동기,남,37세,중상,특수,남,54세,기타불명
2021011800100007,2021년 1월 18일 02시,월요일,충청북도 청주시 상당구 용암동,중상사고,0,1,0,0,차대차 - 측면충돌,신호위반,건조,맑음,교차로 - 교차로안,승용,남,59세,상해없음,승용,남,33세,중상
2021011800100010,2021년 1월 18일 04시,월요일,충청북도 옥천군 옥천읍,경상사고,0,0,1,0,차대사람 - 기타,안전운전불이행,건조,맑음,주차장 - 주차장,승합,남,47세,상해없음,보행자,남,17세,경상
2021011800100026,2021년 1월 18일 07시,월요일,충청북도 청주시 상당구 용암동,중상사고,0,1,1,0,차대차 - 정면충돌,안전운전불이행,건조,맑음,교차로 - 교차로안,승용,여,21세,상해없음,승용,남,60세,중상
2021011800100074,2021년 1월 18일 09시,월요일,충청북도 진천군 광혜원면,경상사고,0,0,1,0,차대차 - 기타,차로위반,적설,눈,단일로 - 기타,화물,남,53세,기타불명,승용,여,20세,경상
2021011800100095,2021년 1월 18일 10시,월요일,충청북도 영동군 영동읍,중상사고,0,1,0,0,차대차 - 측면충돌,직진우회전진행방해,젖음/습기,눈,교차로 - 교차로안,승용,남,50세,상해없음,승용,여,61세,중상
2021011800100096,2021년 1월 18일 10시,월요일,충청북도 음성군 금왕읍,경상사고,0,0,1,0,차대차 - 측면충돌,안전운전불이행,서리/결빙,눈,단일로 - 기타,승용,남,46세,상해없음,화물,남,51세,경상
2021011800100128,2021년 1월 18일 11시,월요일,충청북도 청주시 청원구 우암동,중상사고,0,2,1,0,차대차 - 측면충돌,교차로운행방법위반,서리/결빙,맑음,교차로 - 교차로안,승용,여,70세,경상,승용,남,47세,중상
2021011800100149,2021년 1월 18일 12시,월요일,충청북도 진천군 문백면,중상사고,0,2,1,0,차대차 - 추돌,안전운전불이행,젖음/습기,맑음,단일로 - 기타,승용,남,25세,상해없음,화물,남,48세,중상
2021011800100150,2021년 1월 18일 12시,월요일,충청북도 청주시 서원구 산남동,경상사고,0,0,1,0,차대차 - 측면충돌,안전운전불이행,건조,맑음,교차로 - 교차로안,화물,남,63세,상해없음,승용,여,55세,경상
2021011800100173,2021년 1월 18일 13시,월요일,충청북도 진천군 광혜원면,경상사고,0,0,1,0,차대차 - 측면충돌,직진우회전진행방해,적설,흐림,교차로 - 교차로안,승용,남,49세,상해없음,승용,여,60세,경상
2021011800100191,2021년 1월 18일 14시,월요일,충청북도 제천시 봉양읍,경상사고,0,0,4,0,차대차 - 추돌,안전운전불이행,적설,눈,단일로 - 지하차도(도로)내,승합,남,56세,상해없음,승용,남,50세,경상
2021011800100213,2021년 1월 18일 15시,월요일,충청북도 청주시 흥덕구 복대동,경상사고,0,0,1,0,차대차 - 측면충돌,안전운전불이행,젖음/습기,눈,단일로 - 기타,승용,남,56세,상해없음,이륜,남,32세,경상
2021011800100239,2021년 1월 18일 16시,월요일,충청북도 청주시 청원구 내덕동,중상사고,0,1,2,0,차대차 - 추돌,안전운전불이행,서리/결빙,눈,단일로 - 기타,화물,남,69세,중상,승용,남,43세,경상
2021011800100375,2021년 1월 18일 19시,월요일,충청북도 청주시 청원구 내덕동,경상사고,0,0,1,0,차대차 - 기타,안전운전불이행,서리/결빙,흐림,교차로 - 교차로안,승용,남,49세,상해없음,승용,남,62세,경상
2021011800100376,2021년 1월 18일 19시,월요일,충청북도 청주시 흥덕구 옥산면,경상사고,0,0,1,0,차대차 - 측면충돌,차로위반,서리/결빙,눈,단일로 - 기타,화물,남,49세,상해없음,승용,여,30세,경상
2021011800100470,2021년 1월 18일 22시,월요일,충청북도 청주시 흥덕구 석곡동,경상사고,0,0,3,0,차대차 - 추돌,안전거리미확보,서리/결빙,눈,교차로 - 교차로안,승용,남,51세,경상,승용,남,35세,경상
2021011800100483,2021년 1월 18일 23시,월요일,충청북도 제천시 장락동,경상사고,0,0,1,0,차대차 - 후진중충돌,안전운전불이행,젖음/습기,맑음,교차로 - 교차로안,화물,남,57세,상해없음,승용,남,54세,경상
2021011800100484,2021년 1월 18일 23시,월요일,충청북도 청주시 흥덕구 봉명동,경상사고,0,0,3,0,차대차 - 추돌,안전운전불이행,서리/결빙,눈,단일로 - 기타,승용,남,29세,상해없음,승용,여,25세,경상
2021011900100005,2021년 1월 19일 00시,화요일,충청북도 청주시 상당구 방서동,경상사고,0,0,1,0,차대차 - 측면충돌,신호위반,건조,맑음,교차로 - 교차로안,승용,남,53세,상해없음,승용,남,40세,경상
2021011900100083,2021년 1월 19일 08시,화요일,충청북도 청주시 흥덕구 봉명동,경상사고,0,0,3,0,차대차 - 측면충돌,직진우회전진행방해,서리/결빙,맑음,교차로 - 교차로안,승용,여,32세,경상,승용,남,47세,경상
2021011900100110,2021년 1월 19일 09시,화요일,충청북도 충주시 목행동,중상사고,0,1,1,0,차대차 - 측면충돌,직진우회전진행방해,건조,맑음,교차로 - 교차로안,승용,여,59세,경상,승용,여,58세,중상
2021011900100211,2021년 1월 19일 12시,화요일,충청북도 청주시 상당구 남주동,경상사고,0,0,1,0,차대차 - 측면충돌,안전운전불이행,건조,맑음,주차장 - 주차장,승용,남,56세,상해없음,승용,남,29세,경상
2021011900100247,2021년 1월 19일 13시,화요일,충청북도 청주시 서원구 개신동,경상사고,0,0,1,0,차대사람 - 보도통행중,기타,기타,맑음,단일로 - 기타,화물,남,54세,상해없음,보행자,남,49세,경상
2021011900100281,2021년 1월 19일 14시,화요일,충청북도 제천시 송학면,중상사고,0,1,0,0,차량단독 - 공작물충돌,안전운전불이행,건조,맑음,기타 - 기타,승용,남,36세,중상,,,,
2021011900100282,2021년 1월 19일 14시,화요일,충청북도 청주시 흥덕구 봉명동,경상사고,0,0,3,0,차대차 - 측면충돌,교차로운행방법위반,서리/결빙,흐림,교차로 - 교차로안,화물,남,59세,경상,승용,남,38세,경상
2021011900100310,2021년 1월 19일 15시,화요일,충청북도 음성군 원남면,경상사고,0,0,1,0,차대차 - 기타,차로위반,건조,맑음,단일로 - 기타,화물,남,52세,상해없음,승용,여,39세,경상
2021011900100340,2021년 1월 19일 16시,화요일,충청북도 증평군 증평읍,중상사고,0,1,0,0,차대사람 - 기타,안전운전불이행,건조,흐림,단일로 - 기타,승용,남,79세,상해없음,보행자,여,66세,중상
2021011900100341,2021년 1월 19일 16시,화요일,충청북도 청주시 상당구 남주동,경상사고,0,0,1,0,차대차 - 측면충돌,안전운전불이행,건조,맑음,단일로 - 기타,승용,여,52세,상해없음,승용,여,58세,경상
2021011900100432,2021년 1월 19일 18시,화요일,충청북도 청주시 청원구 오창읍,경상사고,0,0,1,0,차대차 - 기타,안전거리미확보,건조,흐림,단일로 - 기타,승용,여,63세,상해없음,승용,남,40세,상해없음
2021011900100433,2021년 1월 19일 18시,화요일,충청북도 청주시 흥덕구 향정동,경상사고,0,0,1,0,차대차 - 추돌,안전운전불이행,건조,맑음,교차로 - 교차로부근,승용,남,29세,상해없음,승용,남,29세,경상
2021011900100484,2021년 1월 19일 19시,화요일,충청북도 청주시 서원구 분평동,경상사고,0,0,1,0,차대사람 - 횡단중,보행자보호의무위반,건조,맑음,교차로 - 교차로횡단보도내,승용,남,66세,상해없음,보행자,남,41세,경상
2021011900100526,2021년 1월 19일 20시,화요일,충청북도 제천시 청전동,중상사고,0,1,1,0,차대차 - 추돌,안전운전불이행,건조,맑음,교차로 - 교차로부근,승용,여,24세,상해없음,승용,남,52세,경상
2021011900100569,2021년 1월 19일 21시,화요일,충청북도 제천시 대랑동,중상사고,0,1,0,0,차대차 - 추돌,안전운전불이행,서리/결빙,맑음,단일로 - 기타,승용,여,51세,상해없음,승용,남,56세,기타불명
2021011900100570,2021년 1월 19일 21시,화요일,충청북도 음성군 대소면,경상사고,0,0,1,0,차대차 - 추돌,안전운전불이행,건조,맑음,단일로 - 기타,화물,남,40세,상해없음,화물,남,37세,경상
2021011900100601,2021년 1월 19일 22시,화요일,충청북도 충주시 용산동,경상사고,0,0,2,0,차대차 - 추돌,안전운전불이행,건조,맑음,교차로 - 교차로안,승합,남,43세,경상,승용,남,58세,경상
2021011900100619,2021년 1월 19일 23시,화요일,충청북도 진천군 덕산읍,중상사고,0,1,0,0,차대사람 - 차도통행중,안전운전불이행,건조,맑음,단일로 - 기타,화물,남,42세,상해없음,보행자,남,30세,중상
2021012000100043,2021년 1월 20일 06시,수요일,충청북도 청주시 서원구 남이면,사망사고,1,0,1,0,차대차 - 추돌,안전운전불이행,건조,맑음,단일로 - 기타,화물,남,56세,사망,화물,남,56세,경상
2021012000100089,2021년 1월 20일 08시,수요일,충청북도 음성군 금왕읍,경상사고,0,0,1,0,차대차 - 측면충돌,안전거리미확보,건조,맑음,교차로 - 교차로부근,화물,남,39세,상해없음,승용,남,45세,경상
2021012000100090,2021년 1월 20일 08시,수요일,충청북도 음성군 원남면,경상사고,0,0,1,0,차대차 - 측면충돌,차로위반,건조,맑음,교차로 - 교차로부근,승용,남,32세,상해없음,승용,남,50세,경상
2021012000100091,2021년 1월 20일 08시,수요일,충청북도 청주시 흥덕구 신전동,경상사고,0,0,2,0,차대차 - 측면충돌,교차로운행방법위반,건조,맑음,교차로 - 교차로안,승용,여,26세,경상,화물,남,27세,경상
2021012000100092,2021년 1월 20일 08시,수요일,충청북도 청주시 흥덕구 복대동,경상사고,0,0,1,0,차대차 - 측면충돌,신호위반,건조,맑음,교차로 - 교차로부근,승용,남,30세,상해없음,승용,여,26세,경상
2021012000100120,2021년 1월 20일 09시,수요일,충청북도 청주시 서원구 장성동,경상사고,0,0,1,0,차대차 - 측면충돌,안전운전불이행,건조,맑음,단일로 - 기타,승용,남,47세,기타불명,화물,남,43세,경상
2021012000100164,2021년 1월 20일 10시,수요일,충청북도 청주시 흥덕구 봉명동,경상사고,0,0,1,0,차대사람 - 기타,안전운전불이행,건조,맑음,교차로 - 교차로부근,승용,여,72세,상해없음,보행자,남,23세,경상
2021012000100165,2021년 1월 20일 10시,수요일,충청북도 청주시 상당구 금천동,경상사고,0,0,1,0,차대사람 - 기타,안전운전불이행,건조,맑음,교차로 - 교차로안,승용,남,57세,상해없음,보행자,여,65세,경상
2021012000100314,2021년 1월 20일 14시,수요일,충청북도 제천시 화산동,중상사고,0,1,1,0,차대차 - 측면충돌,차로위반,건조,맑음,단일로 - 기타,승용,남,57세,상해없음,승용,남,70세,경상
2021012000100315,2021년 1월 20일 14시,수요일,충청북도 청주시 흥덕구 봉명동,중상사고,0,1,0,0,차대사람 - 보도통행중,기타,건조,맑음,기타 - 기타,화물,남,38세,상해없음,보행자,여,66세,중상
2021012000100316,2021년 1월 20일 14시,수요일,충청북도 충주시 앙성면,중상사고,0,1,1,0,차대차 - 추돌,안전운전불이행,건조,맑음,단일로 - 기타,화물,남,54세,중상,화물,남,55세,경상
2021012000100341,2021년 1월 20일 15시,수요일,충청북도 청주시 상당구 수동,중상사고,0,1,0,0,차대차 - 측면충돌,신호위반,건조,맑음,교차로 - 교차로횡단보도내,승용,여,52세,상해없음,자전거,남,77세,중상
2021012000100342,2021년 1월 20일 15시,수요일,충청북도 청주시 청원구 내수읍,경상사고,0,0,1,0,차대사람 - 기타,안전운전불이행,건조,맑음,단일로 - 기타,승용,남,82세,기타불명,보행자,남,98세 이상,경상
2021012000100343,2021년 1월 20일 15시,수요일,충청북도 청주시 상당구 북문로2가,경상사고,0,0,2,0,차대차 - 측면충돌,안전거리미확보,건조,맑음,단일로 - 기타,승용,여,57세,경상,승용,남,49세,경상
2021012000100377,2021년 1월 20일 16시,수요일,충청북도 청주시 상당구 용암동,경상사고,0,0,1,0,차량단독 - 기타,안전운전불이행,건조,맑음,단일로 - 기타,자전거,여,65세,경상,,,,
2021012000100417,2021년 1월 20일 17시,수요일,충청북도 충주시 성서동,경상사고,0,0,2,0,차대차 - 추돌,안전운전불이행,건조,흐림,교차로 - 교차로부근,승용,남,53세,상해없음,승용,남,47세,경상
2021012000100494,2021년 1월 20일 18시,수요일,충청북도 청주시 흥덕구 외북동,경상사고,0,0,2,0,차대차 - 측면충돌,안전거리미확보,건조,맑음,교차로 - 교차로부근,승용,남,58세,상해없음,승용,남,25세,경상
2021012000100495,2021년 1월 20일 18시,수요일,충청북도 청주시 흥덕구 봉명동,경상사고,0,0,1,0,차대차 - 측면충돌,안전운전불이행,건조,맑음,단일로 - 기타,승용,남,42세,상해없음,승용,남,24세,경상
2021012000100556,2021년 1월 20일 19시,수요일,충청북도 청주시 상당구 용암동,경상사고,0,0,2,0,차대차 - 측면충돌,안전운전불이행,건조,맑음,교차로 - 교차로안,원동기,남,29세,경상,승용,남,30세,경상
2021012000100687,2021년 1월 20일 23시,수요일,충청북도 청주시 상당구 용정동,경상사고,0,0,3,0,차대차 - 측면충돌,신호위반,건조,기타,교차로 - 교차로안,승용,남,53세,상해없음,승용,남,73세,경상
2021012100100009,2021년 1월 21일 02시,목요일,충청북도 충주시 노은면,경상사고,0,0,1,0,차대차 - 추돌,기타,건조,흐림,단일로 - 지하차도(도로)내,승용,남,36세,상해없음,화물,남,44세,경상
2021012100100034,2021년 1월 21일 06시,목요일,충청북도 충주시 칠금동,경상사고,0,0,1,0,차대차 - 측면충돌,안전운전불이행,건조,맑음,교차로 - 교차로안,승용,여,57세,기타불명,승용,여,33세,경상
2021012100100048,2021년 1월 21일 07시,목요일,충청북도 단양군 매포읍,경상사고,0,0,1,1,차대차 - 추돌,안전운전불이행,건조,맑음,단일로 - 기타,화물,남,56세,상해없음,승용,남,51세,경상
2021012100100073,2021년 1월 21일 08시,목요일,충청북도 청주시 청원구 율량동,경상사고,0,0,1,0,차대차 - 측면충돌,안전거리미확보,건조,맑음,단일로 - 기타,승용,여,31세,상해없음,승용,여,53세,경상
2021012100100107,2021년 1월 21일 09시,목요일,충청북도 음성군 금왕읍,경상사고,0,0,2,0,차대차 - 측면충돌,안전거리미확보,건조,맑음,단일로 - 기타,승용,남,54세,상해없음,승용,남,50세,경상
2021012100100108,2021년 1월 21일 09시,목요일,충청북도 단양군 매포읍,경상사고,0,0,1,0,차량단독 - 공작물충돌,안전운전불이행,젖음/습기,흐림,기타 - 기타,자전거,남,50세,경상,,,,
2021012100100139,2021년 1월 21일 10시,목요일,충청북도 청주시 상당구 문의면,사망사고,1,1,1,0,차대차 - 추돌,안전운전불이행,건조,맑음,단일로 - 교량,화물,남,61세,사망,화물,남,52세,중상
2021012100100215,2021년 1월 21일 12시,목요일,충청북도 충주시 연수동,경상사고,0,0,2,0,차대차 - 측면충돌,직진우회전진행방해,건조,맑음,교차로 - 교차로안,승용,남,57세,상해없음,승용,여,23세,경상
2021012100100216,2021년 1월 21일 12시,목요일,충청북도 제천시 강제동,경상사고,0,0,1,0,차대차 - 추돌,중앙선침범,젖음/습기,맑음,교차로 - 교차로안,승용,여,73세,상해없음,승용,여,49세,경상
2021012100100245,2021년 1월 21일 13시,목요일,충청북도 청주시 흥덕구 강서동,경상사고,0,0,3,0,차대차 - 추돌,안전운전불이행,건조,맑음,교차로 - 교차로부근,승용,여,55세,상해없음,승용,여,39세,경상
2021012100100290,2021년 1월 21일 15시,목요일,충청북도 음성군 맹동면,경상사고,0,0,1,0,차대차 - 측면충돌,신호위반,건조,맑음,교차로 - 교차로안,승용,남,35세,상해없음,승용,여,51세,경상
2021012100100324,2021년 1월 21일 16시,목요일,충청북도 청주시 흥덕구 서촌동,경상사고,0,0,2,0,차대차 - 추돌,직진우회전진행방해,젖음/습기,비,교차로 - 교차로안,화물,남,52세,경상,승용,남,24세,경상
2021012100100406,2021년 1월 21일 18시,목요일,충청북도 영동군 영동읍,중상사고,0,1,2,0,차대차 - 추돌,안전운전불이행,젖음/습기,비,교차로 - 교차로부근,승용,여,41세,경상,화물,남,43세,중상
2021012100100407,2021년 1월 21일 18시,목요일,충청북도 청주시 흥덕구 가경동,경상사고,0,0,1,0,차대차 - 측면충돌,안전운전불이행,젖음/습기,비,교차로 - 교차로안,승용,남,53세,상해없음,이륜,남,55세,경상
2021012100100468,2021년 1월 21일 19시,목요일,충청북도 청주시 흥덕구 복대동,경상사고,0,0,1,0,차대차 - 측면충돌,안전운전불이행,건조,맑음,단일로 - 기타,승용,남,40세,상해없음,승용,남,28세,경상
2021012100100469,2021년 1월 21일 19시,목요일,충청북도 청주시 흥덕구 복대동,경상사고,0,0,1,0,차대차 - 기타,안전운전불이행,젖음/습기,비,기타 - 기타,기타불명,기타불명,미분류,기타불명,승합,남,55세,상해없음