사고번호,사고일시,요일,시군구,사고내용,사망자수,중상자수,경상자수,부상신고자수,사고유형,법규위반,노면상태,기상상태,도로형태,가해운전자 차종,가해운전자 성별,가해운전자 연령,가해운전자 상해정도,피해운전자 차종,피해운전자 성별,피해운전자 연령,피해운전자 상해정도
2021012100100555,2021년 1월 21일 21시,목요일,충청북도 충주시 칠금동,경상사고,0,0,2,0,차대차 - 정면충돌,신호위반,서리/결빙,비,교차로 - 교차로안,승용,남,55세,상해없음,승용,여,25세,경상
2021012100100556,2021년 1월 21일 21시,목요일,충청북도 음성군 대소면,경상사고,0,0,1,0,차대차 - 후진중충돌,안전운전불이행,젖음/습기,비,교차로 - 교차로부근,승용,남,36세,경상,승용,남,57세,기타불명
2021012200100039,2021년 1월 22일 06시,금요일,충청북도 음성군 음성읍,중상사고,0,1,2,0,차대차 - 측면충돌,직진우회전진행방해,젖음/습기,비,교차로 - 교차로안,화물,남,60세,상해없음,화물,남,58세,경상
2021012200100040,2021년 1월 22일 06시,금요일,충청북도 청주시 흥덕구 봉명동,경상사고,0,0,1,0,차대차 - 측면충돌,안전거리미확보,건조,맑음,단일로 - 기타,승용,여,21세,기타불명,승용,남,25세,경상
2021012200100054,2021년 1월 22일 07시,금요일,충청북도 제천시 청전동,경상사고,0,0,1,0,차대차 - 추돌,안전운전불이행,젖음/습기,비,교차로 - 교차로부근,화물,남,28세,상해없음,화물,남,45세,경상
2021012200100072,2021년 1월 22일 08시,금요일,충청북도 청주시 청원구 외평동,경상사고,0,0,4,0,차대차 - 측면충돌,안전운전불이행,젖음/습기,흐림,단일로 - 기타,승용,여,51세,기타불명,승용,남,27세,경상
2021012200100095,2021년 1월 22일 09시,금요일,충청북도 진천군 광혜원면,중상사고,0,1,0,0,차대차 - 측면충돌,직진우회전진행방해,젖음/습기,안개,교차로 - 교차로안,화물,남,47세,상해없음,화물,남,80세,상해없음
2021012200100188,2021년 1월 22일 13시,금요일,충청북도 청주시 상당구 방서동,중상사고,0,2,0,0,차대차 - 추돌,안전운전불이행,건조,맑음,단일로 - 지하차도(도로)내,이륜,여,34세,중상,승용,여,50세,중상
2021012200100219,2021년 1월 22일 14시,금요일,충청북도 충주시 단월동,경상사고,0,0,2,0,차대차 - 정면충돌,안전거리미확보,건조,맑음,단일로 - 기타,승용,남,72세,상해없음,승합,여,41세,경상
2021012200100243,2021년 1월 22일 15시,금요일,충청북도 충주시 목행동,경상사고,0,0,1,0,차대차 - 정면충돌,안전운전불이행,건조,맑음,교차로 - 교차로안,승용,남,40세,상해없음,승용,여,61세,경상
2021012200100244,2021년 1월 22일 15시,금요일,충청북도 청주시 상당구 용암동,중상사고,0,1,0,0,차대차 - 정면충돌,교차로운행방법위반,젖음/습기,흐림,교차로 - 교차로안,승용,남,33세,상해없음,이륜,남,33세,중상
2021012200100277,2021년 1월 22일 16시,금요일,충청북도 청주시 청원구 오창읍,경상사고,0,0,1,0,차대차 - 측면충돌,안전운전불이행,건조,흐림,단일로 - 기타,승용,남,33세,상해없음,승용,남,73세,경상
2021012200100278,2021년 1월 22일 16시,금요일,충청북도 충주시 주덕읍,경상사고,0,0,1,0,차대차 - 기타,안전운전불이행,건조,맑음,교차로 - 교차로부근,화물,남,42세,상해없음,이륜,남,59세,경상
2021012200100279,2021년 1월 22일 16시,금요일,충청북도 청주시 서원구 분평동,중상사고,0,1,1,0,차대차 - 추돌,안전운전불이행,건조,맑음,단일로 - 기타,승용,여,38세,상해없음,승용,여,45세,중상
2021012200100324,2021년 1월 22일 17시,금요일,충청북도 청주시 청원구 율량동,경상사고,0,0,1,0,차대차 - 측면충돌,교차로운행방법위반,젖음/습기,흐림,교차로 - 교차로안,승용,남,39세,상해없음,이륜,남,17세,경상
2021012200100325,2021년 1월 22일 17시,금요일,충청북도 청주시 청원구 우암동,경상사고,0,0,1,0,차대차 - 기타,안전운전불이행,건조,맑음,교차로 - 교차로부근,승용,여,47세,상해없음,승합,남,51세,경상
2021012200100326,2021년 1월 22일 17시,금요일,충청북도 영동군 황간면,경상사고,0,0,1,0,차량단독 - 공작물충돌,안전운전불이행,건조,맑음,교차로 - 교차로부근,승용,남,57세,경상,,,,
2021012200100327,2021년 1월 22일 17시,금요일,충청북도 괴산군 연풍면,경상사고,0,0,1,0,차대차 - 측면충돌,안전운전불이행,건조,맑음,단일로 - 지하차도(도로)내,화물,남,42세,상해없음,승용,남,43세,경상
2021012200100382,2021년 1월 22일 18시,금요일,충청북도 충주시 교현동,경상사고,0,0,1,0,차대차 - 측면충돌,안전거리미확보,건조,맑음,단일로 - 기타,승용,남,76세,상해없음,승용,남,37세,상해없음
2021012200100383,2021년 1월 22일 18시,금요일,충청북도 충주시 봉방동,경상사고,0,0,1,0,차대차 - 추돌,안전운전불이행,건조,흐림,단일로 - 기타,화물,남,60세,상해없음,승용,여,53세,경상
2021012200100384,2021년 1월 22일 18시,금요일,충청북도 청주시 흥덕구 옥산면,경상사고,0,0,2,0,차대차 - 추돌,안전거리미확보,건조,맑음,단일로 - 기타,승용,여,45세,경상,승용,남,27세,경상
2021012200100385,2021년 1월 22일 18시,금요일,충청북도 단양군 대강면,사망사고,1,0,1,0,차대차 - 추돌,안전운전불이행,건조,맑음,단일로 - 기타,승용,남,48세,사망,건설기계,남,45세,경상
2021012200100460,2021년 1월 22일 19시,금요일,충청북도 청주시 청원구 오창읍,중상사고,0,1,0,0,차대차 - 측면충돌,안전운전불이행,건조,맑음,교차로 - 교차로안,승용,남,64세,상해없음,이륜,남,26세,중상
2021012200100499,2021년 1월 22일 20시,금요일,충청북도 충주시 교현동,경상사고,0,0,2,0,차대차 - 측면충돌,안전운전불이행,건조,흐림,교차로 - 교차로안,화물,남,60세,상해없음,승용,여,51세,경상
2021012200100500,2021년 1월 22일 20시,금요일,충청북도 청주시 흥덕구 가경동,경상사고,0,0,1,0,차대차 - 측면충돌,중앙선침범,건조,맑음,단일로 - 기타,승용,여,37세,상해없음,이륜,남,29세,경상
2021012200100501,2021년 1월 22일 20시,금요일,충청북도 청주시 상당구 석교동,경상사고,0,0,1,0,차대차 - 기타,안전운전불이행,젖음/습기,비,단일로 - 지하차도(도로)내,원동기,남,29세,경상,승합,남,36세,상해없음
2021012200100539,2021년 1월 22일 21시,금요일,충청북도 청주시 청원구 오창읍,중상사고,0,1,0,0,차대차 - 기타,안전운전불이행,건조,맑음,교차로 - 교차로부근,원동기,남,48세,상해없음,원동기,남,42세,중상
2021012200100540,2021년 1월 22일 21시,금요일,충청북도 청주시 상당구 방서동,중상사고,0,2,0,0,차대차 - 추돌,안전운전불이행,건조,맑음,교차로 - 교차로부근,승용,여,41세,기타불명,승용,남,69세,중상
2021012200100575,2021년 1월 22일 22시,금요일,충청북도 청주시 흥덕구 운천동,경상사고,0,0,1,0,차대차 - 측면충돌,불법유턴,건조,맑음,단일로 - 기타,승용,남,43세,상해없음,승용,남,46세,상해없음
2021012300100053,2021년 1월 23일 08시,토요일,충청북도 청주시 청원구 내수읍,중상사고,0,1,0,0,차대사람 - 기타,안전운전불이행,건조,맑음,교차로 - 교차로안,승용,남,67세,상해없음,보행자,남,57세,중상
2021012300100082,2021년 1월 23일 10시,토요일,충청북도 진천군 문백면,경상사고,0,0,1,0,차대차 - 측면충돌,교차로운행방법위반,건조,맑음,교차로 - 교차로안,승용,남,33세,상해없음,승용,여,46세,경상
2021012300100148,2021년 1월 23일 12시,토요일,충청북도 제천시 수산면,경상사고,0,0,1,0,차대차 - 추돌,안전거리미확보,건조,맑음,단일로 - 지하차도(도로)내,화물,남,72세,상해없음,이륜,남,71세,경상
2021012300100149,2021년 1월 23일 12시,토요일,충청북도 청주시 서원구 수곡동,중상사고,0,1,0,0,차대차 - 측면충돌,교차로운행방법위반,건조,맑음,교차로 - 교차로안,승용,여,50세,상해없음,자전거,남,63세,중상
2021012300100181,2021년 1월 23일 13시,토요일,충청북도 청주시 상당구 영운동,경상사고,0,0,1,0,차대차 - 정면충돌,신호위반,건조,맑음,교차로 - 교차로안,원동기,남,29세,상해없음,원동기,남,61세,경상
2021012300100212,2021년 1월 23일 14시,토요일,충청북도 청주시 흥덕구 오송읍,경상사고,0,0,2,0,차대차 - 측면충돌,신호위반,건조,맑음,교차로 - 교차로부근,승용,남,40세,상해없음,승용,여,44세,경상
2021012300100248,2021년 1월 23일 15시,토요일,충청북도 충주시 동량면,경상사고,0,0,1,0,차량단독 - 기타,안전운전불이행,건조,맑음,기타 - 기타,화물,남,57세,경상,,,,
2021012300100281,2021년 1월 23일 16시,토요일,충청북도 충주시 목행동,경상사고,0,0,3,0,차대차 - 측면충돌,교차로운행방법위반,건조,맑음,교차로 - 교차로안,건설기계,남,57세,상해없음,승용,남,55세,경상
2021012300100395,2021년 1월 23일 19시,토요일,충청북도 제천시 청전동,경상사고,0,0,1,0,차대사람 - 횡단중,신호위반,건조,맑음,기타 - 기타,이륜,남,23세,상해없음,보행자,여,8세,경상
2021012300100417,2021년 1월 23일 20시,토요일,충청북도 음성군 맹동면,경상사고,0,0,1,0,차대차 - 측면충돌,신호위반,건조,맑음,교차로 - 교차로안,승용,남,38세,상해없음,승용,여,62세,경상
2021012300100418,2021년 1월 23일 20시,토요일,충청북도 청주시 흥덕구 봉명동,중상사고,0,1,1,0,차대차 - 측면충돌,안전거리미확보,건조,맑음,단일로 - 기타,승용,여,54세,상해없음,승용,남,54세,경상
2021012300100450,2021년 1월 23일 21시,토요일,충청북도 청주시 흥덕구 복대동,중상사고,0,1,1,0,차대차 - 측면충돌,교차로운행방법위반,건조,맑음,교차로 - 교차로안,승용,남,50세,상해없음,이륜,남,29세,중상
2021012300100451,2021년 1월 23일 21시,토요일,충청북도 청주시 흥덕구 상신동,경상사고,0,0,2,0,차대차 - 측면충돌,안전운전불이행,건조,맑음,단일로 - 지하차도(도로)내,화물,남,19세,상해없음,승용,남,55세,경상
2021012300100481,2021년 1월 23일 22시,토요일,충청북도 청주시 흥덕구 복대동,경상사고,0,0,1,0,차대차 - 추돌,안전운전불이행,건조,맑음,교차로 - 교차로부근,승용,남,44세,상해없음,승용,남,58세,상해없음
2021012300100496,2021년 1월 23일 23시,토요일,충청북도 청주시 상당구 용암동,경상사고,0,0,3,0,차대차 - 측면충돌,신호위반,건조,맑음,교차로 - 교차로안,승용,남,43세,상해없음,승용,남,53세,경상
2021012400100021,2021년 1월 24일 05시,일요일,충청북도 청주시 흥덕구 봉명동,경상사고,0,0,1,0,차대차 - 측면충돌,신호위반,건조,맑음,교차로 - 교차로안,승용,남,62세,상해없음,이륜,남,28세,경상
2021012400100076,2021년 1월 24일 11시,일요일,충청북도 청주시 청원구 내덕동,경상사고,0,0,2,0,차대차 - 추돌,안전운전불이행,건조,맑음,교차로 - 교차로부근,승용,남,43세,상해없음,승용,남,53세,경상
2021012400100097,2021년 1월 24일 12시,일요일,충청북도 영동군 황간면,경상사고,0,0,1,0,차대사람 - 기타,안전운전불이행,건조,맑음,주차장 - 주차장,승용,남,61세,상해없음,보행자,여,63세,경상
2021012400100121,2021년 1월 24일 13시,일요일,충청북도 청주시 흥덕구 봉명동,중상사고,0,1,0,0,차대차 - 측면충돌,교차로운행방법위반,건조,맑음,교차로 - 교차로안,승용,여,33세,상해없음,이륜,남,34세,중상
2021012400100172,2021년 1월 24일 15시,일요일,충청북도 충주시 교현동,중상사고,0,1,0,0,차대사람 - 기타,교차로운행방법위반,건조,맑음,단일로 - 기타,승용,여,82세,상해없음,보행자,여,86세,중상
2021012400100196,2021년 1월 24일 16시,일요일,충청북도 제천시 명동,경상사고,0,0,3,0,차대차 - 측면충돌,신호위반,건조,맑음,교차로 - 교차로안,승용,여,62세,경상,승용,남,69세,경상
2021012400100197,2021년 1월 24일 16시,일요일,충청북도 단양군 매포읍,중상사고,0,1,0,0,차량단독 - 공작물충돌,안전운전불이행,건조,맑음,단일로 - 기타,화물,여,32세,중상,,,,
2021012400100245,2021년 1월 24일 18시,일요일,충청북도 청주시 상당구 용암동,중상사고,0,1,1,0,차대차 - 측면충돌,교차로운행방법위반,젖음/습기,흐림,교차로 - 교차로안,승용,남,53세,상해없음,승용,여,35세,중상
2021012400100273,2021년 1월 24일 19시,일요일,충청북도 충주시 교현동,경상사고,0,0,1,0,차대사람 - 기타,안전운전불이행,건조,맑음,기타 - 기타,승용,남,24세,상해없음,보행자,여,65세,경상
2021012400100303,2021년 1월 24일 20시,일요일,충청북도 청주시 상당구 용암동,경상사고,0,0,1,0,차대차 - 측면충돌,신호위반,건조,맑음,교차로 - 교차로횡단보도내,승용,남,48세,상해없음,이륜,남,40세,경상
2021012400100334,2021년 1월 24일 21시,일요일,충청북도 충주시 문화동,경상사고,0,0,1,0,차대차 - 정면충돌,중앙선침범,건조,맑음,교차로 - 교차로부근,승용,남,60세,상해없음,승용,여,36세,경상
2021012400100351,2021년 1월 24일 22시,일요일,충청북도 청주시 흥덕구 봉명동,경상사고,0,0,2,0,차대차 - 측면충돌,안전거리미확보,건조,맑음,교차로 - 교차로부근,승용,남,41세,상해없음,승용,남,56세,경상
2021012500100049,2021년 1월 25일 07시,월요일,충청북도 충주시 중앙탑면,경상사고,0,0,1,0,차대차 - 정면충돌,안전운전불이행,건조,맑음,단일로 - 기타,승용,남,28세,경상,승용,남,54세,상해없음
2021012500100050,2021년 1월 25일 07시,월요일,충청북도 영동군 영동읍,중상사고,0,1,0,0,차대차 - 측면충돌,중앙선침범,건조,맑음,단일로 - 기타,승용,남,79세,상해없음,승용,남,63세,중상
2021012500100051,2021년 1월 25일 07시,월요일,충청북도 음성군 맹동면,경상사고,0,0,1,0,차대차 - 측면충돌,직진우회전진행방해,건조,흐림,교차로 - 교차로안,승용,여,27세,상해없음,승용,여,57세,경상
2021012500100073,2021년 1월 25일 08시,월요일,충청북도 옥천군 옥천읍,경상사고,0,0,1,0,차대차 - 추돌,안전운전불이행,건조,맑음,단일로 - 기타,화물,남,63세,상해없음,이륜,남,21세,경상
2021012500100105,2021년 1월 25일 09시,월요일,충청북도 청주시 서원구 성화동,경상사고,0,0,1,0,차대차 - 측면충돌,안전운전불이행,건조,맑음,교차로 - 교차로안,승용,남,68세,상해없음,승용,여,31세,경상
2021012500100135,2021년 1월 25일 10시,월요일,충청북도 충주시 동량면,경상사고,0,0,1,0,차대차 - 기타,직진우회전진행방해,건조,맑음,단일로 - 기타,승용,남,61세,상해없음,화물,남,70세,경상
2021012500100136,2021년 1월 25일 10시,월요일,충청북도 충주시 교현동,부상신고사고,0,0,0,1,차대차 - 기타,안전운전불이행,젖음/습기,맑음,단일로 - 기타,이륜,남,76세,부상신고,승용,남,65세,상해없음
2021012500100137,2021년 1월 25일 10시,월요일,충청북도 충주시 목행동,중상사고,0,1,0,0,차대사람 - 기타,안전운전불이행,건조,맑음,주차장 - 주차장,승용,남,82세,상해없음,보행자,남,58세,중상
2021012500100169,2021년 1월 25일 11시,월요일,충청북도 청주시 서원구 사직동,중상사고,0,1,0,0,차대사람 - 기타,안전운전불이행,건조,맑음,교차로 - 교차로안,승용,남,59세,기타불명,보행자,여,68세,중상
2021012500100170,2021년 1월 25일 11시,월요일,충청북도 청주시 서원구 분평동,경상사고,0,0,2,0,차대차 - 측면충돌,기타,건조,맑음,단일로 - 지하차도(도로)내,승용,남,40세,상해없음,승용,남,52세,상해없음
2021012500100201,2021년 1월 25일 12시,월요일,충청북도 청주시 서원구 현도면,경상사고,0,0,2,0,차대차 - 측면충돌,안전거리미확보,건조,맑음,단일로 - 지하차도(도로)내,화물,남,61세,상해없음,승용,남,63세,경상
2021012500100275,2021년 1월 25일 14시,월요일,충청북도 충주시 교현동,경상사고,0,0,1,0,차대차 - 측면충돌,직진우회전진행방해,건조,맑음,교차로 - 교차로안,원동기,남,72세,경상,승용,여,51세,상해없음
2021012500100276,2021년 1월 25일 14시,월요일,충청북도 청주시 상당구 남문로1가,경상사고,0,0,1,0,차대사람 - 기타,안전운전불이행,건조,맑음,단일로 - 기타,승용,남,65세,상해없음,보행자,여,59세,경상
2021012500100312,2021년 1월 25일 15시,월요일,충청북도 청주시 서원구 수곡동,경상사고,0,0,1,0,차대차 - 측면충돌,안전운전불이행,건조,맑음,교차로 - 교차로부근,이륜,남,32세,경상,승용,남,35세,기타불명
2021012500100343,2021년 1월 25일 16시,월요일,충청북도 청주시 서원구 사창동,경상사고,0,0,1,0,차대사람 - 기타,안전운전불이행,건조,맑음,교차로 - 교차로부근,승용,남,58세,상해없음,보행자,남,42세,경상
2021012500100383,2021년 1월 25일 17시,월요일,충청북도 청주시 서원구 개신동,경상사고,0,0,3,0,차대차 - 측면충돌,안전운전불이행,건조,흐림,단일로 - 기타,승용,남,55세,상해없음,화물,남,22세,경상
2021012500100384,2021년 1월 25일 17시,월요일,충청북도 청주시 상당구 탑동,경상사고,0,0,1,0,차대차 - 추돌,안전운전불이행,건조,맑음,단일로 - 지하차도(도로)내,이륜,남,16세,상해없음,자전거,남,76세,경상
2021012500100431,2021년 1월 25일 18시,월요일,충청북도 진천군 진천읍,경상사고,0,0,1,0,차대사람 - 횡단중,안전운전불이행,건조,맑음,교차로 - 교차로안,화물,남,41세,상해없음,보행자,여,48세,경상
2021012500100432,2021년 1월 25일 18시,월요일,충청북도 청주시 흥덕구 봉명동,경상사고,0,0,3,0,차대차 - 측면충돌,안전운전불이행,건조,맑음,단일로 - 기타,승용,남,61세,상해없음,승용,남,35세,경상
2021012500100433,2021년 1월 25일 18시,월요일,충청북도 청주시 상당구 석교동,경상사고,0,0,3,0,차대차 - 측면충돌,안전운전불이행,건조,맑음,교차로 - 교차로안,승용,여,55세,경상,승용,여,28세,경상
2021012500100434,2021년 1월 25일 18시,월요일,충청북도 청주시 상당구 용암동,경상사고,0,0,1,0,차대사람 - 기타,기타,건조,맑음,단일로 - 지하차도(도로)내,승용,남,40세,상해없음,보행자,여,47세,경상
2021012500100473,2021년 1월 25일 19시,월요일,충청북도 청주시 흥덕구 강서동,중상사고,0,1,0,0,차대차 - 측면충돌,중앙선침범,건조,맑음,단일로 - 기타,승용,남,40세,상해없음,이륜,남,59세,중상
2021012500100537,2021년 1월 25일 21시,월요일,충청북도 제천시 의림동,중상사고,0,1,0,0,차대차 - 측면충돌,안전거리미확보,건조,맑음,단일로 - 기타,승용,남,61세,상해없음,승용,여,37세,중상
2021012500100538,2021년 1월 25일 21시,월요일,충청북도 제천시 두학동,중상사고,0,1,1,1,차대차 - 정면충돌,중앙선침범,건조,흐림,단일로 - 기타,승용,남,45세,상해없음,화물,남,55세,중상
2021012500100578,2021년 1월 25일 23시,월요일,충청북도 청주시 청원구 내덕동,중상사고,0,1,0,0,차대차 - 추돌,안전운전불이행,건조,맑음,단일로 - 기타,승용,남,34세,상해없음,이륜,남,47세,중상
2021012600100033,2021년 1월 26일 05시,화요일,충청북도 청주시 청원구 주중동,중상사고,0,1,0,0,차대사람 - 횡단중,안전운전불이행,건조,맑음,단일로 - 기타,기타불명,기타불명,미분류,기타불명,보행자,여,78세,중상
2021012600100048,2021년 1월 26일 06시,화요일,충청북도 청주시 상당구 용정동,경상사고,0,0,2,0,차대차 - 추돌,안전운전불이행,건조,맑음,단일로 - 기타,승용,남,60세,상해없음,승용,남,35세,경상
2021012600100071,2021년 1월 26일 07시,화요일,충청북도 충주시 대소원면,경상사고,0,0,3,0,차대차 - 기타,안전운전불이행,건조,맑음,단일로 - 기타,승용,남,46세,경상,화물,남,38세,경상
2021012600100095,2021년 1월 26일 08시,화요일,충청북도 진천군 진천읍,중상사고,0,1,1,0,차량단독 - 공작물충돌,안전운전불이행,건조,맑음,단일로 - 기타,승용,여,46세,경상,,,,
2021012600100096,2021년 1월 26일 08시,화요일,충청북도 청주시 흥덕구 옥산면,중상사고,0,1,1,0,차대차 - 측면충돌,교차로운행방법위반,건조,맑음,교차로 - 교차로안,화물,남,55세,상해없음,화물,남,42세,경상
2021012600100145,2021년 1월 26일 10시,화요일,충청북도 제천시 영천동,경상사고,0,0,2,0,차대차 - 측면충돌,직진우회전진행방해,건조,맑음,교차로 - 교차로안,승용,여,43세,경상,화물,남,54세,경상
2021012600100182,2021년 1월 26일 11시,화요일,충청북도 청주시 흥덕구 강내면,경상사고,0,0,1,0,차대차 - 기타,교차로운행방법위반,건조,흐림,교차로 - 교차로안,건설기계,남,56세,상해없음,승용,여,27세,경상
2021012600100204,2021년 1월 26일 12시,화요일,충청북도 증평군 도안면,경상사고,0,0,1,0,차대차 - 측면충돌,안전운전불이행,젖음/습기,비,교차로 - 교차로안,이륜,남,81세,상해없음,승용,남,31세,경상
2021012600100266,2021년 1월 26일 14시,화요일,충청북도 음성군 음성읍,경상사고,0,0,2,0,차대차 - 측면충돌,중앙선침범,젖음/습기,흐림,단일로 - 기타,화물,남,46세,상해없음,화물,남,43세,경상
2021012600100267,2021년 1월 26일 14시,화요일,충청북도 옥천군 청성면,사망사고,1,0,0,0,차량단독 - 도로외이탈 - 추락,안전운전불이행,건조,맑음,단일로 - 기타,이륜,남,76세,상해없음,,,,
2021012600100327,2021년 1월 26일 16시,화요일,충청북도 청주시 청원구 오창읍,중상사고,0,1,0,0,차대차 - 측면충돌,직진우회전진행방해,건조,맑음,교차로 - 교차로안,승용,남,28세,상해없음,이륜,남,35세,중상
2021012600100358,2021년 1월 26일 17시,화요일,충청북도 청주시 흥덕구 운천동,중상사고,0,1,2,1,차대차 - 측면충돌,안전운전불이행,건조,맑음,교차로 - 교차로안,승용,남,71세,부상신고,승용,남,72세,중상
2021012600100401,2021년 1월 26일 18시,화요일,충청북도 보은군 마로면,중상사고,0,1,0,0,차대사람 - 길가장자리구역통행중,안전운전불이행,젖음/습기,비,단일로 - 기타,승용,남,61세,상해없음,보행자,여,62세,중상
2021012600100402,2021년 1월 26일 18시,화요일,충청북도 음성군 대소면,경상사고,0,0,1,0,차대차 - 측면충돌,안전운전불이행,젖음/습기,흐림,교차로 - 교차로안,승용,남,27세,상해없음,이륜,남,17세,경상
2021012600100454,2021년 1월 26일 19시,화요일,충청북도 청주시 청원구 우암동,중상사고,0,1,0,0,차대차 - 측면충돌,차로위반,젖음/습기,비,단일로 - 기타,화물,남,50세,중상,승용,남,49세,상해없음
2021012600100496,2021년 1월 26일 20시,화요일,충청북도 진천군 이월면,경상사고,0,0,1,0,차대차 - 측면충돌,신호위반,건조,맑음,교차로 - 교차로안,승용,여,33세,상해없음,승용,남,38세,경상
2021012600100518,2021년 1월 26일 21시,화요일,충청북도 음성군 생극면,중상사고,0,3,0,0,차대차 - 측면충돌,기타,젖음/습기,흐림,교차로 - 교차로안,승용,남,64세,중상,승용,여,40세,중상
2021012600100519,2021년 1월 26일 21시,화요일,충청북도 청주시 서원구 산남동,중상사고,0,1,1,0,차대차 - 정면충돌,신호위반,건조,맑음,교차로 - 교차로안,승용,남,58세,상해없음,승용,여,25세,중상
2021012600100543,2021년 1월 26일 22시,화요일,충청북도 청주시 흥덕구 복대동,부상신고사고,0,0,0,1,차대차 - 측면충돌,안전거리미확보,건조,맑음,교차로 - 교차로안,이륜,남,23세,부상신고,승용,남,55세,상해없음
2021012600100544,2021년 1월 26일 22시,화요일,충청북도 청주시 흥덕구 가경동,경상사고,0,0,1,0,차대차 - 측면충돌,안전거리미확보,젖음/습기,흐림,교차로 - 교차로부근,승용,여,51세,상해없음,이륜,남,37세,경상
2021012700100030,2021년 1월 27일 06시,수요일,충청북도 청주시 흥덕구 내곡동,중상사고,0,2,11,1,차대차 - 추돌,안전운전불이행,건조,맑음,단일로 - 기타,승합,남,64세,중상,화물,남,56세,경상
2021012700100102,2021년 1월 27일 09시,수요일,충청북도 청주시 청원구 율량동,중상사고,0,1,0,0,차대차 - 측면충돌,신호위반,건조,맑음,교차로 - 교차로부근,승용,여,32세,상해없음,승용,남,48세,중상
2021012700100103,2021년 1월 27일 09시,수요일,충청북도 괴산군 불정면,중상사고,0,2,0,0,차량단독 - 도로외이탈 - 추락,안전운전불이행,서리/결빙,흐림,단일로 - 기타,화물,남,60세,중상,,,,
2021012700100120,2021년 1월 27일 10시,수요일,충청북도 청주시 서원구 사직동,경상사고,0,0,2,0,차대차 - 추돌,안전운전불이행,건조,맑음,단일로 - 기타,승용,남,64세,상해없음,승용,여,61세,경상
2021012700100139,2021년 1월 27일 11시,수요일,충청북도 청주시 서원구 사창동,경상사고,0,0,1,0,차대차 - 기타,신호위반,건조,맑음,교차로 - 교차로부근,원동기,남,29세,상해없음,승용,남,55세,경상
2021012700100196,2021년 1월 27일 13시,수요일,충청북도 청주시 흥덕구 봉명동,경상사고,0,0,1,0,차대차 - 측면충돌,안전거리미확보,건조,맑음,단일로 - 기타,화물,남,67세,상해없음,승용,남,33세,경상
2021012700100197,2021년 1월 27일 13시,수요일,충청북도 청주시 서원구 남이면,경상사고,0,0,2,0,차대차 - 측면충돌,안전운전불이행,건조,맑음,단일로 - 기타,화물,남,25세,상해없음,승용,여,46세,경상
2021012700100198,2021년 1월 27일 13시,수요일,충청북도 청주시 흥덕구 석곡동,경상사고,0,0,1,0,차대차 - 측면충돌,안전운전불이행,건조,맑음,교차로 - 교차로안,승용,여,51세,상해없음,승용,여,65세,경상
2021012700100199,2021년 1월 27일 13시,수요일,충청북도 청주시 상당구 석교동,중상사고,0,1,0,0,차량단독 - 기타,안전운전불이행,건조,맑음,단일로 - 기타,승합,남,58세,상해없음,,,,
2021012700100235,2021년 1월 27일 14시,수요일,충청북도 청주시 흥덕구 봉명동,경상사고,0,0,1,0,차대차 - 측면충돌,신호위반,건조,맑음,교차로 - 교차로안,승용,남,54세,상해없음,특수,남,40세,경상
2021012700100236,2021년 1월 27일 14시,수요일,충청북도 영동군 황간면,경상사고,0,0,1,0,차대차 - 추돌,안전운전불이행,건조,맑음,단일로 - 기타,승용,남,72세,상해없음,화물,남,58세,경상
2021012700100296,2021년 1월 27일 16시,수요일,충청북도 제천시 청전동,경상사고,0,0,1,0,차대차 - 측면충돌,안전운전불이행,건조,맑음,단일로 - 기타,승합,남,53세,상해없음,승합,남,55세,상해없음
2021012700100297,2021년 1월 27일 16시,수요일,충청북도 청주시 상당구 용담동,경상사고,0,0,1,0,차대차 - 후진중충돌,안전운전불이행,건조,맑음,교차로 - 교차로안,화물,남,61세,상해없음,승용,남,25세,경상
2021012700100325,2021년 1월 27일 17시,수요일,충청북도 청주시 청원구 율량동,경상사고,0,0,1,0,차대차 - 측면충돌,교차로운행방법위반,건조,맑음,교차로 - 교차로안,이륜,남,50세,경상,화물,남,28세,상해없음
2021012700100326,2021년 1월 27일 17시,수요일,충청북도 청주시 청원구 오창읍,경상사고,0,0,1,0,차대차 - 기타,안전운전불이행,건조,맑음,교차로 - 교차로부근,승용,남,52세,기타불명,승용,남,35세,경상
2021012700100378,2021년 1월 27일 18시,수요일,충청북도 청주시 서원구 사창동,경상사고,0,0,2,0,차대차 - 측면충돌,안전운전불이행,건조,기타,단일로 - 기타,승용,여,61세,상해없음,승용,남,28세,경상
2021012700100379,2021년 1월 27일 18시,수요일,충청북도 음성군 원남면,경상사고,0,0,2,0,차대차 - 추돌,안전운전불이행,건조,맑음,단일로 - 기타,승용,남,55세,상해없음,승용,여,68세,경상
2021012700100380,2021년 1월 27일 18시,수요일,충청북도 진천군 진천읍,경상사고,0,0,1,0,차대차 - 추돌,안전운전불이행,건조,맑음,단일로 - 기타,승용,남,39세,상해없음,승용,남,33세,경상
2021012700100381,2021년 1월 27일 18시,수요일,충청북도 청주시 흥덕구 복대동,중상사고,0,1,1,0,차대차 - 추돌,신호위반,건조,맑음,교차로 - 교차로안,승용,남,26세,상해없음,승용,여,50세,중상
2021012700100423,2021년 1월 27일 19시,수요일,충청북도 괴산군 문광면,중상사고,0,1,0,0,차대사람 - 길가장자리구역통행중,안전운전불이행,건조,흐림,단일로 - 기타,승용,남,61세,상해없음,보행자,여,59세,중상