사고번호,사고일시,요일,시군구,사고내용,사망자수,중상자수,경상자수,부상신고자수,사고유형,법규위반,노면상태,기상상태,도로형태,가해운전자 차종,가해운전자 성별,가해운전자 연령,가해운전자 상해정도,피해운전자 차종,피해운전자 성별,피해운전자 연령,피해운전자 상해정도
2021012700100424,2021년 1월 27일 19시,수요일,충청북도 청주시 상당구 용암동,경상사고,0,0,1,0,차대차 - 후진중충돌,안전운전불이행,건조,맑음,교차로 - 교차로안,승용,여,74세,상해없음,승용,여,38세,경상
2021012700100425,2021년 1월 27일 19시,수요일,충청북도 청주시 상당구 남일면,경상사고,0,0,1,0,차대차 - 측면충돌,불법유턴,젖음/습기,흐림,단일로 - 기타,승용,남,28세,상해없음,승합,남,34세,경상
2021012700100463,2021년 1월 27일 20시,수요일,충청북도 제천시 교동,경상사고,0,0,1,0,차대차 - 측면충돌,안전운전불이행,건조,맑음,교차로 - 교차로안,화물,여,53세,상해없음,이륜,남,23세,경상
2021012700100464,2021년 1월 27일 20시,수요일,충청북도 증평군 증평읍,경상사고,0,0,1,0,차대사람 - 횡단중,보행자보호의무위반,건조,맑음,교차로 - 교차로횡단보도내,승용,남,44세,상해없음,보행자,여,53세,경상
2021012700100497,2021년 1월 27일 21시,수요일,충청북도 음성군 대소면,경상사고,0,0,2,0,차대차 - 정면충돌,중앙선침범,건조,맑음,교차로 - 교차로부근,승용,여,40세,상해없음,승용,여,44세,경상
2021012800100004,2021년 1월 28일 00시,목요일,충청북도 청주시 흥덕구 옥산면,경상사고,0,0,1,0,차량단독 - 공작물충돌,안전운전불이행,서리/결빙,맑음,기타 - 기타,승용,남,24세,경상,,,,
2021012800100011,2021년 1월 28일 02시,목요일,충청북도 청주시 청원구 우암동,중상사고,0,1,0,0,차대차 - 측면충돌,신호위반,건조,맑음,교차로 - 교차로안,승용,남,37세,상해없음,화물,남,44세,중상
2021012800100051,2021년 1월 28일 08시,목요일,충청북도 청주시 청원구 내덕동,경상사고,0,0,2,0,차대차 - 측면충돌,안전운전불이행,건조,흐림,교차로 - 교차로안,승용,남,49세,경상,승용,남,32세,경상
2021012800100052,2021년 1월 28일 08시,목요일,충청북도 음성군 금왕읍,경상사고,0,0,1,0,차대차 - 측면충돌,안전운전불이행,건조,맑음,단일로 - 기타,화물,남,77세,상해없음,승용,여,50세,경상
2021012800100074,2021년 1월 28일 09시,목요일,충청북도 충주시 신니면,중상사고,0,1,0,0,차량단독 - 기타,안전운전불이행,건조,맑음,단일로 - 기타,화물,남,43세,중상,,,,
2021012800100167,2021년 1월 28일 11시,목요일,충청북도 청주시 흥덕구 복대동,경상사고,0,0,1,0,차대사람 - 기타,안전운전불이행,서리/결빙,눈,기타 - 기타,개인형이동수단(PM),여,21세,상해없음,보행자,여,19세,경상
2021012800100190,2021년 1월 28일 12시,목요일,충청북도 청주시 청원구 내덕동,경상사고,0,0,1,0,차대차 - 측면충돌,직진우회전진행방해,적설,눈,교차로 - 교차로안,건설기계,남,54세,상해없음,승용,남,60세,경상
2021012800100191,2021년 1월 28일 12시,목요일,충청북도 충주시 앙성면,경상사고,0,0,2,0,차대차 - 측면충돌,안전운전불이행,서리/결빙,눈,단일로 - 기타,화물,남,64세,상해없음,화물,남,64세,상해없음
2021012800100225,2021년 1월 28일 13시,목요일,충청북도 제천시 천남동,경상사고,0,0,1,0,차대차 - 정면충돌,안전운전불이행,적설,눈,교차로 - 교차로안,승용,남,40세,상해없음,이륜,남,57세,경상
2021012800100226,2021년 1월 28일 13시,목요일,충청북도 제천시 금성면,중상사고,0,1,1,1,차대차 - 추돌,안전운전불이행,적설,눈,기타 - 기타,화물,남,67세,경상,특수,남,42세,상해없음
2021012800100227,2021년 1월 28일 13시,목요일,충청북도 영동군 영동읍,경상사고,0,0,1,0,차대차 - 측면충돌,안전운전불이행,건조,맑음,교차로 - 교차로안,승용,여,45세,상해없음,승용,남,45세,경상
2021012800100228,2021년 1월 28일 13시,목요일,충청북도 괴산군 문광면,경상사고,0,0,1,0,차대차 - 측면충돌,안전운전불이행,적설,눈,단일로 - 기타,화물,남,35세,상해없음,화물,남,52세,경상
2021012800100229,2021년 1월 28일 13시,목요일,충청북도 진천군 진천읍,중상사고,0,1,0,0,차대사람 - 횡단중,안전운전불이행,젖음/습기,흐림,교차로 - 교차로안,승용,남,59세,상해없음,보행자,여,79세,중상
2021012800100230,2021년 1월 28일 13시,목요일,충청북도 청주시 상당구 금천동,경상사고,0,0,1,0,차대사람 - 기타,안전운전불이행,젖음/습기,눈,단일로 - 지하차도(도로)내,승합,남,56세,상해없음,보행자,여,77세,경상
2021012800100255,2021년 1월 28일 14시,목요일,충청북도 청주시 흥덕구 강서동,경상사고,0,0,1,0,차대차 - 측면충돌,직진우회전진행방해,건조,맑음,교차로 - 교차로부근,이륜,남,40세,경상,승용,남,70세,상해없음
2021012800100311,2021년 1월 28일 16시,목요일,충청북도 영동군 영동읍,중상사고,0,1,0,0,차대사람 - 횡단중,보행자보호의무위반,젖음/습기,눈,단일로 - 기타,승용,남,70세,상해없음,보행자,여,17세,중상
2021012800100312,2021년 1월 28일 16시,목요일,충청북도 괴산군 괴산읍,중상사고,0,2,1,0,차대차 - 추돌,안전운전불이행,젖음/습기,흐림,단일로 - 기타,화물,남,63세,상해없음,승용,남,71세,중상
2021012800100313,2021년 1월 28일 16시,목요일,충청북도 옥천군 옥천읍,경상사고,0,0,1,0,차대사람 - 횡단중,보행자보호의무위반,건조,맑음,교차로 - 교차로횡단보도내,승용,남,51세,상해없음,보행자,여,20세,경상
2021012800100345,2021년 1월 28일 17시,목요일,충청북도 제천시 왕암동,경상사고,0,0,1,0,차대차 - 측면충돌,신호위반,건조,맑음,교차로 - 교차로안,승용,남,61세,상해없음,승용,남,30세,경상
2021012800100346,2021년 1월 28일 17시,목요일,충청북도 영동군 영동읍,중상사고,0,1,0,0,차대차 - 측면충돌,안전운전불이행,젖음/습기,눈,교차로 - 교차로안,승용,여,33세,상해없음,자전거,여,74세,중상
2021012800100347,2021년 1월 28일 17시,목요일,충청북도 진천군 진천읍,경상사고,0,0,1,0,차대차 - 측면충돌,안전거리미확보,건조,맑음,단일로 - 지하차도(도로)내,화물,남,50세,상해없음,승용,남,41세,경상
2021012800100430,2021년 1월 28일 19시,목요일,충청북도 청주시 흥덕구 복대동,중상사고,0,1,0,0,차대사람 - 보도통행중,보행자보호의무위반,건조,맑음,교차로 - 교차로부근,승용,남,62세,상해없음,보행자,남,33세,중상
2021012800100496,2021년 1월 28일 21시,목요일,충청북도 청주시 흥덕구 오송읍,경상사고,0,0,1,0,차대차 - 기타,교차로운행방법위반,건조,맑음,교차로 - 교차로안,승용,남,42세,상해없음,승용,남,34세,경상
2021012900100020,2021년 1월 29일 03시,금요일,충청북도 음성군 맹동면,중상사고,0,1,0,0,차대차 - 측면충돌,신호위반,건조,맑음,교차로 - 교차로안,승용,남,23세,상해없음,승용,남,29세,중상
2021012900100032,2021년 1월 29일 05시,금요일,충청북도 진천군 이월면,중상사고,0,1,0,0,차대차 - 추돌,안전거리미확보,건조,맑음,단일로 - 기타,승용,남,60세,상해없음,승용,남,63세,중상
2021012900100043,2021년 1월 29일 06시,금요일,충청북도 충주시 중앙탑면,경상사고,0,0,1,0,차대차 - 추돌,안전운전불이행,건조,맑음,단일로 - 지하차도(도로)내,특수,남,51세,상해없음,화물,남,64세,경상
2021012900100131,2021년 1월 29일 09시,금요일,충청북도 충주시 봉방동,경상사고,0,0,1,0,차대사람 - 차도통행중,안전운전불이행,건조,맑음,교차로 - 교차로안,승용,여,46세,상해없음,보행자,남,76세,경상
2021012900100165,2021년 1월 29일 10시,금요일,충청북도 증평군 증평읍,경상사고,0,0,1,0,차대차 - 측면충돌,안전운전불이행,건조,맑음,단일로 - 기타,승용,남,60세,상해없음,승용,여,59세,경상
2021012900100166,2021년 1월 29일 10시,금요일,충청북도 음성군 감곡면,경상사고,0,0,1,0,차대차 - 측면충돌,안전운전불이행,건조,맑음,단일로 - 기타,승용,남,78세,상해없음,승용,남,77세,경상
2021012900100229,2021년 1월 29일 12시,금요일,충청북도 청주시 상당구 문화동,중상사고,0,1,0,0,차량단독 - 기타,기타,건조,맑음,교차로 - 교차로부근,승합,남,53세,상해없음,,,,
2021012900100312,2021년 1월 29일 15시,금요일,충청북도 청주시 청원구 북이면,경상사고,0,0,1,0,차대차 - 정면충돌,안전운전불이행,건조,맑음,단일로 - 기타,승용,남,54세,상해없음,승용,남,70세,경상
2021012900100344,2021년 1월 29일 16시,금요일,충청북도 단양군 대강면,경상사고,0,0,1,0,차량단독 - 공작물충돌,안전운전불이행,건조,맑음,단일로 - 기타,승용,여,58세,경상,,,,
2021012900100373,2021년 1월 29일 17시,금요일,충청북도 충주시 노은면,경상사고,0,0,1,0,차대차 - 추돌,안전운전불이행,건조,맑음,단일로 - 기타,승용,남,34세,경상,승용,남,45세,상해없음
2021012900100424,2021년 1월 29일 18시,금요일,충청북도 청주시 청원구 내수읍,부상신고사고,0,0,0,1,차대사람 - 기타,안전운전불이행,건조,맑음,기타 - 기타,특수,남,44세,상해없음,보행자,남,50세,부상신고
2021012900100425,2021년 1월 29일 18시,금요일,충청북도 청주시 서원구 개신동,경상사고,0,0,1,0,차대차 - 측면충돌,교차로운행방법위반,건조,맑음,교차로 - 교차로안,승용,남,60세,상해없음,승용,남,39세,경상
2021012900100426,2021년 1월 29일 18시,금요일,충청북도 청주시 흥덕구 옥산면,부상신고사고,0,0,0,1,차대사람 - 횡단중,안전운전불이행,건조,맑음,단일로 - 기타,이륜,남,39세,부상신고,보행자,남,54세,상해없음
2021012900100427,2021년 1월 29일 18시,금요일,충청북도 청주시 흥덕구 송정동,경상사고,0,0,2,0,차대차 - 측면충돌,안전거리미확보,건조,맑음,단일로 - 기타,화물,남,56세,상해없음,승용,남,27세,경상
2021012900100471,2021년 1월 29일 19시,금요일,충청북도 제천시 장락동,경상사고,0,0,1,0,차대차 - 측면충돌,직진우회전진행방해,건조,맑음,교차로 - 교차로안,화물,남,65세,상해없음,승용,여,51세,경상
2021012900100472,2021년 1월 29일 19시,금요일,충청북도 청주시 흥덕구 가경동,경상사고,0,0,1,0,차대차 - 측면충돌,안전운전불이행,건조,맑음,교차로 - 교차로안,승용,남,42세,상해없음,이륜,남,29세,경상
2021012900100473,2021년 1월 29일 19시,금요일,충청북도 청주시 상당구 용암동,경상사고,0,0,3,0,차대차 - 추돌,안전운전불이행,건조,맑음,교차로 - 교차로부근,승용,남,37세,상해없음,승용,여,44세,경상
2021012900100474,2021년 1월 29일 19시,금요일,충청북도 청주시 서원구 산남동,중상사고,0,1,0,0,차대차 - 측면충돌,안전운전불이행,건조,맑음,교차로 - 교차로부근,승용,여,33세,상해없음,이륜,남,41세,중상
2021012900100508,2021년 1월 29일 20시,금요일,충청북도 청주시 상당구 용담동,경상사고,0,0,2,0,차대차 - 측면충돌,안전운전불이행,건조,맑음,단일로 - 기타,승용,남,24세,경상,승합,남,36세,경상
2021012900100553,2021년 1월 29일 21시,금요일,충청북도 청주시 흥덕구 가경동,경상사고,0,0,2,0,차대차 - 추돌,안전운전불이행,건조,맑음,교차로 - 교차로부근,승합,남,39세,상해없음,승용,남,27세,경상
2021012900100554,2021년 1월 29일 21시,금요일,충청북도 청주시 서원구 산남동,경상사고,0,0,1,0,차대차 - 측면충돌,안전운전불이행,건조,맑음,단일로 - 지하차도(도로)내,화물,남,59세,상해없음,이륜,남,18세,경상
2021013000100005,2021년 1월 30일 00시,토요일,충청북도 청주시 청원구 오창읍,경상사고,0,0,1,0,차대차 - 추돌,안전운전불이행,건조,맑음,단일로 - 기타,승용,남,28세,상해없음,승용,남,33세,경상
2021013000100006,2021년 1월 30일 00시,토요일,충청북도 청주시 서원구 남이면,중상사고,0,2,0,0,차대차 - 측면충돌,안전운전불이행,건조,맑음,단일로 - 기타,특수,남,57세,중상,특수,남,53세,중상
2021013000100015,2021년 1월 30일 01시,토요일,충청북도 청주시 청원구 율량동,중상사고,0,1,0,0,차대차 - 추돌,안전운전불이행,건조,맑음,단일로 - 기타,화물,남,28세,상해없음,승용,여,49세,중상
2021013000100074,2021년 1월 30일 09시,토요일,충청북도 증평군 증평읍,사망사고,1,0,0,0,차대차 - 측면충돌,안전운전불이행,건조,맑음,교차로 - 교차로안,승합,남,67세,상해없음,이륜,남,80세,사망
2021013000100148,2021년 1월 30일 12시,토요일,충청북도 충주시 문화동,경상사고,0,0,1,0,차대차 - 측면충돌,기타,건조,맑음,교차로 - 교차로부근,승용,남,29세,상해없음,승용,여,45세,경상
2021013000100149,2021년 1월 30일 12시,토요일,충청북도 청주시 흥덕구 봉명동,경상사고,0,0,1,0,차대차 - 측면충돌,신호위반,건조,맑음,교차로 - 교차로안,화물,남,54세,상해없음,이륜,남,40세,경상
2021013000100222,2021년 1월 30일 14시,토요일,충청북도 청주시 청원구 내덕동,경상사고,0,0,1,0,차대차 - 측면충돌,교차로운행방법위반,건조,맑음,교차로 - 교차로안,승용,남,49세,상해없음,승용,여,31세,경상
2021013000100270,2021년 1월 30일 15시,토요일,충청북도 진천군 진천읍,경상사고,0,0,1,0,차대차 - 기타,신호위반,건조,맑음,교차로 - 교차로안,승용,남,58세,상해없음,승용,남,47세,상해없음
2021013000100306,2021년 1월 30일 16시,토요일,충청북도 청주시 청원구 우암동,경상사고,0,0,1,0,차대차 - 측면충돌,안전거리미확보,건조,맑음,교차로 - 교차로안,승용,남,49세,상해없음,승용,남,38세,경상
2021013000100417,2021년 1월 30일 19시,토요일,충청북도 음성군 생극면,경상사고,0,0,1,0,차량단독 - 도로외이탈 - 추락,안전운전불이행,건조,맑음,단일로 - 기타,화물,여,58세,경상,,,,
2021013000100418,2021년 1월 30일 19시,토요일,충청북도 청주시 서원구 개신동,경상사고,0,0,1,0,차대차 - 측면충돌,직진우회전진행방해,건조,맑음,교차로 - 교차로안,화물,남,36세,상해없음,이륜,남,27세,경상
2021013000100419,2021년 1월 30일 19시,토요일,충청북도 청주시 서원구 수곡동,경상사고,0,0,4,0,차대차 - 측면충돌,안전운전불이행,건조,맑음,단일로 - 지하차도(도로)내,화물,남,53세,상해없음,승용,남,23세,경상
2021013000100458,2021년 1월 30일 20시,토요일,충청북도 음성군 대소면,중상사고,0,1,4,0,차대차 - 측면충돌,신호위반,건조,맑음,교차로 - 교차로안,화물,남,53세,상해없음,승용,남,24세,중상
2021013000100459,2021년 1월 30일 20시,토요일,충청북도 청주시 흥덕구 가경동,경상사고,0,0,3,0,차대차 - 측면충돌,신호위반,건조,맑음,교차로 - 교차로안,이륜,남,56세,경상,승용,남,44세,경상
2021013000100511,2021년 1월 30일 21시,토요일,충청북도 청주시 흥덕구 복대동,경상사고,0,0,1,0,차대차 - 측면충돌,안전운전불이행,건조,맑음,교차로 - 교차로안,승용,남,67세,상해없음,이륜,남,36세,경상
2021013100100050,2021년 1월 31일 08시,일요일,충청북도 충주시 중앙탑면,경상사고,0,0,2,0,차대차 - 기타,기타,건조,맑음,단일로 - 교량,승용,남,84세,상해없음,승용,여,27세,경상
2021013100100070,2021년 1월 31일 10시,일요일,충청북도 진천군 진천읍,경상사고,0,0,2,0,차대차 - 측면충돌,신호위반,건조,맑음,교차로 - 교차로안,승용,여,33세,상해없음,승용,남,60세,경상
2021013100100092,2021년 1월 31일 11시,일요일,충청북도 청주시 흥덕구 봉명동,중상사고,0,1,1,0,차대차 - 측면충돌,직진우회전진행방해,건조,맑음,교차로 - 교차로안,승용,남,25세,경상,승용,남,51세,중상
2021013100100108,2021년 1월 31일 12시,일요일,충청북도 충주시 용산동,경상사고,0,0,2,0,차대차 - 정면충돌,중앙선침범,건조,맑음,단일로 - 기타,승용,남,28세,기타불명,승용,여,43세,경상
2021013100100109,2021년 1월 31일 12시,일요일,충청북도 음성군 맹동면,중상사고,0,1,1,0,차대차 - 측면충돌,신호위반,건조,맑음,교차로 - 교차로안,승용,남,25세,상해없음,승용,여,69세,중상
2021013100100184,2021년 1월 31일 15시,일요일,충청북도 제천시 강제동,경상사고,0,0,1,0,차대차 - 측면충돌,차로위반,건조,맑음,단일로 - 기타,화물,남,64세,상해없음,승용,여,24세,경상
2021013100100210,2021년 1월 31일 16시,일요일,충청북도 충주시 엄정면,중상사고,0,1,0,0,차대차 - 기타,직진우회전진행방해,건조,맑음,교차로 - 교차로안,화물,남,59세,상해없음,자전거,남,98세 이상,중상
2021013100100211,2021년 1월 31일 16시,일요일,충청북도 영동군 양산면,경상사고,0,0,1,0,차대차 - 측면충돌,안전운전불이행,건조,맑음,단일로 - 기타,화물,남,52세,상해없음,원동기,남,81세,경상
2021013100100271,2021년 1월 31일 18시,일요일,충청북도 영동군 영동읍,중상사고,0,1,0,0,차대차 - 측면충돌,안전운전불이행,건조,맑음,단일로 - 기타,승용,남,65세,상해없음,승용,여,30세,중상
2021013100100353,2021년 1월 31일 21시,일요일,충청북도 청주시 흥덕구 봉명동,경상사고,0,0,1,0,차대차 - 추돌,안전운전불이행,건조,맑음,단일로 - 기타,승용,여,42세,상해없음,승용,남,27세,경상
2021013100100368,2021년 1월 31일 22시,일요일,충청북도 청주시 상당구 용암동,중상사고,0,1,3,0,차대사람 - 기타,기타,건조,맑음,교차로 - 교차로부근,이륜,남,17세,경상,보행자,여,24세,중상
2021013100100379,2021년 1월 31일 23시,일요일,충청북도 청주시 흥덕구 복대동,경상사고,0,0,1,0,차대차 - 측면충돌,직진우회전진행방해,건조,맑음,교차로 - 교차로안,승용,여,58세,상해없음,승용,남,49세,경상
2021020100100053,2021년 2월 1일 07시,월요일,충청북도 진천군 진천읍,중상사고,0,1,0,0,차대차 - 측면충돌,안전운전불이행,건조,맑음,단일로 - 기타,승용,여,25세,상해없음,승용,남,22세,중상
2021020100100108,2021년 2월 1일 09시,월요일,충청북도 청주시 흥덕구 가경동,경상사고,0,0,1,0,차대차 - 추돌,안전거리미확보,건조,맑음,교차로 - 교차로부근,화물,남,23세,기타불명,승용,여,40세,경상
2021020100100123,2021년 2월 1일 10시,월요일,충청북도 진천군 진천읍,경상사고,0,0,2,0,차대차 - 측면충돌,교차로운행방법위반,건조,맑음,교차로 - 교차로안,승용,여,61세,경상,특수,남,45세,경상
2021020100100200,2021년 2월 1일 13시,월요일,충청북도 청주시 청원구 주중동,경상사고,0,0,2,0,차대차 - 기타,신호위반,건조,맑음,교차로 - 교차로안,승용,여,66세,상해없음,승용,남,52세,경상
2021020100100201,2021년 2월 1일 13시,월요일,충청북도 괴산군 사리면,경상사고,0,0,1,0,차대차 - 정면충돌,신호위반,건조,맑음,단일로 - 기타,승용,남,61세,상해없음,화물,남,62세,경상
2021020100100202,2021년 2월 1일 13시,월요일,충청북도 청주시 흥덕구 비하동,경상사고,0,0,2,0,차대차 - 측면충돌,신호위반,건조,맑음,교차로 - 교차로안,승용,남,70세,기타불명,승용,여,37세,경상
2021020100100222,2021년 2월 1일 14시,월요일,충청북도 청주시 청원구 내덕동,중상사고,0,1,0,0,차대사람 - 보도통행중,보행자보호의무위반,건조,맑음,교차로 - 교차로횡단보도내,승용,여,30세,상해없음,보행자,여,73세,중상
2021020100100246,2021년 2월 1일 15시,월요일,충청북도 충주시 교현동,중상사고,0,1,0,0,차대차 - 측면충돌,안전운전불이행,건조,맑음,단일로 - 기타,승용,남,76세,상해없음,승용,여,47세,중상
2021020100100273,2021년 2월 1일 16시,월요일,충청북도 청주시 청원구 북이면,경상사고,0,0,1,0,차대차 - 후진중충돌,안전운전불이행,건조,맑음,교차로 - 교차로안,승용,남,76세,상해없음,화물,남,29세,경상
2021020100100299,2021년 2월 1일 17시,월요일,충청북도 청주시 청원구 율량동,경상사고,0,0,2,0,차대차 - 후진중충돌,안전운전불이행,건조,맑음,단일로 - 기타,승용,남,57세,기타불명,승용,여,43세,경상
2021020100100300,2021년 2월 1일 17시,월요일,충청북도 청주시 상당구 지북동,경상사고,0,0,1,0,차대차 - 측면충돌,안전운전불이행,건조,맑음,교차로 - 교차로안,승용,남,34세,상해없음,승용,남,48세,경상
2021020100100345,2021년 2월 1일 18시,월요일,충청북도 청주시 흥덕구 강서동,경상사고,0,0,1,0,차대차 - 측면충돌,직진우회전진행방해,건조,맑음,교차로 - 교차로안,승용,여,24세,상해없음,승용,여,60세,경상
2021020100100346,2021년 2월 1일 18시,월요일,충청북도 청주시 청원구 정상동,중상사고,0,3,1,0,차대차 - 측면충돌,직진우회전진행방해,건조,맑음,교차로 - 교차로안,승용,여,22세,경상,승용,여,50세,중상
2021020100100347,2021년 2월 1일 18시,월요일,충청북도 청주시 상당구 지북동,중상사고,0,1,0,0,차대사람 - 기타,안전운전불이행,건조,맑음,단일로 - 기타,승용,여,24세,상해없음,보행자,여,66세,중상
2021020100100397,2021년 2월 1일 19시,월요일,충청북도 청주시 청원구 우암동,경상사고,0,0,2,0,차대차 - 후진중충돌,안전운전불이행,건조,맑음,교차로 - 교차로횡단보도내,승용,남,65세,상해없음,승용,여,28세,경상
2021020100100398,2021년 2월 1일 19시,월요일,충청북도 진천군 진천읍,중상사고,0,1,1,0,차대차 - 측면충돌,교차로운행방법위반,건조,맑음,교차로 - 교차로안,승용,남,66세,상해없음,승용,남,22세,중상
2021020100100438,2021년 2월 1일 20시,월요일,충청북도 증평군 증평읍,중상사고,0,1,0,0,차대차 - 정면충돌,신호위반,건조,맑음,교차로 - 교차로부근,이륜,남,40세,중상,승용,남,58세,상해없음
2021020100100470,2021년 2월 1일 21시,월요일,충청북도 음성군 금왕읍,경상사고,0,0,1,0,차대차 - 측면충돌,교차로운행방법위반,건조,맑음,교차로 - 교차로안,승용,여,46세,경상,승용,남,55세,상해없음
2021020100100498,2021년 2월 1일 22시,월요일,충청북도 단양군 매포읍,중상사고,0,1,1,0,차대차 - 측면충돌,안전운전불이행,건조,맑음,교차로 - 교차로안,승용,남,36세,경상,화물,남,59세,중상
2021020200100015,2021년 2월 2일 03시,화요일,충청북도 증평군 증평읍,경상사고,0,0,1,0,차대차 - 측면충돌,안전운전불이행,건조,맑음,교차로 - 교차로부근,사륜오토바이(ATV),남,72세,경상,승용,남,46세,상해없음
2021020200100034,2021년 2월 2일 07시,화요일,충청북도 청주시 청원구 오창읍,경상사고,0,0,1,0,차대차 - 측면충돌,신호위반,건조,맑음,교차로 - 교차로안,승용,남,63세,상해없음,승용,여,40세,경상
2021020200100062,2021년 2월 2일 08시,화요일,충청북도 충주시 교현동,경상사고,0,0,1,0,차대차 - 추돌,안전운전불이행,건조,맑음,단일로 - 기타,승용,남,58세,상해없음,승용,여,54세,경상
2021020200100063,2021년 2월 2일 08시,화요일,충청북도 진천군 덕산읍,중상사고,0,1,0,0,차대차 - 추돌,안전운전불이행,건조,맑음,단일로 - 기타,화물,남,55세,상해없음,승용,여,48세,중상
2021020200100087,2021년 2월 2일 09시,화요일,충청북도 충주시 달천동,중상사고,0,2,0,0,차대차 - 정면충돌,신호위반,건조,맑음,교차로 - 교차로안,승용,남,44세,중상,승용,남,55세,중상
2021020200100088,2021년 2월 2일 09시,화요일,충청북도 진천군 덕산읍,경상사고,0,0,1,0,차대차 - 추돌,안전운전불이행,건조,기타,단일로 - 기타,화물,남,80세,상해없음,승용,여,38세,경상
2021020200100175,2021년 2월 2일 12시,화요일,충청북도 청주시 흥덕구 복대동,부상신고사고,0,0,0,1,차대차 - 측면충돌,안전운전불이행,건조,맑음,단일로 - 기타,승용,여,40세,상해없음,자전거,여,64세,부상신고
2021020200100194,2021년 2월 2일 13시,화요일,충청북도 충주시 칠금동,중상사고,0,1,0,0,차대사람 - 횡단중,안전운전불이행,건조,맑음,단일로 - 기타,승용,여,42세,상해없음,보행자,남,79세,중상
2021020200100195,2021년 2월 2일 13시,화요일,충청북도 청주시 상당구 서문동,경상사고,0,0,1,0,차대차 - 추돌,안전운전불이행,건조,맑음,교차로 - 교차로부근,승용,여,55세,상해없음,승용,여,31세,경상
2021020200100225,2021년 2월 2일 14시,화요일,충청북도 청주시 상당구 서운동,경상사고,0,0,1,0,차량단독 - 기타,안전운전불이행,건조,맑음,단일로 - 지하차도(도로)내,이륜,남,30세,경상,,,,
2021020200100324,2021년 2월 2일 17시,화요일,충청북도 충주시 교현동,경상사고,0,0,1,0,차대사람 - 기타,신호위반,건조,맑음,교차로 - 교차로횡단보도내,승용,남,78세,상해없음,보행자,남,38세,경상
2021020200100325,2021년 2월 2일 17시,화요일,충청북도 옥천군 이원면,중상사고,0,2,0,0,차대차 - 추돌,안전운전불이행,건조,맑음,교차로 - 교차로부근,화물,남,61세,상해없음,승용,남,82세,중상
2021020200100326,2021년 2월 2일 17시,화요일,충청북도 진천군 진천읍,경상사고,0,0,1,0,차대차 - 측면충돌,중앙선침범,건조,맑음,교차로 - 교차로안,승합,남,62세,상해없음,원동기,남,50세,경상
2021020200100365,2021년 2월 2일 18시,화요일,충청북도 청주시 흥덕구 봉명동,경상사고,0,0,1,0,차대차 - 측면충돌,불법유턴,건조,맑음,교차로 - 교차로안,승용,남,34세,상해없음,원동기,남,29세,경상
2021020200100395,2021년 2월 2일 19시,화요일,충청북도 음성군 맹동면,경상사고,0,0,1,0,차대차 - 측면충돌,교차로운행방법위반,건조,맑음,교차로 - 교차로부근,승용,여,63세,상해없음,승용,여,45세,경상
2021020200100466,2021년 2월 2일 21시,화요일,충청북도 충주시 종민동,중상사고,0,2,1,0,차량단독 - 공작물충돌,안전운전불이행,건조,맑음,단일로 - 기타,승용,남,19세,경상,,,,
2021020200100467,2021년 2월 2일 21시,화요일,충청북도 청주시 흥덕구 외북동,경상사고,0,0,1,0,차대차 - 추돌,안전운전불이행,서리/결빙,흐림,교차로 - 교차로부근,승용,남,35세,상해없음,승용,남,30세,경상
2021020300100063,2021년 2월 3일 08시,수요일,충청북도 청주시 청원구 오창읍,경상사고,0,0,2,0,차대차 - 측면충돌,안전거리미확보,건조,맑음,단일로 - 기타,승용,남,52세,상해없음,승용,여,50세,경상
2021020300100122,2021년 2월 3일 10시,수요일,충청북도 청주시 청원구 내덕동,경상사고,0,0,1,0,차대차 - 측면충돌,안전운전불이행,건조,맑음,교차로 - 교차로안,승용,남,29세,상해없음,승용,여,51세,경상
2021020300100205,2021년 2월 3일 13시,수요일,충청북도 청주시 상당구 용암동,경상사고,0,0,1,0,차대차 - 측면충돌,안전운전불이행,건조,맑음,교차로 - 교차로안,화물,남,68세,기타불명,승용,남,38세,경상
2021020300100233,2021년 2월 3일 14시,수요일,충청북도 음성군 음성읍,경상사고,0,0,1,0,차대차 - 측면충돌,기타,건조,맑음,단일로 - 지하차도(도로)내,승용,남,36세,경상,화물,남,57세,상해없음
2021020300100269,2021년 2월 3일 15시,수요일,충청북도 청주시 흥덕구 신봉동,중상사고,0,1,0,0,차대차 - 추돌,불법유턴,건조,맑음,단일로 - 기타,화물,남,42세,상해없음,승용,남,57세,중상
2021020300100270,2021년 2월 3일 15시,수요일,충청북도 청주시 상당구 금천동,경상사고,0,0,2,0,차대차 - 추돌,안전거리미확보,건조,맑음,교차로 - 교차로안,승용,여,33세,경상,승용,여,55세,경상
2021020300100316,2021년 2월 3일 16시,수요일,충청북도 진천군 진천읍,경상사고,0,0,1,0,차대차 - 측면충돌,신호위반,건조,맑음,교차로 - 교차로안,승용,여,72세,상해없음,승용,여,56세,경상
2021020300100347,2021년 2월 3일 17시,수요일,충청북도 청주시 청원구 오창읍,경상사고,0,0,2,0,차대차 - 정면충돌,신호위반,건조,맑음,교차로 - 교차로부근,승용,여,63세,상해없음,승용,남,29세,경상
2021020300100348,2021년 2월 3일 17시,수요일,충청북도 충주시 교현동,경상사고,0,0,1,0,차대차 - 기타,교차로운행방법위반,건조,맑음,교차로 - 교차로부근,승용,남,53세,상해없음,승용,남,62세,경상