사고번호,사고일시,요일,시군구,사고내용,사망자수,중상자수,경상자수,부상신고자수,사고유형,법규위반,노면상태,기상상태,도로형태,가해운전자 차종,가해운전자 성별,가해운전자 연령,가해운전자 상해정도,피해운전자 차종,피해운전자 성별,피해운전자 연령,피해운전자 상해정도
2021020300100349,2021년 2월 3일 17시,수요일,충청북도 제천시 장락동,경상사고,0,0,1,0,차대사람 - 횡단중,보행자보호의무위반,건조,맑음,교차로 - 교차로안,승용,남,51세,상해없음,보행자,여,10세,경상
2021020300100403,2021년 2월 3일 18시,수요일,충청북도 보은군 속리산면,경상사고,0,0,1,0,차대사람 - 보도통행중,안전운전불이행,건조,맑음,단일로 - 기타,승용,남,33세,기타불명,보행자,여,78세,경상
2021020300100452,2021년 2월 3일 19시,수요일,충청북도 청주시 서원구 모충동,경상사고,0,0,2,0,차대차 - 추돌,안전운전불이행,건조,흐림,교차로 - 교차로부근,승용,남,64세,상해없음,승용,여,47세,경상
2021020300100520,2021년 2월 3일 21시,수요일,충청북도 청주시 청원구 오창읍,경상사고,0,0,3,0,차대차 - 후진중충돌,안전운전불이행,건조,맑음,교차로 - 교차로부근,승용,남,59세,상해없음,승용,여,25세,경상
2021020400100008,2021년 2월 4일 00시,목요일,충청북도 충주시 중앙탑면,경상사고,0,0,1,1,차대차 - 정면충돌,중앙선침범,적설,눈,단일로 - 기타,승용,남,23세,부상신고,승용,남,27세,경상
2021020400100009,2021년 2월 4일 00시,목요일,충청북도 청주시 흥덕구 신촌동,경상사고,0,0,1,0,차량단독 - 도로외이탈 - 기타,안전운전불이행,건조,맑음,교차로 - 교차로부근,승용,남,30세,경상,,,,
2021020400100012,2021년 2월 4일 02시,목요일,충청북도 충주시 연수동,경상사고,0,0,3,0,차대차 - 측면충돌,신호위반,적설,눈,교차로 - 교차로안,승용,남,34세,경상,승용,여,22세,경상
2021020400100013,2021년 2월 4일 02시,목요일,충청북도 증평군 증평읍,경상사고,0,0,1,0,차대사람 - 보도통행중,안전운전불이행,젖음/습기,흐림,교차로 - 교차로안,승용,남,64세,상해없음,보행자,남,38세,경상
2021020400100049,2021년 2월 4일 07시,목요일,충청북도 청주시 서원구 개신동,경상사고,0,0,1,0,차대차 - 추돌,안전운전불이행,건조,맑음,단일로 - 기타,승용,남,63세,상해없음,승합,남,53세,상해없음
2021020400100050,2021년 2월 4일 07시,목요일,충청북도 청주시 흥덕구 강서동,경상사고,0,0,2,0,차대차 - 추돌,안전운전불이행,서리/결빙,맑음,교차로 - 교차로안,승용,여,61세,상해없음,승용,남,60세,경상
2021020400100085,2021년 2월 4일 08시,목요일,충청북도 청주시 청원구 오창읍,경상사고,0,0,2,0,차대차 - 추돌,신호위반,건조,맑음,교차로 - 교차로안,승용,여,57세,경상,승용,남,29세,경상
2021020400100086,2021년 2월 4일 08시,목요일,충청북도 충주시 달천동,중상사고,0,2,0,0,차대차 - 추돌,안전운전불이행,서리/결빙,눈,교차로 - 교차로안,승용,여,47세,중상,승용,남,51세,상해없음
2021020400100270,2021년 2월 4일 13시,목요일,충청북도 증평군 증평읍,경상사고,0,0,1,0,차대차 - 측면충돌,안전운전불이행,건조,맑음,교차로 - 교차로안,화물,남,68세,상해없음,승용,남,46세,경상
2021020400100271,2021년 2월 4일 13시,목요일,충청북도 진천군 광혜원면,경상사고,0,0,1,0,차대차 - 측면충돌,안전운전불이행,적설,맑음,기타 - 기타,화물,남,36세,상해없음,승용,남,42세,경상
2021020400100310,2021년 2월 4일 14시,목요일,충청북도 청주시 청원구 오동동,중상사고,0,2,0,0,차대차 - 측면충돌,안전운전불이행,건조,맑음,교차로 - 교차로부근,승용,여,44세,상해없음,승용,남,63세,중상
2021020400100311,2021년 2월 4일 14시,목요일,충청북도 제천시 중앙로2가,경상사고,0,0,1,0,차대차 - 측면충돌,직진우회전진행방해,건조,맑음,교차로 - 교차로안,승용,남,59세,상해없음,승용,여,50세,경상
2021020400100343,2021년 2월 4일 15시,목요일,충청북도 충주시 용산동,중상사고,0,1,1,0,차대차 - 측면충돌,직진우회전진행방해,건조,맑음,교차로 - 교차로안,승용,여,66세,경상,승용,여,60세,중상
2021020400100387,2021년 2월 4일 16시,목요일,충청북도 청주시 흥덕구 가경동,경상사고,0,0,1,0,차대차 - 기타,안전운전불이행,건조,맑음,기타 - 기타,승용,남,33세,상해없음,승용,여,39세,경상
2021020400100388,2021년 2월 4일 16시,목요일,충청북도 청주시 서원구 수곡동,부상신고사고,0,0,0,1,차대사람 - 길가장자리구역통행중,안전운전불이행,건조,맑음,교차로 - 교차로안,화물,남,61세,상해없음,보행자,여,76세,부상신고
2021020400100432,2021년 2월 4일 17시,목요일,충청북도 충주시 대소원면,중상사고,0,1,6,0,차대차 - 기타,안전운전불이행,건조,맑음,교차로 - 교차로부근,승용,남,30세,상해없음,승합,남,65세,경상
2021020400100502,2021년 2월 4일 19시,목요일,충청북도 진천군 덕산읍,중상사고,0,1,0,0,차대차 - 측면충돌,직진우회전진행방해,건조,맑음,교차로 - 교차로안,승합,남,43세,상해없음,승용,남,37세,중상
2021020400100573,2021년 2월 4일 21시,목요일,충청북도 진천군 덕산읍,경상사고,0,0,1,0,차량단독 - 공작물충돌,안전운전불이행,건조,맑음,단일로 - 지하차도(도로)내,화물,남,35세,상해없음,,,,
2021020400100625,2021년 2월 4일 23시,목요일,충청북도 청주시 청원구 내덕동,경상사고,0,0,2,0,차대차 - 추돌,안전운전불이행,기타,흐림,교차로 - 교차로부근,승용,여,30세,상해없음,승용,남,60세,경상
2021020500100003,2021년 2월 5일 00시,금요일,충청북도 청주시 청원구 우암동,경상사고,0,0,1,0,차대차 - 측면충돌,안전운전불이행,건조,맑음,교차로 - 교차로부근,화물,남,54세,기타불명,승용,남,36세,경상
2021020500100009,2021년 2월 5일 02시,금요일,충청북도 청주시 청원구 오동동,경상사고,0,0,1,0,차대차 - 추돌,안전운전불이행,건조,맑음,단일로 - 기타,승용,남,27세,상해없음,승용,남,42세,경상
2021020500100013,2021년 2월 5일 05시,금요일,충청북도 증평군 증평읍,중상사고,0,1,0,0,차대차 - 측면충돌,신호위반,건조,맑음,교차로 - 교차로안,승용,여,64세,상해없음,승용,남,44세,중상
2021020500100028,2021년 2월 5일 06시,금요일,충청북도 제천시 의림동,경상사고,0,0,1,0,차대차 - 추돌,안전운전불이행,건조,맑음,교차로 - 교차로부근,승용,남,29세,상해없음,승용,여,47세,경상
2021020500100029,2021년 2월 5일 06시,금요일,충청북도 청주시 서원구 장암동,경상사고,0,0,3,0,차대차 - 추돌,안전운전불이행,젖음/습기,흐림,단일로 - 지하차도(도로)내,화물,남,41세,경상,건설기계,남,61세,경상
2021020500100042,2021년 2월 5일 07시,금요일,충청북도 충주시 중앙탑면,경상사고,0,0,1,0,차대차 - 측면충돌,안전운전불이행,건조,흐림,단일로 - 기타,승용,남,72세,상해없음,승용,남,57세,경상
2021020500100095,2021년 2월 5일 09시,금요일,충청북도 충주시 교현동,중상사고,0,1,1,0,차대차 - 측면충돌,직진우회전진행방해,건조,맑음,교차로 - 교차로안,승용,남,28세,경상,승용,여,48세,중상
2021020500100112,2021년 2월 5일 10시,금요일,충청북도 증평군 증평읍,경상사고,0,0,1,0,차대사람 - 기타,안전운전불이행,건조,맑음,교차로 - 교차로안,승용,여,58세,상해없음,보행자,여,77세,경상
2021020500100113,2021년 2월 5일 10시,금요일,충청북도 진천군 이월면,중상사고,0,1,1,0,차대차 - 추돌,안전운전불이행,건조,맑음,단일로 - 기타,승합,남,52세,상해없음,화물,남,54세,경상
2021020500100138,2021년 2월 5일 11시,금요일,충청북도 청주시 청원구 사천동,중상사고,0,1,0,0,차대차 - 기타,안전운전불이행,건조,맑음,단일로 - 기타,이륜,남,55세,중상,특수,남,46세,기타불명
2021020500100139,2021년 2월 5일 11시,금요일,충청북도 청주시 상당구 북문로2가,중상사고,0,1,0,0,차대차 - 추돌,안전운전불이행,건조,맑음,교차로 - 교차로부근,승용,남,83세,상해없음,승용,여,40세,중상
2021020500100140,2021년 2월 5일 11시,금요일,충청북도 충주시 목행동,중상사고,0,1,0,0,차량단독 - 기타,안전운전불이행,건조,맑음,단일로 - 기타,자전거,남,58세,중상,,,,
2021020500100141,2021년 2월 5일 11시,금요일,충청북도 청주시 흥덕구 봉명동,경상사고,0,0,1,0,차대사람 - 기타,안전운전불이행,건조,맑음,단일로 - 기타,승용,남,45세,상해없음,보행자,남,34세,경상
2021020500100178,2021년 2월 5일 12시,금요일,충청북도 청주시 서원구 사창동,경상사고,0,0,1,0,차대차 - 측면충돌,안전운전불이행,건조,맑음,교차로 - 교차로부근,승용,남,71세,상해없음,승용,남,25세,경상
2021020500100220,2021년 2월 5일 13시,금요일,충청북도 영동군 영동읍,경상사고,0,0,1,0,차대차 - 측면충돌,직진우회전진행방해,건조,맑음,교차로 - 교차로안,승용,여,43세,상해없음,승용,여,56세,경상
2021020500100221,2021년 2월 5일 13시,금요일,충청북도 청주시 흥덕구 봉명동,경상사고,0,0,3,0,차대차 - 측면충돌,교차로운행방법위반,건조,맑음,교차로 - 교차로안,승용,남,22세,경상,승용,남,50세,경상
2021020500100268,2021년 2월 5일 14시,금요일,충청북도 청주시 상당구 석교동,경상사고,0,0,2,0,차대차 - 추돌,안전운전불이행,건조,맑음,단일로 - 기타,이륜,남,67세,경상,화물,남,32세,경상
2021020500100302,2021년 2월 5일 15시,금요일,충청북도 제천시 중앙로2가,경상사고,0,0,1,0,차대차 - 기타,안전거리미확보,젖음/습기,맑음,단일로 - 기타,이륜,남,40세,경상,승용,남,56세,상해없음
2021020500100339,2021년 2월 5일 16시,금요일,충청북도 충주시 주덕읍,경상사고,0,0,1,0,차대차 - 추돌,안전운전불이행,건조,흐림,교차로 - 교차로부근,승용,남,50세,상해없음,승용,남,43세,경상
2021020500100340,2021년 2월 5일 16시,금요일,충청북도 청주시 흥덕구 강서동,경상사고,0,0,1,0,차대차 - 측면충돌,교차로운행방법위반,건조,맑음,교차로 - 교차로안,승용,남,51세,상해없음,승용,남,78세,경상
2021020500100394,2021년 2월 5일 17시,금요일,충청북도 청주시 청원구 오창읍,중상사고,0,1,0,0,차대차 - 측면충돌,신호위반,건조,맑음,교차로 - 교차로횡단보도내,승용,남,34세,상해없음,자전거,여,61세,중상
2021020500100395,2021년 2월 5일 17시,금요일,충청북도 충주시 앙성면,중상사고,0,1,1,1,차대차 - 추돌,안전운전불이행,건조,맑음,단일로 - 기타,화물,남,58세,부상신고,화물,남,68세,중상
2021020500100446,2021년 2월 5일 18시,금요일,충청북도 괴산군 청안면,중상사고,0,1,1,0,차대차 - 추돌,안전운전불이행,건조,맑음,단일로 - 기타,승용,남,32세,상해없음,농기계,남,73세,중상
2021020500100447,2021년 2월 5일 18시,금요일,충청북도 진천군 진천읍,경상사고,0,0,1,0,차대차 - 측면충돌,안전운전불이행,기타,맑음,주차장 - 주차장,승용,남,52세,상해없음,이륜,남,24세,경상
2021020500100512,2021년 2월 5일 19시,금요일,충청북도 진천군 진천읍,경상사고,0,0,1,0,차대차 - 측면충돌,안전운전불이행,건조,맑음,교차로 - 교차로부근,승용,여,53세,상해없음,승합,남,54세,경상
2021020500100513,2021년 2월 5일 19시,금요일,충청북도 청주시 상당구 용암동,경상사고,0,0,2,0,차대차 - 측면충돌,안전운전불이행,건조,맑음,단일로 - 지하차도(도로)내,승용,남,49세,상해없음,원동기,남,45세,경상
2021020500100555,2021년 2월 5일 20시,금요일,충청북도 음성군 대소면,중상사고,0,1,0,0,차량단독 - 공작물충돌,안전운전불이행,건조,맑음,교차로 - 교차로안,승용,여,46세,상해없음,,,,
2021020500100605,2021년 2월 5일 21시,금요일,충청북도 충주시 교현동,경상사고,0,0,1,0,차대사람 - 횡단중,보행자보호의무위반,건조,맑음,교차로 - 교차로부근,승용,남,38세,상해없음,보행자,여,49세,경상
2021020500100606,2021년 2월 5일 21시,금요일,충청북도 충주시 연수동,중상사고,0,1,2,0,차대차 - 기타,신호위반,건조,맑음,교차로 - 교차로안,승용,여,62세,기타불명,승용,남,55세,경상
2021020500100654,2021년 2월 5일 23시,금요일,충청북도 청주시 서원구 현도면,경상사고,0,0,1,0,차대차 - 측면충돌,중앙선침범,건조,맑음,단일로 - 기타,승용,남,24세,상해없음,승용,남,21세,경상
2021020600100007,2021년 2월 6일 00시,토요일,충청북도 청주시 청원구 북이면,경상사고,0,0,1,0,차대차 - 측면충돌,안전운전불이행,건조,맑음,단일로 - 기타,승용,남,29세,상해없음,승용,여,34세,경상
2021020600100028,2021년 2월 6일 05시,토요일,충청북도 청주시 상당구 방서동,중상사고,0,2,0,0,차대차 - 측면충돌,신호위반,건조,맑음,교차로 - 교차로안,승용,여,58세,중상,승용,남,51세,중상
2021020600100067,2021년 2월 6일 09시,토요일,충청북도 청주시 서원구 모충동,경상사고,0,0,1,0,차대차 - 측면충돌,안전운전불이행,건조,맑음,단일로 - 지하차도(도로)내,화물,남,57세,상해없음,이륜,남,65세,경상
2021020600100082,2021년 2월 6일 10시,토요일,충청북도 음성군 맹동면,경상사고,0,0,1,0,차대차 - 추돌,교차로운행방법위반,건조,맑음,교차로 - 교차로부근,승용,여,59세,상해없음,승용,여,42세,경상
2021020600100108,2021년 2월 6일 11시,토요일,충청북도 증평군 증평읍,경상사고,0,0,1,0,차대차 - 측면충돌,안전운전불이행,건조,맑음,교차로 - 교차로안,자전거,남,86세,경상,승용,남,72세,상해없음
2021020600100185,2021년 2월 6일 13시,토요일,충청북도 괴산군 괴산읍,중상사고,0,1,1,0,차대차 - 추돌,안전거리미확보,건조,맑음,단일로 - 기타,이륜,여,49세,경상,이륜,남,28세,중상
2021020600100219,2021년 2월 6일 14시,토요일,충청북도 제천시 청전동,경상사고,0,0,1,0,차대차 - 후진중충돌,안전운전불이행,건조,맑음,교차로 - 교차로부근,승용,여,43세,상해없음,승용,여,43세,경상
2021020600100276,2021년 2월 6일 16시,토요일,충청북도 청주시 상당구 석교동,경상사고,0,0,2,0,차대차 - 측면충돌,안전운전불이행,건조,맑음,단일로 - 기타,승합,남,36세,상해없음,승용,남,45세,경상
2021020600100316,2021년 2월 6일 17시,토요일,충청북도 진천군 진천읍,중상사고,0,2,2,0,차대차 - 정면충돌,중앙선침범,건조,맑음,단일로 - 기타,승용,남,25세,상해없음,승용,남,20세,경상
2021020600100356,2021년 2월 6일 18시,토요일,충청북도 청주시 서원구 사직동,경상사고,0,0,1,0,차대차 - 측면충돌,안전거리미확보,건조,맑음,기타 - 기타,승용,남,22세,상해없음,승용,남,29세,경상
2021020600100394,2021년 2월 6일 19시,토요일,충청북도 충주시 금릉동,경상사고,0,0,1,0,차대차 - 기타,안전운전불이행,건조,맑음,교차로 - 교차로부근,기타불명,기타불명,미분류,기타불명,원동기,남,42세,경상
2021020600100395,2021년 2월 6일 19시,토요일,충청북도 음성군 금왕읍,경상사고,0,0,1,0,차대차 - 측면충돌,신호위반,건조,맑음,교차로 - 교차로안,승용,여,41세,상해없음,승용,남,25세,경상
2021020600100421,2021년 2월 6일 20시,토요일,충청북도 청주시 상당구 용암동,경상사고,0,0,2,0,차대차 - 측면충돌,안전운전불이행,건조,맑음,단일로 - 기타,이륜,남,43세,상해없음,승용,여,18세,경상
2021020600100463,2021년 2월 6일 21시,토요일,충청북도 청주시 서원구 사직동,경상사고,0,0,1,0,차대차 - 추돌,안전운전불이행,건조,맑음,교차로 - 교차로안,승용,여,29세,상해없음,승용,여,28세,경상
2021020600100464,2021년 2월 6일 21시,토요일,충청북도 제천시 청전동,경상사고,0,0,2,0,차대차 - 측면충돌,중앙선침범,건조,맑음,단일로 - 기타,승용,남,20세,상해없음,승용,남,31세,경상
2021020600100465,2021년 2월 6일 21시,토요일,충청북도 청주시 흥덕구 봉명동,경상사고,0,0,1,0,차대사람 - 기타,기타,건조,맑음,기타 - 기타,승용,남,24세,상해없음,보행자,여,53세,경상
2021020600100514,2021년 2월 6일 23시,토요일,충청북도 충주시 성내동,경상사고,0,0,1,0,차대차 - 정면충돌,신호위반,건조,흐림,단일로 - 기타,승용,남,59세,상해없음,승용,남,43세,경상
2021020700100008,2021년 2월 7일 00시,일요일,충청북도 청주시 청원구 우암동,경상사고,0,0,1,0,차대차 - 기타,교차로운행방법위반,서리/결빙,흐림,교차로 - 교차로부근,승용,남,62세,상해없음,이륜,남,40세,경상
2021020700100028,2021년 2월 7일 04시,일요일,충청북도 청주시 서원구 사직동,사망사고,1,0,0,0,차량단독 - 기타,안전운전불이행,젖음/습기,흐림,단일로 - 교량,이륜,남,26세,사망,,,,
2021020700100045,2021년 2월 7일 07시,일요일,충청북도 청주시 청원구 오창읍,경상사고,0,0,1,0,차대차 - 측면충돌,안전운전불이행,건조,맑음,단일로 - 기타,승용,남,29세,상해없음,승용,여,34세,경상
2021020700100046,2021년 2월 7일 07시,일요일,충청북도 청주시 청원구 오창읍,경상사고,0,0,1,0,차대차 - 측면충돌,신호위반,젖음/습기,안개,교차로 - 교차로안,승합,남,64세,상해없음,승용,남,29세,경상
2021020700100047,2021년 2월 7일 07시,일요일,충청북도 청주시 서원구 미평동,경상사고,0,0,3,0,차대차 - 측면충돌,교차로운행방법위반,건조,맑음,교차로 - 교차로안,화물,남,66세,경상,승용,여,24세,경상
2021020700100053,2021년 2월 7일 08시,일요일,충청북도 청주시 청원구 우암동,경상사고,0,0,1,0,차량단독 - 기타,안전운전불이행,건조,맑음,단일로 - 기타,원동기,남,60세,경상,,,,
2021020700100063,2021년 2월 7일 09시,일요일,충청북도 음성군 삼성면,경상사고,0,0,5,0,차대차 - 측면충돌,교차로운행방법위반,건조,맑음,교차로 - 교차로안,승용,여,39세,경상,승용,여,47세,경상
2021020700100064,2021년 2월 7일 09시,일요일,충청북도 청주시 청원구 오창읍,경상사고,0,0,1,0,차대차 - 측면충돌,안전거리미확보,건조,맑음,단일로 - 기타,화물,여,36세,상해없음,승용,남,33세,경상
2021020700100091,2021년 2월 7일 11시,일요일,충청북도 괴산군 소수면,경상사고,0,0,2,0,차대차 - 측면충돌,교차로운행방법위반,건조,맑음,교차로 - 교차로안,승용,남,83세,경상,승용,여,27세,경상
2021020700100092,2021년 2월 7일 11시,일요일,충청북도 진천군 문백면,경상사고,0,0,2,0,차대차 - 측면충돌,안전거리미확보,건조,맑음,단일로 - 기타,승용,여,43세,경상,승용,남,35세,경상
2021020700100106,2021년 2월 7일 12시,일요일,충청북도 청주시 상당구 남일면,경상사고,0,0,2,0,차대차 - 측면충돌,안전운전불이행,건조,맑음,단일로 - 지하차도(도로)내,승용,남,75세,상해없음,승용,여,23세,경상
2021020700100127,2021년 2월 7일 13시,일요일,충청북도 증평군 증평읍,경상사고,0,0,1,0,차대차 - 추돌,안전운전불이행,건조,맑음,교차로 - 교차로부근,승용,남,18세,상해없음,승용,남,48세,경상
2021020700100223,2021년 2월 7일 16시,일요일,충청북도 청주시 서원구 모충동,부상신고사고,0,0,0,1,차대차 - 측면충돌,안전운전불이행,건조,맑음,교차로 - 교차로부근,이륜,남,43세,부상신고,승용,남,69세,상해없음
2021020700100255,2021년 2월 7일 17시,일요일,충청북도 청주시 상당구 영운동,경상사고,0,0,1,0,차대사람 - 기타,안전운전불이행,건조,맑음,주차장 - 주차장,승용,여,33세,상해없음,보행자,남,34세,경상
2021020700100277,2021년 2월 7일 18시,일요일,충청북도 청주시 청원구 오창읍,중상사고,0,1,4,0,차대차 - 추돌,안전운전불이행,건조,맑음,교차로 - 교차로부근,화물,남,57세,경상,승용,남,53세,중상
2021020700100316,2021년 2월 7일 19시,일요일,충청북도 음성군 금왕읍,중상사고,0,1,0,0,차대차 - 측면충돌,안전운전불이행,건조,맑음,교차로 - 교차로안,화물,남,56세,상해없음,이륜,남,22세,중상
2021020700100317,2021년 2월 7일 19시,일요일,충청북도 청주시 서원구 남이면,경상사고,0,0,1,0,차대차 - 측면충돌,중앙선침범,건조,맑음,기타 - 기타,이륜,남,87세,경상,승용,남,67세,상해없음
2021020700100318,2021년 2월 7일 19시,일요일,충청북도 청주시 흥덕구 복대동,경상사고,0,0,1,0,차대차 - 측면충돌,안전거리미확보,건조,맑음,단일로 - 기타,승용,여,27세,상해없음,승용,남,32세,경상
2021020700100347,2021년 2월 7일 20시,일요일,충청북도 청주시 서원구 수곡동,경상사고,0,0,1,0,차대사람 - 기타,안전운전불이행,건조,맑음,단일로 - 기타,승용,여,48세,상해없음,보행자,남,70세,경상
2021020800100048,2021년 2월 8일 07시,월요일,충청북도 청주시 청원구 오창읍,중상사고,0,2,0,0,차대차 - 정면충돌,신호위반,건조,맑음,교차로 - 교차로안,승용,여,52세,중상,승용,남,32세,중상
2021020800100074,2021년 2월 8일 08시,월요일,충청북도 청주시 흥덕구 강내면,경상사고,0,0,1,0,차대차 - 기타,안전거리미확보,건조,맑음,단일로 - 기타,이륜,남,38세,경상,승용,여,35세,상해없음
2021020800100075,2021년 2월 8일 08시,월요일,충청북도 청주시 흥덕구 복대동,경상사고,0,0,1,0,차대차 - 측면충돌,직진우회전진행방해,건조,맑음,교차로 - 교차로안,승용,여,54세,상해없음,이륜,남,59세,경상
2021020800100076,2021년 2월 8일 08시,월요일,충청북도 청주시 흥덕구 복대동,경상사고,0,0,1,0,차대차 - 추돌,안전거리미확보,건조,맑음,교차로 - 교차로안,승용,남,65세,기타불명,승용,남,39세,경상
2021020800100121,2021년 2월 8일 09시,월요일,충청북도 충주시 성서동,경상사고,0,0,1,0,차대사람 - 기타,안전운전불이행,건조,맑음,교차로 - 교차로안,승용,여,39세,상해없음,보행자,여,76세,경상
2021020800100122,2021년 2월 8일 09시,월요일,충청북도 충주시 목행동,경상사고,0,0,3,0,차대차 - 추돌,안전운전불이행,건조,맑음,단일로 - 교량,화물,남,62세,상해없음,화물,남,48세,경상
2021020800100182,2021년 2월 8일 11시,월요일,충청북도 청주시 서원구 사창동,경상사고,0,0,1,0,차대차 - 측면충돌,안전운전불이행,건조,맑음,기타 - 기타,승용,남,76세,상해없음,승용,남,58세,상해없음
2021020800100221,2021년 2월 8일 12시,월요일,충청북도 충주시 달천동,사망사고,1,0,0,0,차대차 - 추돌,안전운전불이행,건조,맑음,단일로 - 기타,이륜,남,26세,사망,화물,남,45세,상해없음
2021020800100222,2021년 2월 8일 12시,월요일,충청북도 청주시 상당구 문의면,중상사고,0,1,0,0,차대차 - 측면충돌,신호위반,건조,맑음,교차로 - 교차로안,화물,남,72세,상해없음,승용,남,53세,중상
2021020800100270,2021년 2월 8일 13시,월요일,충청북도 청주시 청원구 사천동,경상사고,0,0,1,0,차대차 - 측면충돌,안전운전불이행,건조,맑음,단일로 - 기타,이륜,남,27세,경상,승용,남,66세,상해없음
2021020800100271,2021년 2월 8일 13시,월요일,충청북도 충주시 신니면,중상사고,0,3,0,0,차대차 - 측면충돌,신호위반,건조,맑음,교차로 - 교차로안,화물,남,71세,중상,화물,남,62세,중상
2021020800100272,2021년 2월 8일 13시,월요일,충청북도 제천시 교동,경상사고,0,0,2,0,차대차 - 추돌,안전운전불이행,건조,맑음,단일로 - 지하차도(도로)내,승용,남,67세,상해없음,승용,남,52세,경상
2021020800100273,2021년 2월 8일 13시,월요일,충청북도 진천군 광혜원면,중상사고,0,1,0,0,차대사람 - 기타,안전운전불이행,건조,맑음,기타 - 기타,승용,남,18세,상해없음,보행자,여,47세,중상
2021020800100274,2021년 2월 8일 13시,월요일,충청북도 진천군 진천읍,경상사고,0,0,1,0,차대차 - 추돌,안전운전불이행,건조,맑음,주차장 - 주차장,승용,남,59세,상해없음,승용,여,53세,경상
2021020800100387,2021년 2월 8일 16시,월요일,충청북도 청주시 상당구 수동,중상사고,0,1,0,0,차대차 - 측면충돌,교차로운행방법위반,건조,맑음,교차로 - 교차로안,승용,여,72세,상해없음,자전거,여,72세,중상
2021020800100388,2021년 2월 8일 16시,월요일,충청북도 청주시 청원구 내덕동,경상사고,0,0,1,0,차대차 - 기타,중앙선침범,건조,맑음,교차로 - 교차로부근,화물,남,65세,상해없음,승용,남,22세,경상
2021020800100389,2021년 2월 8일 16시,월요일,충청북도 진천군 문백면,경상사고,0,0,1,0,차대차 - 정면충돌,중앙선침범,기타,맑음,기타 - 기타,화물,남,58세,상해없음,승용,남,36세,경상
2021020800100390,2021년 2월 8일 16시,월요일,충청북도 청주시 흥덕구 복대동,경상사고,0,0,1,0,차대차 - 추돌,안전운전불이행,건조,맑음,단일로 - 기타,승용,남,63세,상해없음,승용,남,61세,경상
2021020800100433,2021년 2월 8일 17시,월요일,충청북도 청주시 청원구 내수읍,경상사고,0,0,3,0,차대차 - 기타,중앙선침범,건조,맑음,교차로 - 교차로부근,승용,여,39세,상해없음,승용,남,34세,경상
2021020800100434,2021년 2월 8일 17시,월요일,충청북도 영동군 영동읍,경상사고,0,0,1,0,차대차 - 측면충돌,안전운전불이행,건조,맑음,교차로 - 교차로부근,승용,남,50세,상해없음,승용,남,31세,경상
2021020800100435,2021년 2월 8일 17시,월요일,충청북도 청주시 흥덕구 봉명동,경상사고,0,0,1,0,차대차 - 측면충돌,안전운전불이행,건조,맑음,단일로 - 기타,승용,남,49세,상해없음,이륜,남,23세,경상
2021020800100563,2021년 2월 8일 20시,월요일,충청북도 괴산군 소수면,경상사고,0,0,1,0,차대차 - 추돌,안전거리미확보,건조,맑음,단일로 - 기타,화물,남,61세,상해없음,승용,여,29세,경상
2021020800100564,2021년 2월 8일 20시,월요일,충청북도 진천군 진천읍,부상신고사고,0,0,0,1,차대차 - 측면충돌,안전운전불이행,건조,맑음,교차로 - 교차로부근,자전거,여,62세,부상신고,이륜,남,39세,상해없음
2021020800100634,2021년 2월 8일 22시,월요일,충청북도 제천시 명동,중상사고,0,2,0,0,차대사람 - 차도통행중,안전운전불이행,건조,맑음,교차로 - 교차로안,승용,남,56세,상해없음,보행자,여,57세,중상
2021020800100635,2021년 2월 8일 22시,월요일,충청북도 음성군 감곡면,경상사고,0,0,1,0,차대차 - 측면충돌,안전운전불이행,건조,맑음,교차로 - 교차로부근,화물,남,55세,상해없음,승용,여,60세,경상
2021020800100653,2021년 2월 8일 23시,월요일,충청북도 청주시 청원구 내덕동,중상사고,0,1,0,0,차대차 - 추돌,안전운전불이행,건조,맑음,교차로 - 교차로부근,승용,남,25세,상해없음,승용,남,42세,중상
2021020900100053,2021년 2월 9일 07시,화요일,충청북도 청주시 청원구 율량동,중상사고,0,4,2,0,차대차 - 기타,안전운전불이행,건조,맑음,교차로 - 교차로부근,승용,남,49세,상해없음,승용,여,34세,중상
2021020900100054,2021년 2월 9일 07시,화요일,충청북도 청주시 서원구 모충동,경상사고,0,0,1,0,차대차 - 측면충돌,안전운전불이행,건조,맑음,교차로 - 교차로부근,개인형이동수단(PM),여,67세,경상,화물,남,52세,상해없음
2021020900100076,2021년 2월 9일 08시,화요일,충청북도 청주시 흥덕구 복대동,경상사고,0,0,2,0,차대차 - 측면충돌,교차로운행방법위반,건조,맑음,교차로 - 교차로안,승합,남,61세,경상,승용,남,56세,경상
2021020900100077,2021년 2월 9일 08시,화요일,충청북도 청주시 상당구 용암동,중상사고,0,1,0,0,차대사람 - 횡단중,안전운전불이행,건조,맑음,단일로 - 지하차도(도로)내,승용,남,40세,상해없음,보행자,여,38세,중상
2021020900100152,2021년 2월 9일 10시,화요일,충청북도 영동군 영동읍,중상사고,0,1,0,0,차대사람 - 기타,보행자보호의무위반,건조,맑음,단일로 - 기타,승용,여,63세,상해없음,보행자,남,80세,중상
2021020900100227,2021년 2월 9일 12시,화요일,충청북도 청주시 서원구 사직동,중상사고,0,1,3,0,차대차 - 측면충돌,안전운전불이행,건조,맑음,단일로 - 기타,승용,여,59세,경상,이륜,남,28세,중상
2021020900100228,2021년 2월 9일 12시,화요일,충청북도 제천시 명동,중상사고,0,1,0,0,차대사람 - 횡단중,안전운전불이행,건조,맑음,교차로 - 교차로안,승용,남,55세,상해없음,보행자,여,78세,중상