사고번호,사고일시,요일,시군구,사고내용,사망자수,중상자수,경상자수,부상신고자수,사고유형,법규위반,노면상태,기상상태,도로형태,가해운전자 차종,가해운전자 성별,가해운전자 연령,가해운전자 상해정도,피해운전자 차종,피해운전자 성별,피해운전자 연령,피해운전자 상해정도
2021022200100082,2021년 2월 22일 08시,월요일,충청북도 음성군 맹동면,경상사고,0,0,1,0,차대차 - 측면충돌,교차로운행방법위반,건조,맑음,교차로 - 교차로안,건설기계,남,58세,상해없음,승용,남,34세,경상
2021022200100083,2021년 2월 22일 08시,월요일,충청북도 청주시 서원구 남이면,중상사고,0,1,0,0,차대사람 - 횡단중,안전운전불이행,건조,맑음,교차로 - 교차로안,화물,남,26세,상해없음,보행자,남,74세,중상
2021022200100084,2021년 2월 22일 08시,월요일,충청북도 청주시 상당구 영동,경상사고,0,0,1,0,차대차 - 측면충돌,차로위반,건조,맑음,단일로 - 기타,승용,남,64세,상해없음,승용,남,56세,경상
2021022200100085,2021년 2월 22일 08시,월요일,충청북도 진천군 초평면,중상사고,0,1,0,0,차대차 - 기타,안전거리미확보,건조,맑음,단일로 - 지하차도(도로)내,승용,남,27세,상해없음,승용,여,28세,중상
2021022200100156,2021년 2월 22일 10시,월요일,충청북도 충주시 살미면,경상사고,0,0,1,0,차대사람 - 기타,안전운전불이행,건조,맑음,단일로 - 기타,기타불명,기타불명,미분류,기타불명,보행자,여,67세,경상
2021022200100157,2021년 2월 22일 10시,월요일,충청북도 음성군 금왕읍,경상사고,0,0,1,0,차대차 - 기타,안전운전불이행,건조,맑음,단일로 - 기타,특수,남,45세,상해없음,승용,남,30세,경상
2021022200100191,2021년 2월 22일 11시,월요일,충청북도 청주시 청원구 사천동,중상사고,0,1,0,0,차대차 - 기타,신호위반,건조,맑음,교차로 - 교차로안,승용,남,43세,상해없음,승용,남,25세,중상
2021022200100192,2021년 2월 22일 11시,월요일,충청북도 청주시 청원구 율량동,경상사고,0,0,1,0,차대차 - 추돌,안전운전불이행,건조,맑음,단일로 - 기타,승용,남,68세,상해없음,화물,남,52세,경상
2021022200100193,2021년 2월 22일 11시,월요일,충청북도 제천시 장락동,중상사고,0,2,3,0,차대차 - 추돌,안전거리미확보,건조,맑음,교차로 - 교차로부근,화물,남,62세,중상,특수,남,63세,상해없음
2021022200100218,2021년 2월 22일 12시,월요일,충청북도 청주시 청원구 오창읍,경상사고,0,0,1,0,차대사람 - 차도통행중,안전운전불이행,건조,맑음,교차로 - 교차로안,승용,남,51세,상해없음,보행자,남,58세,경상
2021022200100219,2021년 2월 22일 12시,월요일,충청북도 청주시 청원구 북이면,경상사고,0,0,3,0,차대차 - 측면충돌,신호위반,건조,맑음,교차로 - 교차로안,화물,남,42세,상해없음,승용,남,40세,경상
2021022200100220,2021년 2월 22일 12시,월요일,충청북도 단양군 단양읍,부상신고사고,0,0,0,1,차대차 - 측면충돌,직진우회전진행방해,건조,맑음,교차로 - 교차로안,승용,여,55세,상해없음,승용,남,38세,부상신고
2021022200100221,2021년 2월 22일 12시,월요일,충청북도 청주시 상당구 지북동,경상사고,0,0,2,0,차대차 - 측면충돌,신호위반,건조,맑음,교차로 - 교차로안,승용,남,73세,상해없음,승용,남,27세,경상
2021022200100250,2021년 2월 22일 13시,월요일,충청북도 청주시 상당구 용담동,경상사고,0,0,2,0,차대차 - 측면충돌,신호위반,건조,맑음,교차로 - 교차로안,승용,여,47세,경상,승용,남,27세,경상
2021022200100324,2021년 2월 22일 15시,월요일,충청북도 청주시 흥덕구 송절동,경상사고,0,0,1,0,차대차 - 측면충돌,안전운전불이행,건조,맑음,교차로 - 교차로안,특수,남,57세,상해없음,승용,여,27세,경상
2021022200100404,2021년 2월 22일 17시,월요일,충청북도 진천군 광혜원면,경상사고,0,0,4,0,차대차 - 추돌,안전운전불이행,건조,맑음,단일로 - 터널,화물,남,41세,상해없음,승용,남,56세,경상
2021022200100406,2021년 2월 22일 17시,월요일,충청북도 충주시 용산동,중상사고,0,1,0,0,차대사람 - 기타,안전운전불이행,건조,맑음,교차로 - 교차로부근,화물,남,58세,상해없음,보행자,여,61세,중상
2021022200100407,2021년 2월 22일 17시,월요일,충청북도 증평군 증평읍,경상사고,0,0,1,0,차대차 - 추돌,안전운전불이행,건조,맑음,교차로 - 교차로안,승용,여,24세,상해없음,승용,남,27세,경상
2021022200100440,2021년 2월 22일 18시,월요일,충청북도 청주시 청원구 주중동,중상사고,0,1,0,1,차대차 - 기타,차로위반,건조,맑음,단일로 - 기타,승용,남,37세,부상신고,화물,남,56세,중상
2021022200100441,2021년 2월 22일 18시,월요일,충청북도 옥천군 군서면,중상사고,0,1,1,0,차대차 - 추돌,안전운전불이행,건조,맑음,단일로 - 교량,화물,남,49세,상해없음,농기계,남,50세,중상
2021022200100479,2021년 2월 22일 19시,월요일,충청북도 충주시 지현동,중상사고,0,1,0,0,차대사람 - 기타,중앙선침범,건조,맑음,교차로 - 교차로부근,승용,남,64세,상해없음,보행자,남,11세,중상
2021022200100480,2021년 2월 22일 19시,월요일,충청북도 보은군 산외면,사망사고,1,0,0,0,차대사람 - 차도통행중,안전운전불이행,건조,맑음,단일로 - 기타,승용,여,55세,상해없음,보행자,여,80세,사망
2021022200100511,2021년 2월 22일 20시,월요일,충청북도 음성군 삼성면,중상사고,0,1,0,0,차대차 - 측면충돌,교차로운행방법위반,건조,맑음,교차로 - 교차로안,승용,여,60세,상해없음,승용,남,32세,중상
2021022200100572,2021년 2월 22일 23시,월요일,충청북도 청주시 흥덕구 봉명동,경상사고,0,0,1,0,차대사람 - 횡단중,보행자보호의무위반,건조,맑음,단일로 - 기타,승용,남,43세,상해없음,보행자,남,47세,경상
2021022200100573,2021년 2월 22일 23시,월요일,충청북도 청주시 서원구 현도면,경상사고,0,0,1,0,차량단독 - 기타,안전운전불이행,건조,맑음,단일로 - 기타,승용,남,54세,상해없음,,,,
2021022200100574,2021년 2월 22일 23시,월요일,충청북도 청주시 상당구 방서동,경상사고,0,0,1,0,차대사람 - 기타,기타,건조,맑음,기타 - 기타,이륜,남,45세,상해없음,보행자,남,21세,경상
2021022300100004,2021년 2월 23일 00시,화요일,충청북도 청주시 상당구 용암동,경상사고,0,0,1,0,차대사람 - 기타,안전운전불이행,건조,맑음,교차로 - 교차로안,승용,여,54세,상해없음,보행자,여,33세,경상
2021022300100054,2021년 2월 23일 07시,화요일,충청북도 충주시 문화동,경상사고,0,0,1,0,차대차 - 정면충돌,신호위반,건조,맑음,교차로 - 교차로안,화물,남,61세,상해없음,승용,남,65세,경상
2021022300100112,2021년 2월 23일 09시,화요일,충청북도 충주시 교현동,경상사고,0,0,1,1,차대차 - 측면충돌,신호위반,건조,맑음,교차로 - 교차로안,원동기,남,52세,부상신고,승용,남,28세,경상
2021022300100113,2021년 2월 23일 09시,화요일,충청북도 음성군 삼성면,경상사고,0,0,1,0,차대차 - 측면충돌,안전운전불이행,건조,맑음,교차로 - 교차로부근,승용,남,80세,상해없음,승용,여,49세,경상
2021022300100163,2021년 2월 23일 11시,화요일,충청북도 충주시 용산동,중상사고,0,1,0,0,차대사람 - 횡단중,안전운전불이행,건조,맑음,교차로 - 교차로안,승용,여,53세,상해없음,보행자,여,72세,중상
2021022300100190,2021년 2월 23일 12시,화요일,충청북도 제천시 신백동,중상사고,0,2,2,0,차대차 - 측면충돌,직진우회전진행방해,건조,흐림,교차로 - 교차로안,승용,여,62세,중상,승용,여,50세,경상
2021022300100259,2021년 2월 23일 14시,화요일,충청북도 청주시 청원구 오창읍,경상사고,0,0,2,0,차대차 - 측면충돌,안전운전불이행,건조,맑음,단일로 - 기타,승용,남,68세,상해없음,승합,남,57세,상해없음
2021022300100385,2021년 2월 23일 17시,화요일,충청북도 충주시 산척면,경상사고,0,0,1,0,차대차 - 기타,안전거리미확보,건조,맑음,교차로 - 교차로안,화물,남,33세,상해없음,승용,남,33세,경상
2021022300100386,2021년 2월 23일 17시,화요일,충청북도 제천시 중앙로2가,경상사고,0,0,1,0,차대차 - 측면충돌,안전거리미확보,건조,맑음,교차로 - 교차로부근,이륜,남,85세,경상,승용,여,19세,상해없음
2021022300100416,2021년 2월 23일 18시,화요일,충청북도 청주시 서원구 성화동,경상사고,0,0,1,0,차대차 - 기타,신호위반,건조,맑음,교차로 - 교차로안,승용,여,36세,기타불명,승용,남,23세,경상
2021022300100518,2021년 2월 23일 21시,화요일,충청북도 충주시 교현동,경상사고,0,0,1,0,차대차 - 측면충돌,안전거리미확보,건조,흐림,단일로 - 기타,승용,남,19세,상해없음,승용,남,30세,경상
2021022300100546,2021년 2월 23일 22시,화요일,충청북도 청주시 서원구 사창동,경상사고,0,0,1,0,차대차 - 추돌,안전운전불이행,건조,맑음,단일로 - 기타,화물,남,55세,상해없음,이륜,남,51세,경상
2021022400100004,2021년 2월 24일 00시,수요일,충청북도 청주시 청원구 율량동,중상사고,0,1,0,0,차대차 - 측면충돌,중앙선침범,건조,맑음,교차로 - 교차로안,승용,남,52세,상해없음,승용,남,61세,중상
2021022400100005,2021년 2월 24일 00시,수요일,충청북도 단양군 단양읍,중상사고,0,1,0,0,차대차 - 측면충돌,신호위반,건조,맑음,교차로 - 교차로안,승용,남,26세,상해없음,승용,남,63세,상해없음
2021022400100044,2021년 2월 24일 07시,수요일,충청북도 청주시 흥덕구 복대동,경상사고,0,0,2,0,차대차 - 측면충돌,안전운전불이행,건조,맑음,단일로 - 기타,승용,남,60세,상해없음,승용,여,29세,경상
2021022400100069,2021년 2월 24일 08시,수요일,충청북도 증평군 증평읍,경상사고,0,0,1,0,차대차 - 측면충돌,신호위반,건조,맑음,교차로 - 교차로횡단보도내,자전거,남,64세,경상,승용,여,55세,상해없음
2021022400100070,2021년 2월 24일 08시,수요일,충청북도 청주시 흥덕구 봉명동,경상사고,0,0,6,0,차대차 - 측면충돌,교차로운행방법위반,건조,맑음,교차로 - 교차로안,승용,남,48세,경상,승용,남,26세,경상
2021022400100088,2021년 2월 24일 09시,수요일,충청북도 음성군 금왕읍,경상사고,0,0,1,0,차대차 - 추돌,안전운전불이행,건조,맑음,교차로 - 교차로부근,승합,남,77세,상해없음,화물,남,48세,경상
2021022400100089,2021년 2월 24일 09시,수요일,충청북도 청주시 흥덕구 가경동,경상사고,0,0,1,0,차대차 - 측면충돌,안전운전불이행,건조,맑음,기타 - 기타,승용,남,20세,상해없음,화물,남,57세,경상
2021022400100090,2021년 2월 24일 09시,수요일,충청북도 청주시 상당구 명암동,경상사고,0,0,1,0,차대차 - 측면충돌,안전거리미확보,건조,맑음,단일로 - 기타,승용,남,36세,상해없음,승용,남,24세,상해없음
2021022400100136,2021년 2월 24일 11시,수요일,충청북도 청주시 서원구 사직동,경상사고,0,0,1,0,차대차 - 기타,안전운전불이행,건조,맑음,기타 - 기타,자전거,여,32세,경상,승용,여,65세,상해없음
2021022400100137,2021년 2월 24일 11시,수요일,충청북도 옥천군 이원면,경상사고,0,0,1,0,차대차 - 후진중충돌,안전운전불이행,건조,맑음,교차로 - 교차로안,화물,남,63세,상해없음,승용,여,23세,경상
2021022400100167,2021년 2월 24일 12시,수요일,충청북도 영동군 영동읍,부상신고사고,0,0,0,1,차대사람 - 기타,안전운전불이행,건조,맑음,단일로 - 기타,승용,남,59세,상해없음,보행자,남,44세,부상신고
2021022400100168,2021년 2월 24일 12시,수요일,충청북도 음성군 음성읍,경상사고,0,0,1,0,차대차 - 측면충돌,신호위반,건조,맑음,교차로 - 교차로안,승용,여,60세,상해없음,승용,여,68세,경상
2021022400100193,2021년 2월 24일 13시,수요일,충청북도 청주시 서원구 성화동,경상사고,0,0,1,0,차대차 - 측면충돌,안전거리미확보,건조,맑음,단일로 - 기타,승용,남,75세,상해없음,승용,여,43세,경상
2021022400100231,2021년 2월 24일 14시,수요일,충청북도 청주시 흥덕구 봉명동,경상사고,0,0,3,0,차대차 - 측면충돌,교차로운행방법위반,건조,맑음,교차로 - 교차로안,승용,남,27세,경상,승용,여,27세,경상
2021022400100232,2021년 2월 24일 14시,수요일,충청북도 청주시 서원구 모충동,경상사고,0,0,2,0,차대차 - 후진중충돌,안전운전불이행,건조,맑음,교차로 - 교차로안,화물,남,36세,상해없음,승용,여,49세,경상
2021022400100266,2021년 2월 24일 15시,수요일,충청북도 진천군 문백면,경상사고,0,0,1,0,차대차 - 추돌,안전운전불이행,건조,맑음,단일로 - 기타,승용,남,23세,상해없음,승용,남,33세,상해없음
2021022400100330,2021년 2월 24일 17시,수요일,충청북도 충주시 교현동,경상사고,0,0,1,0,차대차 - 정면충돌,직진우회전진행방해,건조,맑음,교차로 - 교차로안,승용,여,45세,상해없음,자전거,남,79세,경상
2021022400100411,2021년 2월 24일 19시,수요일,충청북도 진천군 덕산읍,경상사고,0,0,1,0,차대차 - 측면충돌,불법유턴,건조,맑음,단일로 - 기타,승용,남,41세,상해없음,원동기,남,16세,경상
2021022400100525,2021년 2월 24일 23시,수요일,충청북도 충주시 교현동,경상사고,0,0,1,0,차대사람 - 차도통행중,교차로운행방법위반,건조,맑음,교차로 - 교차로안,승용,남,66세,상해없음,보행자,남,65세,경상
2021022500100007,2021년 2월 25일 00시,목요일,충청북도 청주시 흥덕구 복대동,경상사고,0,0,1,0,차대차 - 측면충돌,신호위반,건조,흐림,교차로 - 교차로안,승용,남,60세,기타불명,승용,남,56세,상해없음
2021022500100016,2021년 2월 25일 01시,목요일,충청북도 청주시 흥덕구 오송읍,경상사고,0,0,1,0,차대차 - 측면충돌,신호위반,건조,맑음,교차로 - 교차로안,승용,남,60세,상해없음,승용,남,37세,경상
2021022500100026,2021년 2월 25일 02시,목요일,충청북도 충주시 충의동,경상사고,0,0,1,0,차대사람 - 기타,안전운전불이행,건조,맑음,단일로 - 기타,승용,여,60세,상해없음,보행자,여,63세,경상
2021022500100027,2021년 2월 25일 02시,목요일,충청북도 충주시 중앙탑면,경상사고,0,0,1,1,차대차 - 추돌,안전운전불이행,건조,맑음,단일로 - 기타,화물,남,55세,부상신고,화물,남,64세,경상
2021022500100042,2021년 2월 25일 05시,목요일,충청북도 충주시 살미면,사망사고,1,1,0,0,차량단독 - 공작물충돌,안전운전불이행,건조,맑음,교차로 - 교차로안,승용,남,74세,사망,,,,
2021022500100067,2021년 2월 25일 07시,목요일,충청북도 청주시 흥덕구 정봉동,중상사고,0,2,1,0,차대차 - 측면충돌,신호위반,건조,맑음,교차로 - 교차로안,화물,남,45세,중상,화물,남,34세,중상
2021022500100090,2021년 2월 25일 08시,목요일,충청북도 충주시 금릉동,경상사고,0,0,1,0,차대차 - 측면충돌,안전운전불이행,건조,맑음,교차로 - 교차로부근,승용,여,63세,상해없음,화물,남,59세,경상
2021022500100091,2021년 2월 25일 08시,목요일,충청북도 청주시 흥덕구 오송읍,경상사고,0,0,1,0,차대차 - 측면충돌,안전운전불이행,건조,맑음,기타 - 기타,승용,남,29세,상해없음,승용,여,34세,경상
2021022500100134,2021년 2월 25일 11시,목요일,충청북도 제천시 수산면,중상사고,0,1,0,0,차대사람 - 횡단중,안전운전불이행,건조,맑음,교차로 - 교차로안,화물,남,47세,상해없음,보행자,여,79세,중상
2021022500100185,2021년 2월 25일 13시,목요일,충청북도 제천시 동현동,중상사고,0,2,0,0,차대차 - 정면충돌,안전운전불이행,건조,흐림,교차로 - 교차로안,승용,남,29세,상해없음,승용,남,55세,중상
2021022500100249,2021년 2월 25일 15시,목요일,충청북도 옥천군 옥천읍,경상사고,0,0,1,0,차대차 - 추돌,안전운전불이행,건조,맑음,단일로 - 기타,건설기계,남,66세,상해없음,승용,남,66세,경상
2021022500100283,2021년 2월 25일 16시,목요일,충청북도 청주시 청원구 오창읍,중상사고,0,3,0,0,차대차 - 측면충돌,중앙선침범,건조,맑음,단일로 - 기타,화물,남,61세,상해없음,승용,남,25세,중상
2021022500100284,2021년 2월 25일 16시,목요일,충청북도 진천군 덕산읍,중상사고,0,1,0,0,차대차 - 측면충돌,신호위반,건조,맑음,교차로 - 교차로횡단보도내,이륜,남,25세,상해없음,자전거,여,9세,중상
2021022500100285,2021년 2월 25일 16시,목요일,충청북도 제천시 봉양읍,경상사고,0,0,2,0,차대차 - 기타,차로위반,건조,맑음,단일로 - 지하차도(도로)내,승용,남,39세,상해없음,화물,남,52세,경상
2021022500100316,2021년 2월 25일 17시,목요일,충청북도 괴산군 괴산읍,경상사고,0,0,1,0,차대차 - 정면충돌,신호위반,건조,맑음,교차로 - 교차로안,승용,남,61세,상해없음,승용,남,23세,경상
2021022500100358,2021년 2월 25일 18시,목요일,충청북도 청주시 청원구 율량동,중상사고,0,2,0,0,차대차 - 측면충돌,교차로운행방법위반,건조,맑음,교차로 - 교차로안,이륜,남,17세,중상,승용,여,42세,상해없음
2021022500100359,2021년 2월 25일 18시,목요일,충청북도 충주시 충인동,경상사고,0,0,1,0,차대차 - 기타,안전운전불이행,건조,맑음,단일로 - 기타,승용,여,53세,상해없음,원동기,남,31세,경상
2021022500100360,2021년 2월 25일 18시,목요일,충청북도 음성군 음성읍,경상사고,0,0,1,0,차대사람 - 보도통행중,보행자보호의무위반,건조,맑음,교차로 - 교차로횡단보도내,승용,여,34세,상해없음,보행자,여,43세,경상
2021022500100414,2021년 2월 25일 19시,목요일,충청북도 충주시 연수동,중상사고,0,1,0,0,차대차 - 측면충돌,직진우회전진행방해,건조,맑음,교차로 - 교차로안,승용,남,64세,상해없음,원동기,남,41세,중상
2021022500100444,2021년 2월 25일 20시,목요일,충청북도 충주시 용탄동,경상사고,0,0,2,0,차대차 - 기타,안전거리미확보,건조,맑음,교차로 - 교차로부근,승용,남,28세,상해없음,승용,남,32세,경상
2021022500100472,2021년 2월 25일 21시,목요일,충청북도 음성군 맹동면,경상사고,0,0,1,0,차대차 - 기타,중앙선침범,건조,맑음,단일로 - 기타,기타불명,기타불명,미분류,기타불명,승용,남,36세,상해없음
2021022600100026,2021년 2월 26일 03시,금요일,충청북도 청주시 서원구 사창동,경상사고,0,0,2,0,차대차 - 기타,신호위반,건조,맑음,단일로 - 기타,승용,남,22세,상해없음,이륜,남,22세,경상
2021022600100027,2021년 2월 26일 03시,금요일,충청북도 충주시 교현동,경상사고,0,0,3,0,차대차 - 추돌,안전운전불이행,건조,맑음,교차로 - 교차로부근,승용,남,40세,상해없음,승용,남,70세,경상
2021022600100035,2021년 2월 26일 05시,금요일,충청북도 제천시 봉양읍,경상사고,0,0,1,0,차량단독 - 공작물충돌,안전운전불이행,젖음/습기,맑음,단일로 - 기타,승용,남,48세,경상,,,,
2021022600100082,2021년 2월 26일 08시,금요일,충청북도 제천시 신백동,경상사고,0,0,1,0,차대차 - 측면충돌,안전운전불이행,건조,맑음,주차장 - 주차장,승용,여,61세,상해없음,승용,남,37세,경상
2021022600100110,2021년 2월 26일 09시,금요일,충청북도 충주시 칠금동,경상사고,0,0,2,0,차대차 - 측면충돌,신호위반,건조,맑음,교차로 - 교차로안,화물,남,57세,상해없음,승용,남,49세,경상
2021022600100111,2021년 2월 26일 09시,금요일,충청북도 청주시 서원구 분평동,중상사고,0,1,0,0,차대차 - 측면충돌,안전운전불이행,건조,맑음,교차로 - 교차로안,승용,남,72세,상해없음,자전거,여,22세,중상
2021022600100168,2021년 2월 26일 11시,금요일,충청북도 청주시 서원구 분평동,중상사고,0,1,2,0,차대차 - 측면충돌,신호위반,건조,맑음,교차로 - 교차로부근,승용,여,56세,경상,이륜,남,73세,중상
2021022600100204,2021년 2월 26일 12시,금요일,충청북도 청주시 흥덕구 비하동,경상사고,0,0,1,0,차대차 - 측면충돌,안전운전불이행,건조,맑음,교차로 - 교차로안,승용,여,46세,상해없음,이륜,남,33세,경상
2021022600100205,2021년 2월 26일 12시,금요일,충청북도 충주시 노은면,경상사고,0,0,2,0,차대차 - 추돌,안전운전불이행,건조,맑음,단일로 - 기타,승용,여,42세,상해없음,승용,남,48세,경상
2021022600100243,2021년 2월 26일 13시,금요일,충청북도 청주시 청원구 내덕동,경상사고,0,0,2,0,차대차 - 측면충돌,교차로운행방법위반,건조,맑음,교차로 - 교차로안,승용,남,62세,상해없음,승용,남,23세,경상
2021022600100245,2021년 2월 26일 13시,금요일,충청북도 충주시 앙성면,경상사고,0,0,1,0,차대차 - 정면충돌,안전운전불이행,건조,맑음,단일로 - 기타,승용,여,60세,상해없음,자전거,남,43세,경상
2021022600100246,2021년 2월 26일 13시,금요일,충청북도 청주시 상당구 문의면,경상사고,0,0,2,0,차대차 - 측면충돌,안전운전불이행,건조,맑음,단일로 - 기타,승합,남,47세,상해없음,화물,여,61세,경상
2021022600100274,2021년 2월 26일 14시,금요일,충청북도 충주시 주덕읍,중상사고,0,1,0,0,차대차 - 측면충돌,안전운전불이행,건조,맑음,단일로 - 기타,건설기계,남,64세,상해없음,승용,여,56세,중상
2021022600100275,2021년 2월 26일 14시,금요일,충청북도 음성군 금왕읍,중상사고,0,2,1,0,차대차 - 추돌,안전운전불이행,건조,맑음,교차로 - 교차로부근,승용,여,43세,경상,화물,남,57세,중상
2021022600100276,2021년 2월 26일 14시,금요일,충청북도 청주시 흥덕구 복대동,경상사고,0,0,1,0,차대차 - 측면충돌,안전운전불이행,건조,맑음,교차로 - 교차로안,승용,여,52세,상해없음,승용,남,53세,경상
2021022600100316,2021년 2월 26일 15시,금요일,충청북도 단양군 단양읍,중상사고,0,1,1,0,차량단독 - 공작물충돌,안전운전불이행,건조,맑음,기타 - 기타,이륜,남,16세,중상,,,,
2021022600100317,2021년 2월 26일 15시,금요일,충청북도 청주시 흥덕구 비하동,경상사고,0,0,4,0,차대차 - 측면충돌,안전거리미확보,건조,맑음,단일로 - 기타,승용,여,29세,경상,승용,남,40세,경상
2021022600100318,2021년 2월 26일 15시,금요일,충청북도 청주시 서원구 수곡동,부상신고사고,0,0,0,1,차대차 - 추돌,안전운전불이행,건조,맑음,교차로 - 교차로부근,승용,남,55세,상해없음,승용,남,51세,부상신고
2021022600100351,2021년 2월 26일 16시,금요일,충청북도 진천군 진천읍,중상사고,0,1,0,0,차대차 - 측면충돌,안전운전불이행,건조,맑음,단일로 - 기타,화물,남,58세,상해없음,자전거,남,73세,중상
2021022600100431,2021년 2월 26일 18시,금요일,충청북도 괴산군 괴산읍,중상사고,0,2,2,0,차대차 - 측면충돌,중앙선침범,건조,흐림,단일로 - 기타,화물,남,59세,경상,승용,여,39세,중상
2021022600100432,2021년 2월 26일 18시,금요일,충청북도 진천군 덕산읍,중상사고,0,1,0,0,차대차 - 추돌,안전운전불이행,건조,맑음,교차로 - 교차로안,승용,남,59세,상해없음,승용,여,63세,중상
2021022600100489,2021년 2월 26일 19시,금요일,충청북도 음성군 음성읍,경상사고,0,0,1,0,차대사람 - 횡단중,안전운전불이행,건조,맑음,단일로 - 기타,이륜,남,19세,상해없음,보행자,여,43세,경상
2021022600100490,2021년 2월 26일 19시,금요일,충청북도 청주시 서원구 사직동,중상사고,0,1,0,1,차대차 - 기타,안전운전불이행,건조,맑음,단일로 - 기타,이륜,남,28세,부상신고,이륜,남,42세,중상
2021022600100491,2021년 2월 26일 19시,금요일,충청북도 청주시 상당구 용암동,경상사고,0,0,1,0,차대차 - 측면충돌,안전거리미확보,건조,맑음,교차로 - 교차로부근,승용,남,49세,상해없음,화물,남,57세,경상
2021022600100596,2021년 2월 26일 22시,금요일,충청북도 청주시 청원구 오창읍,경상사고,0,0,1,0,차대차 - 측면충돌,교차로운행방법위반,건조,맑음,교차로 - 교차로안,승용,남,29세,상해없음,승합,남,55세,경상
2021022600100597,2021년 2월 26일 22시,금요일,충청북도 충주시 연수동,경상사고,0,0,1,0,차대차 - 추돌,안전운전불이행,건조,맑음,교차로 - 교차로안,승용,남,23세,상해없음,승용,여,37세,경상
2021022600100598,2021년 2월 26일 22시,금요일,충청북도 청주시 서원구 산남동,경상사고,0,0,2,0,차대차 - 측면충돌,신호위반,건조,맑음,교차로 - 교차로안,이륜,남,32세,경상,승용,남,52세,상해없음
2021022600100612,2021년 2월 26일 23시,금요일,충청북도 청주시 서원구 분평동,경상사고,0,0,1,0,차량단독 - 공작물충돌,안전운전불이행,건조,맑음,단일로 - 기타,승용,남,59세,기타불명,,,,
2021022700100042,2021년 2월 27일 06시,토요일,충청북도 청주시 서원구 남이면,사망사고,1,2,2,0,차대차 - 추돌,안전운전불이행,건조,맑음,단일로 - 기타,승용,여,56세,상해없음,화물,남,55세,사망
2021022700100081,2021년 2월 27일 09시,토요일,충청북도 제천시 강제동,경상사고,0,0,1,0,차대차 - 측면충돌,교차로운행방법위반,건조,맑음,교차로 - 교차로안,승용,남,57세,상해없음,승용,남,31세,경상
2021022700100082,2021년 2월 27일 09시,토요일,충청북도 청주시 흥덕구 지동동,중상사고,0,1,1,0,차대차 - 추돌,안전운전불이행,건조,맑음,단일로 - 기타,화물,남,42세,상해없음,승용,남,65세,경상
2021022700100134,2021년 2월 27일 11시,토요일,충청북도 진천군 초평면,중상사고,0,1,0,0,차대차 - 추돌,안전운전불이행,건조,맑음,단일로 - 기타,승용,남,60세,상해없음,승용,남,44세,중상
2021022700100165,2021년 2월 27일 12시,토요일,충청북도 청주시 상당구 용암동,경상사고,0,0,2,0,차대차 - 추돌,안전운전불이행,건조,맑음,단일로 - 기타,승용,여,50세,상해없음,승용,남,32세,경상
2021022700100211,2021년 2월 27일 13시,토요일,충청북도 청주시 청원구 오동동,중상사고,0,1,1,0,차대차 - 기타,안전운전불이행,건조,맑음,단일로 - 기타,화물,남,51세,상해없음,승용,남,49세,경상
2021022700100212,2021년 2월 27일 13시,토요일,충청북도 청주시 서원구 사창동,경상사고,0,0,1,0,차대사람 - 횡단중,안전운전불이행,건조,맑음,단일로 - 기타,승용,여,61세,상해없음,보행자,남,52세,경상
2021022700100213,2021년 2월 27일 13시,토요일,충청북도 청주시 흥덕구 송정동,중상사고,0,1,1,0,차대차 - 측면충돌,기타,건조,맑음,교차로 - 교차로안,승용,남,34세,경상,자전거,남,39세,중상
2021022700100295,2021년 2월 27일 15시,토요일,충청북도 청주시 상당구 금천동,경상사고,0,0,2,0,차대차 - 측면충돌,안전운전불이행,건조,맑음,교차로 - 교차로부근,승용,남,72세,상해없음,승용,남,22세,경상
2021022700100331,2021년 2월 27일 16시,토요일,충청북도 청주시 흥덕구 옥산면,경상사고,0,0,1,0,차대차 - 측면충돌,불법유턴,건조,맑음,교차로 - 교차로안,승용,남,45세,상해없음,승용,남,24세,경상
2021022700100394,2021년 2월 27일 18시,토요일,충청북도 충주시 문화동,경상사고,0,0,1,0,차대차 - 측면충돌,안전운전불이행,건조,맑음,교차로 - 교차로안,승용,여,60세,상해없음,자전거,남,57세,경상
2021022700100430,2021년 2월 27일 19시,토요일,충청북도 청주시 서원구 남이면,경상사고,0,0,2,0,차대차 - 측면충돌,교차로운행방법위반,건조,맑음,교차로 - 교차로안,승용,여,50세,상해없음,화물,남,34세,경상
2021022700100498,2021년 2월 27일 21시,토요일,충청북도 제천시 송학면,경상사고,0,0,2,0,차대차 - 기타,안전운전불이행,건조,맑음,단일로 - 기타,화물,여,56세,상해없음,승용,남,21세,경상
2021022800100016,2021년 2월 28일 01시,일요일,충청북도 청주시 청원구 율량동,경상사고,0,0,1,0,차대차 - 기타,안전운전불이행,건조,맑음,교차로 - 교차로안,승용,남,32세,상해없음,승용,남,42세,경상
2021022800100028,2021년 2월 28일 03시,일요일,충청북도 청주시 서원구 사창동,경상사고,0,0,5,0,차대차 - 추돌,안전운전불이행,건조,맑음,단일로 - 기타,승용,남,37세,상해없음,승용,남,71세,경상