사고번호,사고일시,요일,시군구,사고내용,사망자수,중상자수,경상자수,부상신고자수,사고유형,법규위반,노면상태,기상상태,도로형태,가해운전자 차종,가해운전자 성별,가해운전자 연령,가해운전자 상해정도,피해운전자 차종,피해운전자 성별,피해운전자 연령,피해운전자 상해정도
2021031200100328,2021년 3월 12일 16시,금요일,충청북도 청주시 흥덕구 복대동,경상사고,0,0,1,0,차대차 - 측면충돌,안전운전불이행,건조,맑음,교차로 - 교차로안,승용,여,62세,상해없음,이륜,남,46세,경상
2021031200100376,2021년 3월 12일 17시,금요일,충청북도 충주시 주덕읍,경상사고,0,0,1,0,차대차 - 추돌,안전운전불이행,건조,맑음,교차로 - 교차로부근,승용,남,59세,기타불명,승용,남,41세,경상
2021031200100377,2021년 3월 12일 17시,금요일,충청북도 청주시 서원구 성화동,경상사고,0,0,1,0,차대차 - 측면충돌,안전운전불이행,건조,맑음,단일로 - 기타,승용,여,30세,상해없음,이륜,남,39세,경상
2021031200100411,2021년 3월 12일 18시,금요일,충청북도 청주시 청원구 율량동,경상사고,0,0,1,0,차대사람 - 차도통행중,신호위반,젖음/습기,흐림,교차로 - 교차로안,승용,여,24세,상해없음,보행자,남,49세,경상
2021031200100412,2021년 3월 12일 18시,금요일,충청북도 충주시 연수동,경상사고,0,0,1,0,차대차 - 추돌,안전거리미확보,건조,맑음,단일로 - 기타,승용,여,44세,상해없음,화물,남,67세,경상
2021031200100413,2021년 3월 12일 18시,금요일,충청북도 옥천군 청성면,경상사고,0,0,1,0,차대차 - 기타,신호위반,젖음/습기,비,단일로 - 터널,특수,남,58세,상해없음,승용,남,38세,경상
2021031200100463,2021년 3월 12일 19시,금요일,충청북도 청주시 청원구 내덕동,경상사고,0,0,2,0,차대차 - 추돌,안전운전불이행,건조,맑음,교차로 - 교차로안,승용,여,49세,상해없음,승용,여,32세,경상
2021031200100464,2021년 3월 12일 19시,금요일,충청북도 청주시 서원구 사창동,경상사고,0,0,2,0,차대차 - 기타,안전거리미확보,젖음/습기,비,기타 - 기타,승용,여,43세,상해없음,승용,여,28세,경상
2021031200100465,2021년 3월 12일 19시,금요일,충청북도 괴산군 장연면,경상사고,0,0,1,0,차대차 - 측면충돌,신호위반,건조,맑음,단일로 - 기타,화물,남,62세,상해없음,승용,남,67세,경상
2021031200100552,2021년 3월 12일 21시,금요일,충청북도 청주시 청원구 오창읍,경상사고,0,0,1,0,차대차 - 추돌,안전운전불이행,건조,맑음,교차로 - 교차로부근,승용,남,29세,상해없음,이륜,남,37세,경상
2021031200100583,2021년 3월 12일 22시,금요일,충청북도 청주시 청원구 오창읍,중상사고,0,1,0,0,차대사람 - 기타,안전운전불이행,건조,맑음,교차로 - 교차로안,승용,남,47세,상해없음,보행자,남,52세,중상
2021031200100584,2021년 3월 12일 22시,금요일,충청북도 옥천군 옥천읍,경상사고,0,0,1,0,차대차 - 추돌,안전거리미확보,젖음/습기,흐림,단일로 - 지하차도(도로)내,화물,남,35세,상해없음,승용,남,54세,경상
2021031200100610,2021년 3월 12일 23시,금요일,충청북도 제천시 청전동,경상사고,0,0,1,0,차대차 - 측면충돌,안전운전불이행,건조,흐림,기타 - 기타,승용,남,30세,상해없음,승용,남,26세,상해없음
2021031200100611,2021년 3월 12일 23시,금요일,충청북도 단양군 단양읍,중상사고,0,2,0,0,차대차 - 추돌,안전운전불이행,건조,맑음,단일로 - 기타,승용,남,25세,상해없음,승용,남,44세,중상
2021031200100612,2021년 3월 12일 23시,금요일,충청북도 청주시 상당구 용정동,중상사고,0,1,0,0,차대차 - 추돌,안전운전불이행,건조,맑음,단일로 - 지하차도(도로)내,승용,남,26세,상해없음,개인형이동수단(PM),남,17세,중상
2021031200100613,2021년 3월 12일 23시,금요일,충청북도 청주시 서원구 분평동,경상사고,0,0,1,0,차대차 - 기타,안전운전불이행,건조,맑음,단일로 - 지하차도(도로)내,승용,남,29세,상해없음,승용,남,29세,경상
2021031300100006,2021년 3월 13일 00시,토요일,충청북도 증평군 증평읍,경상사고,0,0,2,0,차대차 - 추돌,안전운전불이행,건조,흐림,단일로 - 기타,승용,남,69세,경상,승용,남,42세,경상
2021031300100031,2021년 3월 13일 03시,토요일,충청북도 청주시 서원구 산남동,중상사고,0,2,2,0,차대차 - 정면충돌,신호위반,건조,맑음,교차로 - 교차로안,특수,남,26세,경상,승용,여,53세,중상
2021031300100048,2021년 3월 13일 06시,토요일,충청북도 청주시 서원구 남이면,중상사고,0,1,2,0,차대차 - 측면충돌,안전거리미확보,기타,안개,단일로 - 기타,승용,여,58세,상해없음,승용,남,59세,중상
2021031300100054,2021년 3월 13일 07시,토요일,충청북도 충주시 신니면,중상사고,0,1,0,0,차대차 - 측면충돌,중앙선침범,젖음/습기,안개,단일로 - 기타,농기계,남,68세,상해없음,원동기,남,54세,중상
2021031300100117,2021년 3월 13일 10시,토요일,충청북도 보은군 회인면,경상사고,0,0,2,0,차대차 - 추돌,중앙선침범,건조,맑음,단일로 - 기타,승용,여,47세,상해없음,승용,남,51세,경상
2021031300100192,2021년 3월 13일 12시,토요일,충청북도 청주시 청원구 오창읍,경상사고,0,0,4,0,차대차 - 기타,중앙선침범,건조,맑음,교차로 - 교차로안,승용,남,83세,상해없음,승용,남,38세,경상
2021031300100305,2021년 3월 13일 15시,토요일,충청북도 제천시 동현동,중상사고,0,1,1,0,차대차 - 측면충돌,차로위반,건조,맑음,기타 - 기타,이륜,남,67세,중상,승용,남,51세,상해없음
2021031300100306,2021년 3월 13일 15시,토요일,충청북도 청주시 흥덕구 복대동,경상사고,0,0,1,0,차대사람 - 횡단중,보행자보호의무위반,건조,맑음,교차로 - 교차로횡단보도내,이륜,남,36세,상해없음,보행자,여,29세,경상
2021031300100333,2021년 3월 13일 16시,토요일,충청북도 옥천군 동이면,중상사고,0,1,0,0,차대차 - 측면충돌,신호위반,건조,맑음,교차로 - 교차로안,이륜,남,80세,중상,승용,남,43세,상해없음
2021031300100334,2021년 3월 13일 16시,토요일,충청북도 청주시 흥덕구 향정동,중상사고,0,4,1,0,차대차 - 기타,신호위반,건조,맑음,교차로 - 교차로안,승용,여,42세,상해없음,승용,남,63세,중상
2021031300100370,2021년 3월 13일 17시,토요일,충청북도 청주시 흥덕구 복대동,경상사고,0,0,1,0,차대차 - 추돌,안전운전불이행,건조,맑음,단일로 - 기타,승용,남,63세,상해없음,승용,남,45세,경상
2021031300100402,2021년 3월 13일 18시,토요일,충청북도 충주시 노은면,경상사고,0,0,2,0,차량단독 - 공작물충돌,기타,건조,맑음,단일로 - 기타,승용,남,63세,경상,,,,
2021031300100441,2021년 3월 13일 19시,토요일,충청북도 청주시 청원구 율량동,경상사고,0,0,3,0,차대차 - 측면충돌,직진우회전진행방해,건조,맑음,기타 - 기타,승용,남,29세,경상,이륜,남,33세,경상
2021031300100468,2021년 3월 13일 20시,토요일,충청북도 제천시 봉양읍,중상사고,0,2,5,0,차대차 - 추돌,안전운전불이행,건조,맑음,교차로 - 교차로부근,승용,남,33세,경상,승용,남,55세,중상
2021031300100469,2021년 3월 13일 20시,토요일,충청북도 청주시 흥덕구 오송읍,경상사고,0,0,1,0,차대차 - 측면충돌,안전운전불이행,건조,맑음,교차로 - 교차로부근,이륜,남,27세,경상,승용,남,57세,상해없음
2021031300100470,2021년 3월 13일 20시,토요일,충청북도 청주시 상당구 용암동,경상사고,0,0,2,0,차대차 - 측면충돌,교차로운행방법위반,건조,맑음,교차로 - 교차로안,승용,남,41세,상해없음,승용,남,31세,경상
2021031300100494,2021년 3월 13일 21시,토요일,충청북도 제천시 장락동,경상사고,0,0,2,0,차대차 - 측면충돌,중앙선침범,건조,맑음,교차로 - 교차로안,승용,남,60세,상해없음,승용,남,23세,경상
2021031300100517,2021년 3월 13일 22시,토요일,충청북도 청주시 서원구 죽림동,경상사고,0,0,1,0,차대차 - 후진중충돌,안전운전불이행,건조,맑음,교차로 - 교차로부근,승용,남,69세,상해없음,승용,남,39세,경상
2021031300100518,2021년 3월 13일 22시,토요일,충청북도 청주시 상당구 서운동,중상사고,0,1,0,0,차대사람 - 기타,안전운전불이행,건조,맑음,단일로 - 기타,승합,남,54세,상해없음,보행자,여,65세,중상
2021031400100023,2021년 3월 14일 02시,일요일,충청북도 청주시 서원구 분평동,부상신고사고,0,0,0,1,차대차 - 측면충돌,안전거리미확보,건조,맑음,단일로 - 기타,이륜,남,27세,부상신고,기타불명,기타불명,미분류,기타불명
2021031400100044,2021년 3월 14일 06시,일요일,충청북도 음성군 대소면,부상신고사고,0,0,0,1,차량단독 - 공작물충돌,안전운전불이행,건조,맑음,단일로 - 기타,승용,남,29세,부상신고,,,,
2021031400100058,2021년 3월 14일 08시,일요일,충청북도 청주시 청원구 북이면,경상사고,0,0,4,0,차대차 - 기타,안전거리미확보,건조,맑음,교차로 - 교차로부근,승용,남,32세,상해없음,승용,남,27세,경상
2021031400100059,2021년 3월 14일 08시,일요일,충청북도 보은군 삼승면,사망사고,1,0,1,0,차대차 - 측면충돌,신호위반,건조,맑음,교차로 - 교차로안,화물,여,65세,경상,이륜,남,63세,사망
2021031400100069,2021년 3월 14일 09시,일요일,충청북도 청주시 흥덕구 봉명동,경상사고,0,0,1,0,차대차 - 측면충돌,신호위반,건조,맑음,교차로 - 교차로안,이륜,남,18세,경상,승용,여,54세,상해없음
2021031400100096,2021년 3월 14일 11시,일요일,충청북도 청주시 흥덕구 가경동,경상사고,0,0,1,0,차량단독 - 기타,안전운전불이행,건조,맑음,단일로 - 기타,이륜,남,28세,경상,,,,
2021031400100097,2021년 3월 14일 11시,일요일,충청북도 청주시 서원구 개신동,중상사고,0,1,0,0,차대차 - 정면충돌,신호위반,건조,맑음,교차로 - 교차로안,승용,남,67세,상해없음,이륜,남,36세,중상
2021031400100117,2021년 3월 14일 12시,일요일,충청북도 제천시 하소동,경상사고,0,0,1,0,차대차 - 측면충돌,안전거리미확보,건조,맑음,교차로 - 교차로안,이륜,남,78세,경상,승합,여,34세,상해없음
2021031400100118,2021년 3월 14일 12시,일요일,충청북도 보은군 삼승면,경상사고,0,0,1,0,차대차 - 측면충돌,교차로운행방법위반,건조,맑음,교차로 - 교차로안,승용,여,53세,상해없음,화물,남,65세,경상
2021031400100175,2021년 3월 14일 14시,일요일,충청북도 충주시 용산동,중상사고,0,1,0,0,차대차 - 측면충돌,안전운전불이행,건조,맑음,교차로 - 교차로안,화물,남,62세,상해없음,승용,남,25세,중상
2021031400100176,2021년 3월 14일 14시,일요일,충청북도 청주시 상당구 서운동,경상사고,0,0,2,0,차대차 - 측면충돌,안전운전불이행,건조,맑음,단일로 - 기타,승용,남,34세,상해없음,승용,남,63세,경상
2021031400100254,2021년 3월 14일 17시,일요일,충청북도 청주시 흥덕구 비하동,부상신고사고,0,0,0,1,차량단독 - 기타,안전운전불이행,건조,맑음,단일로 - 기타,승용,여,44세,부상신고,,,,
2021031400100283,2021년 3월 14일 18시,일요일,충청북도 제천시 하소동,중상사고,0,1,0,0,차대차 - 정면충돌,중앙선침범,건조,맑음,교차로 - 교차로부근,화물,남,62세,상해없음,승용,남,52세,중상
2021031400100284,2021년 3월 14일 18시,일요일,충청북도 청주시 서원구 개신동,경상사고,0,0,1,0,차대차 - 측면충돌,신호위반,건조,맑음,교차로 - 교차로안,이륜,남,33세,상해없음,이륜,남,53세,경상
2021031400100318,2021년 3월 14일 19시,일요일,충청북도 청주시 청원구 오창읍,중상사고,0,1,0,0,차대차 - 측면충돌,안전운전불이행,건조,맑음,교차로 - 교차로안,승용,여,60세,상해없음,이륜,남,24세,중상
2021031400100319,2021년 3월 14일 19시,일요일,충청북도 청주시 청원구 주성동,경상사고,0,0,2,0,차대차 - 추돌,안전운전불이행,건조,맑음,단일로 - 기타,화물,남,54세,상해없음,승용,남,50세,경상
2021031400100320,2021년 3월 14일 19시,일요일,충청북도 청주시 상당구 북문로2가,경상사고,0,0,2,0,차대차 - 기타,안전운전불이행,건조,맑음,단일로 - 기타,이륜,남,17세,기타불명,승용,남,25세,경상
2021031400100321,2021년 3월 14일 19시,일요일,충청북도 청주시 흥덕구 복대동,경상사고,0,0,2,0,차대차 - 기타,중앙선침범,건조,맑음,교차로 - 교차로부근,개인형이동수단(PM),남,17세,경상,이륜,남,47세,경상
2021031400100322,2021년 3월 14일 19시,일요일,충청북도 청주시 흥덕구 옥산면,경상사고,0,0,2,0,차대차 - 추돌,안전거리미확보,건조,맑음,단일로 - 기타,승용,남,29세,상해없음,승용,여,52세,경상
2021031400100323,2021년 3월 14일 19시,일요일,충청북도 청주시 흥덕구 옥산면,경상사고,0,0,2,0,차대차 - 추돌,안전운전불이행,건조,맑음,단일로 - 지하차도(도로)내,승용,남,32세,상해없음,승용,남,58세,경상
2021031400100363,2021년 3월 14일 21시,일요일,충청북도 충주시 칠금동,경상사고,0,0,2,0,차대차 - 측면충돌,안전운전불이행,건조,흐림,교차로 - 교차로안,승용,남,58세,상해없음,승용,남,25세,경상
2021031400100364,2021년 3월 14일 21시,일요일,충청북도 음성군 맹동면,중상사고,0,1,0,0,차대차 - 측면충돌,기타,건조,맑음,교차로 - 교차로안,이륜,남,22세,중상,승용,남,45세,상해없음
2021031400100393,2021년 3월 14일 22시,일요일,충청북도 청주시 흥덕구 가경동,경상사고,0,0,1,0,차대차 - 기타,중앙선침범,건조,맑음,교차로 - 교차로부근,승용,여,39세,상해없음,이륜,남,54세,경상
2021031400100394,2021년 3월 14일 22시,일요일,충청북도 청주시 서원구 산남동,경상사고,0,0,1,0,차대차 - 추돌,안전운전불이행,건조,맑음,교차로 - 교차로부근,승용,남,30세,상해없음,승용,남,48세,경상
2021031500100024,2021년 3월 15일 05시,월요일,충청북도 청주시 흥덕구 봉명동,경상사고,0,0,1,0,차대사람 - 보도통행중,보행자보호의무위반,건조,맑음,교차로 - 교차로안,화물,남,53세,상해없음,보행자,남,60세,경상
2021031500100031,2021년 3월 15일 06시,월요일,충청북도 충주시 용산동,중상사고,0,1,1,0,차대차 - 측면충돌,중앙선침범,건조,맑음,교차로 - 교차로부근,승용,남,19세,상해없음,승용,여,46세,중상
2021031500100083,2021년 3월 15일 08시,월요일,충청북도 청주시 청원구 내덕동,경상사고,0,0,1,0,차대차 - 추돌,안전운전불이행,건조,맑음,교차로 - 교차로부근,화물,남,55세,상해없음,화물,남,55세,경상
2021031500100157,2021년 3월 15일 10시,월요일,충청북도 증평군 증평읍,경상사고,0,0,1,0,차대차 - 측면충돌,신호위반,건조,맑음,교차로 - 교차로부근,이륜,남,72세,경상,화물,남,63세,상해없음
2021031500100158,2021년 3월 15일 10시,월요일,충청북도 증평군 도안면,경상사고,0,0,1,0,차량단독 - 전도전복 - 전도,안전거리미확보,건조,맑음,단일로 - 기타,화물,남,62세,경상,,,,
2021031500100159,2021년 3월 15일 10시,월요일,충청북도 보은군 내북면,중상사고,0,1,0,0,차대차 - 추돌,안전운전불이행,건조,맑음,교차로 - 교차로부근,승용,여,58세,상해없음,이륜,남,79세,중상
2021031500100160,2021년 3월 15일 10시,월요일,충청북도 음성군 소이면,경상사고,0,0,2,0,차대차 - 측면충돌,안전거리미확보,건조,맑음,단일로 - 기타,농기계,남,80세,상해없음,화물,남,31세,경상
2021031500100209,2021년 3월 15일 12시,월요일,충청북도 음성군 맹동면,경상사고,0,0,2,0,차대차 - 측면충돌,중앙선침범,건조,맑음,단일로 - 기타,화물,남,63세,상해없음,승용,남,54세,경상
2021031500100210,2021년 3월 15일 12시,월요일,충청북도 청주시 서원구 죽림동,경상사고,0,0,3,0,차대차 - 측면충돌,안전운전불이행,건조,맑음,교차로 - 교차로안,승용,남,56세,상해없음,화물,남,31세,경상
2021031500100211,2021년 3월 15일 12시,월요일,충청북도 청주시 상당구 용담동,중상사고,0,1,0,0,차대차 - 측면충돌,안전거리미확보,건조,맑음,단일로 - 지하차도(도로)내,승합,남,27세,상해없음,승용,여,18세,중상
2021031500100232,2021년 3월 15일 13시,월요일,충청북도 청주시 청원구 내덕동,경상사고,0,0,1,0,차대차 - 측면충돌,안전운전불이행,건조,맑음,단일로 - 기타,승용,남,37세,상해없음,이륜,남,27세,경상
2021031500100233,2021년 3월 15일 13시,월요일,충청북도 청주시 서원구 남이면,경상사고,0,0,3,0,차대차 - 측면충돌,안전운전불이행,건조,맑음,단일로 - 기타,승용,남,63세,경상,승용,남,55세,경상
2021031500100265,2021년 3월 15일 14시,월요일,충청북도 청주시 청원구 우암동,부상신고사고,0,0,0,1,차대차 - 기타,안전운전불이행,건조,맑음,단일로 - 기타,원동기,남,30세,상해없음,승용,여,46세,부상신고
2021031500100266,2021년 3월 15일 14시,월요일,충청북도 충주시 칠금동,경상사고,0,0,2,0,차대차 - 기타,안전운전불이행,건조,맑음,교차로 - 교차로안,승용,여,23세,상해없음,승용,여,32세,경상
2021031500100267,2021년 3월 15일 14시,월요일,충청북도 제천시 서부동,경상사고,0,0,2,0,차대차 - 측면충돌,교차로운행방법위반,건조,맑음,교차로 - 교차로안,승용,남,59세,상해없음,승용,남,29세,경상
2021031500100268,2021년 3월 15일 14시,월요일,충청북도 단양군 매포읍,경상사고,0,0,1,0,차대차 - 추돌,안전운전불이행,건조,맑음,단일로 - 기타,이륜,남,52세,경상,승용,남,55세,상해없음
2021031500100374,2021년 3월 15일 17시,월요일,충청북도 제천시 하소동,경상사고,0,0,2,0,차대차 - 측면충돌,교차로운행방법위반,건조,맑음,교차로 - 교차로안,승용,남,64세,상해없음,승용,여,24세,경상
2021031500100375,2021년 3월 15일 17시,월요일,충청북도 단양군 영춘면,경상사고,0,0,1,0,차량단독 - 공작물충돌,안전운전불이행,건조,맑음,단일로 - 기타,화물,남,63세,경상,,,,
2021031500100376,2021년 3월 15일 17시,월요일,충청북도 청주시 흥덕구 비하동,중상사고,0,1,0,0,차대사람 - 횡단중,신호위반,건조,맑음,교차로 - 교차로횡단보도내,원동기,남,16세,상해없음,보행자,여,14세,중상
2021031500100420,2021년 3월 15일 18시,월요일,충청북도 청주시 서원구 사창동,경상사고,0,0,1,0,차대차 - 측면충돌,안전거리미확보,건조,맑음,단일로 - 기타,승용,남,61세,상해없음,승용,남,25세,경상
2021031500100421,2021년 3월 15일 18시,월요일,충청북도 청주시 흥덕구 봉명동,경상사고,0,0,1,0,차대차 - 측면충돌,교차로운행방법위반,건조,맑음,교차로 - 교차로안,화물,남,56세,상해없음,이륜,남,50세,경상
2021031500100422,2021년 3월 15일 18시,월요일,충청북도 청주시 상당구 방서동,경상사고,0,0,1,0,차대사람 - 기타,신호위반,건조,흐림,단일로 - 기타,이륜,남,17세,상해없음,보행자,남,24세,경상
2021031600100039,2021년 3월 16일 05시,화요일,충청북도 충주시 호암동,경상사고,0,0,1,0,차대사람 - 횡단중,안전운전불이행,건조,기타,교차로 - 교차로부근,승합,남,71세,상해없음,보행자,남,71세,경상
2021031600100040,2021년 3월 16일 05시,화요일,충청북도 음성군 금왕읍,사망사고,1,0,0,0,차대차 - 정면충돌,신호위반,젖음/습기,맑음,교차로 - 교차로안,건설기계,남,49세,상해없음,자전거,남,75세,사망
2021031600100041,2021년 3월 16일 05시,화요일,충청북도 진천군 진천읍,중상사고,0,1,0,0,차대사람 - 기타,안전운전불이행,젖음/습기,흐림,기타 - 기타,화물,남,60세,상해없음,보행자,남,71세,중상
2021031600100055,2021년 3월 16일 06시,화요일,충청북도 음성군 맹동면,경상사고,0,0,1,0,차대차 - 측면충돌,신호위반,건조,맑음,교차로 - 교차로안,승용,여,64세,상해없음,승용,여,62세,경상
2021031600100073,2021년 3월 16일 07시,화요일,충청북도 청주시 흥덕구 비하동,경상사고,0,0,1,0,차대차 - 측면충돌,안전운전불이행,건조,맑음,단일로 - 기타,승용,남,52세,상해없음,자전거,남,30세,경상
2021031600100110,2021년 3월 16일 08시,화요일,충청북도 충주시 중앙탑면,중상사고,0,1,0,0,차대차 - 추돌,안전운전불이행,건조,맑음,교차로 - 교차로부근,승용,남,33세,상해없음,승용,남,36세,중상
2021031600100174,2021년 3월 16일 10시,화요일,충청북도 청주시 서원구 남이면,경상사고,0,0,1,0,차대차 - 기타,차로위반,건조,맑음,기타 - 기타,승용,남,76세,기타불명,화물,남,57세,경상
2021031600100272,2021년 3월 16일 13시,화요일,충청북도 충주시 교현동,경상사고,0,0,1,0,차대차 - 정면충돌,중앙선침범,건조,맑음,기타 - 기타,개인형이동수단(PM),여,18세,경상,승용,여,46세,상해없음
2021031600100299,2021년 3월 16일 14시,화요일,충청북도 제천시 금성면,중상사고,0,1,1,0,차대차 - 정면충돌,중앙선침범,건조,맑음,교차로 - 교차로부근,승용,남,35세,상해없음,화물,여,63세,중상
2021031600100300,2021년 3월 16일 14시,화요일,충청북도 괴산군 청안면,경상사고,0,0,1,0,차량단독 - 기타,안전운전불이행,건조,맑음,교차로 - 교차로부근,자전거,남,33세,경상,,,,
2021031600100334,2021년 3월 16일 15시,화요일,충청북도 제천시 봉양읍,중상사고,0,1,2,0,차대차 - 추돌,안전거리미확보,건조,맑음,교차로 - 교차로부근,승용,남,65세,기타불명,승용,남,40세,경상
2021031600100335,2021년 3월 16일 15시,화요일,충청북도 청주시 상당구 운동동,중상사고,0,1,0,0,차대사람 - 횡단중,안전운전불이행,건조,맑음,교차로 - 교차로횡단보도내,승용,남,77세,상해없음,보행자,여,14세,중상
2021031600100369,2021년 3월 16일 16시,화요일,충청북도 청주시 상당구 서문동,경상사고,0,0,2,0,차대차 - 측면충돌,교차로운행방법위반,건조,맑음,교차로 - 교차로안,승용,남,79세,상해없음,승용,남,26세,경상
2021031600100401,2021년 3월 16일 17시,화요일,충청북도 증평군 증평읍,경상사고,0,0,1,0,차대차 - 추돌,안전운전불이행,건조,맑음,단일로 - 기타,이륜,남,47세,상해없음,화물,남,70세,경상
2021031600100402,2021년 3월 16일 17시,화요일,충청북도 청주시 서원구 남이면,경상사고,0,0,1,0,차대차 - 정면충돌,기타,건조,맑음,단일로 - 기타,승용,남,23세,상해없음,화물,남,56세,경상
2021031600100448,2021년 3월 16일 18시,화요일,충청북도 청주시 청원구 내수읍,경상사고,0,0,4,0,차대차 - 측면충돌,교차로운행방법위반,건조,맑음,교차로 - 교차로안,승용,여,61세,경상,승용,남,61세,경상
2021031600100449,2021년 3월 16일 18시,화요일,충청북도 음성군 감곡면,경상사고,0,0,2,0,차대차 - 측면충돌,직진우회전진행방해,건조,맑음,교차로 - 교차로안,승용,여,67세,경상,승용,남,50세,경상
2021031600100450,2021년 3월 16일 18시,화요일,충청북도 청주시 흥덕구 복대동,경상사고,0,0,1,0,차대차 - 측면충돌,안전운전불이행,건조,맑음,기타 - 기타,승용,여,34세,상해없음,승용,남,61세,경상
2021031600100496,2021년 3월 16일 19시,화요일,충청북도 옥천군 이원면,중상사고,0,1,0,0,차량단독 - 전도전복 - 전도,안전운전불이행,기타,맑음,기타 - 기타,원동기,남,79세,중상,,,,
2021031600100518,2021년 3월 16일 20시,화요일,충청북도 청주시 청원구 율량동,중상사고,0,1,1,0,차대사람 - 기타,안전운전불이행,건조,맑음,교차로 - 교차로안,승합,남,41세,상해없음,보행자,남,40세,경상
2021031600100569,2021년 3월 16일 22시,화요일,충청북도 제천시 왕암동,경상사고,0,0,3,0,차대차 - 정면충돌,중앙선침범,건조,맑음,교차로 - 교차로부근,승용,남,58세,상해없음,승용,여,56세,경상
2021031700100017,2021년 3월 17일 03시,수요일,충청북도 충주시 대소원면,중상사고,0,1,0,0,차량단독 - 공작물충돌,안전운전불이행,건조,맑음,단일로 - 기타,승용,남,26세,상해없음,,,,
2021031700100035,2021년 3월 17일 06시,수요일,충청북도 음성군 대소면,중상사고,0,1,1,0,차대차 - 측면충돌,기타,건조,맑음,교차로 - 교차로안,승용,여,63세,경상,승용,남,72세,중상
2021031700100054,2021년 3월 17일 07시,수요일,충청북도 청주시 청원구 외남동,경상사고,0,0,1,0,차대차 - 측면충돌,안전운전불이행,건조,맑음,기타 - 기타,승용,남,29세,상해없음,승용,남,25세,경상
2021031700100082,2021년 3월 17일 08시,수요일,충청북도 청주시 상당구 석교동,중상사고,0,1,0,0,차대사람 - 보도통행중,신호위반,건조,맑음,교차로 - 교차로횡단보도내,화물,남,31세,상해없음,보행자,여,44세,중상
2021031700100135,2021년 3월 17일 10시,수요일,충청북도 청주시 서원구 분평동,경상사고,0,0,1,0,차대차 - 후진중충돌,안전운전불이행,건조,맑음,단일로 - 터널,화물,남,65세,상해없음,승용,여,57세,경상
2021031700100164,2021년 3월 17일 11시,수요일,충청북도 청주시 상당구 미원면,중상사고,0,1,0,0,차대차 - 후진중충돌,안전운전불이행,건조,맑음,교차로 - 교차로안,화물,남,68세,상해없음,이륜,여,59세,중상
2021031700100199,2021년 3월 17일 12시,수요일,충청북도 청주시 상당구 낭성면,경상사고,0,0,1,0,차대차 - 측면충돌,안전운전불이행,건조,맑음,단일로 - 기타,승용,남,46세,기타불명,승용,여,47세,경상
2021031700100231,2021년 3월 17일 13시,수요일,충청북도 옥천군 옥천읍,중상사고,0,1,0,0,차대사람 - 횡단중,안전운전불이행,건조,맑음,단일로 - 기타,승용,남,77세,상해없음,보행자,여,84세,중상
2021031700100232,2021년 3월 17일 13시,수요일,충청북도 옥천군 옥천읍,경상사고,0,0,2,0,차대차 - 후진중충돌,안전운전불이행,건조,맑음,단일로 - 기타,화물,남,69세,상해없음,승용,여,33세,경상
2021031700100304,2021년 3월 17일 15시,수요일,충청북도 음성군 금왕읍,중상사고,0,1,2,0,차대차 - 측면충돌,안전운전불이행,건조,맑음,교차로 - 교차로부근,승용,남,39세,상해없음,승용,여,61세,경상
2021031700100305,2021년 3월 17일 15시,수요일,충청북도 청주시 상당구 영운동,사망사고,1,0,0,0,차대사람 - 기타,안전운전불이행,건조,맑음,교차로 - 교차로부근,화물,남,54세,상해없음,보행자,남,80세,사망
2021031700100336,2021년 3월 17일 16시,수요일,충청북도 청주시 청원구 내덕동,경상사고,0,0,3,0,차대차 - 기타,신호위반,건조,맑음,교차로 - 교차로안,승용,남,84세,상해없음,승용,여,39세,경상
2021031700100337,2021년 3월 17일 16시,수요일,충청북도 진천군 광혜원면,경상사고,0,0,2,0,차대차 - 측면충돌,직진우회전진행방해,건조,맑음,교차로 - 교차로안,승용,여,61세,상해없음,화물,남,38세,경상
2021031700100338,2021년 3월 17일 16시,수요일,충청북도 청주시 흥덕구 송정동,중상사고,0,1,1,0,차대차 - 측면충돌,신호위반,건조,맑음,교차로 - 교차로안,이륜,남,20세,중상,승용,여,34세,경상
2021031700100379,2021년 3월 17일 17시,수요일,충청북도 음성군 금왕읍,중상사고,0,1,0,0,차대차 - 정면충돌,중앙선침범,건조,흐림,단일로 - 기타,승용,남,58세,상해없음,승용,남,60세,중상
2021031700100380,2021년 3월 17일 17시,수요일,충청북도 음성군 맹동면,경상사고,0,0,1,0,차대차 - 측면충돌,중앙선침범,건조,맑음,교차로 - 교차로부근,승용,남,35세,상해없음,승용,여,41세,경상
2021031700100423,2021년 3월 17일 18시,수요일,충청북도 보은군 마로면,경상사고,0,0,1,0,차대차 - 기타,안전운전불이행,건조,맑음,단일로 - 기타,승합,남,60세,상해없음,승용,여,69세,경상
2021031700100424,2021년 3월 17일 18시,수요일,충청북도 청주시 흥덕구 봉명동,중상사고,0,1,0,0,차대사람 - 기타,보행자보호의무위반,건조,맑음,교차로 - 교차로횡단보도내,승용,여,31세,상해없음,보행자,남,65세,중상
2021031700100425,2021년 3월 17일 18시,수요일,충청북도 청주시 상당구 금천동,중상사고,0,1,0,0,차대차 - 기타,안전운전불이행,건조,맑음,교차로 - 교차로안,승용,여,43세,상해없음,이륜,남,55세,중상