사고번호,사고일시,요일,시군구,사고내용,사망자수,중상자수,경상자수,부상신고자수,사고유형,법규위반,노면상태,기상상태,도로형태,가해운전자 차종,가해운전자 성별,가해운전자 연령,가해운전자 상해정도,피해운전자 차종,피해운전자 성별,피해운전자 연령,피해운전자 상해정도
2021031700100462,2021년 3월 17일 19시,수요일,충청북도 괴산군 괴산읍,중상사고,0,1,0,0,차대사람 - 횡단중,보행자보호의무위반,건조,맑음,교차로 - 교차로횡단보도내,승용,남,75세,상해없음,보행자,여,19세,중상
2021031700100500,2021년 3월 17일 20시,수요일,충청북도 청주시 서원구 사창동,경상사고,0,0,1,0,차대차 - 측면충돌,안전운전불이행,건조,맑음,교차로 - 교차로안,승용,남,68세,상해없음,승용,남,61세,경상
2021031700100501,2021년 3월 17일 20시,수요일,충청북도 청주시 서원구 사직동,경상사고,0,0,2,0,차대차 - 기타,안전운전불이행,건조,맑음,교차로 - 교차로부근,승용,여,47세,상해없음,승용,남,39세,경상
2021031700100502,2021년 3월 17일 20시,수요일,충청북도 청주시 상당구 지북동,중상사고,0,2,0,0,차대차 - 측면충돌,신호위반,건조,맑음,교차로 - 교차로안,승용,여,25세,상해없음,승용,남,55세,중상
2021031700100526,2021년 3월 17일 21시,수요일,충청북도 제천시 송학면,경상사고,0,0,4,0,차대차 - 측면충돌,안전거리미확보,건조,맑음,단일로 - 지하차도(도로)내,특수,남,68세,상해없음,승용,남,44세,경상
2021031700100527,2021년 3월 17일 21시,수요일,충청북도 청주시 서원구 수곡동,중상사고,0,1,0,0,차대사람 - 기타,안전운전불이행,건조,맑음,단일로 - 기타,승용,남,30세,상해없음,보행자,남,32세,중상
2021031700100528,2021년 3월 17일 21시,수요일,충청북도 청주시 서원구 수곡동,중상사고,0,1,0,0,차대차 - 측면충돌,신호위반,건조,맑음,교차로 - 교차로안,승용,여,36세,상해없음,승용,남,67세,중상
2021031700100580,2021년 3월 17일 23시,수요일,충청북도 청주시 서원구 산남동,경상사고,0,0,1,0,차대차 - 추돌,안전운전불이행,건조,맑음,단일로 - 지하차도(도로)내,화물,남,45세,상해없음,승용,남,49세,경상
2021031800100017,2021년 3월 18일 02시,목요일,충청북도 청주시 흥덕구 복대동,경상사고,0,0,1,0,차대차 - 기타,신호위반,건조,맑음,교차로 - 교차로안,승용,남,37세,상해없음,승합,남,39세,경상
2021031800100022,2021년 3월 18일 03시,목요일,충청북도 영동군 추풍령면,중상사고,0,1,0,0,차대차 - 추돌,안전운전불이행,건조,맑음,단일로 - 기타,승용,남,27세,상해없음,승용,남,27세,중상
2021031800100026,2021년 3월 18일 04시,목요일,충청북도 충주시 교현동,경상사고,0,0,2,1,차대차 - 정면충돌,직진우회전진행방해,건조,맑음,교차로 - 교차로안,원동기,남,22세,부상신고,승용,남,80세,경상
2021031800100067,2021년 3월 18일 07시,목요일,충청북도 청주시 청원구 주성동,경상사고,0,0,1,0,차대차 - 추돌,안전운전불이행,건조,맑음,단일로 - 기타,승용,여,46세,상해없음,승용,여,52세,경상
2021031800100093,2021년 3월 18일 08시,목요일,충청북도 청주시 상당구 서운동,경상사고,0,0,2,0,차대차 - 측면충돌,중앙선침범,건조,맑음,단일로 - 기타,승용,여,73세,경상,승용,여,58세,경상
2021031800100119,2021년 3월 18일 09시,목요일,충청북도 청주시 서원구 현도면,경상사고,0,0,1,0,차대차 - 측면충돌,안전거리미확보,건조,맑음,기타 - 기타,특수,남,48세,상해없음,승용,여,62세,경상
2021031800100141,2021년 3월 18일 10시,목요일,충청북도 충주시 대소원면,중상사고,0,1,1,0,차대차 - 기타,직진우회전진행방해,건조,맑음,교차로 - 교차로부근,승용,남,74세,중상,화물,남,24세,경상
2021031800100168,2021년 3월 18일 11시,목요일,충청북도 청주시 서원구 개신동,경상사고,0,0,1,0,차대차 - 후진중충돌,불법유턴,건조,맑음,단일로 - 기타,승용,남,49세,상해없음,승용,여,26세,경상
2021031800100169,2021년 3월 18일 11시,목요일,충청북도 청주시 상당구 낭성면,중상사고,0,1,2,0,차대차 - 추돌,안전운전불이행,건조,맑음,교차로 - 교차로부근,승용,남,32세,상해없음,승용,남,80세,경상
2021031800100199,2021년 3월 18일 12시,목요일,충청북도 옥천군 옥천읍,중상사고,0,1,0,0,차대사람 - 횡단중,안전운전불이행,건조,맑음,교차로 - 교차로안,승용,남,26세,상해없음,보행자,여,76세,중상
2021031800100200,2021년 3월 18일 12시,목요일,충청북도 청주시 서원구 죽림동,경상사고,0,0,4,0,차대차 - 측면충돌,직진우회전진행방해,건조,맑음,교차로 - 교차로안,승용,여,36세,경상,승용,남,62세,경상
2021031800100226,2021년 3월 18일 13시,목요일,충청북도 충주시 중앙탑면,경상사고,0,0,1,0,차대차 - 측면충돌,직진우회전진행방해,건조,맑음,교차로 - 교차로안,원동기,남,82세,경상,승용,남,66세,상해없음
2021031800100227,2021년 3월 18일 13시,목요일,충청북도 청주시 흥덕구 신촌동,경상사고,0,0,1,0,차대차 - 측면충돌,신호위반,건조,맑음,교차로 - 교차로안,승용,남,59세,상해없음,승용,남,58세,경상
2021031800100296,2021년 3월 18일 15시,목요일,충청북도 진천군 덕산읍,경상사고,0,0,1,0,차량단독 - 기타,안전운전불이행,건조,맑음,단일로 - 기타,사륜오토바이(ATV),남,71세,경상,,,,
2021031800100297,2021년 3월 18일 15시,목요일,충청북도 청주시 흥덕구 가경동,중상사고,0,1,0,0,차대차 - 측면충돌,기타,건조,맑음,교차로 - 교차로안,승용,남,56세,상해없음,자전거,여,36세,중상
2021031800100329,2021년 3월 18일 16시,목요일,충청북도 청주시 청원구 내수읍,경상사고,0,0,1,0,차대차 - 기타,안전운전불이행,건조,맑음,기타 - 기타,승용,여,68세,상해없음,승용,남,37세,상해없음
2021031800100330,2021년 3월 18일 16시,목요일,충청북도 증평군 증평읍,경상사고,0,0,1,0,차량단독 - 기타,안전운전불이행,건조,맑음,교차로 - 교차로부근,승합,남,56세,상해없음,,,,
2021031800100364,2021년 3월 18일 17시,목요일,충청북도 청주시 흥덕구 가경동,경상사고,0,0,1,0,차대차 - 측면충돌,교차로운행방법위반,건조,맑음,교차로 - 교차로안,화물,남,60세,상해없음,승용,여,25세,경상
2021031800100396,2021년 3월 18일 18시,목요일,충청북도 음성군 맹동면,중상사고,0,1,1,0,차대차 - 측면충돌,신호위반,건조,맑음,교차로 - 교차로안,이륜,남,51세,중상,승용,여,42세,경상
2021031800100397,2021년 3월 18일 18시,목요일,충청북도 음성군 음성읍,중상사고,0,1,0,0,차량단독 - 전도전복 - 전도,안전운전불이행,건조,맑음,단일로 - 기타,이륜,남,73세,중상,,,,
2021031800100431,2021년 3월 18일 19시,목요일,충청북도 증평군 증평읍,경상사고,0,0,2,0,차대차 - 정면충돌,기타,건조,맑음,교차로 - 교차로안,화물,남,64세,경상,승용,남,64세,경상
2021031800100432,2021년 3월 18일 19시,목요일,충청북도 진천군 덕산읍,중상사고,0,1,0,0,차대차 - 정면충돌,신호위반,건조,맑음,교차로 - 교차로안,승용,여,42세,상해없음,이륜,남,19세,중상
2021031800100433,2021년 3월 18일 19시,목요일,충청북도 청주시 서원구 모충동,중상사고,0,1,0,0,차대사람 - 기타,안전운전불이행,건조,맑음,단일로 - 지하차도(도로)내,승용,남,50세,상해없음,보행자,남,5세,중상
2021031800100456,2021년 3월 18일 20시,목요일,충청북도 진천군 진천읍,경상사고,0,0,1,0,차대사람 - 횡단중,신호위반,건조,맑음,교차로 - 교차로안,승용,여,60세,상해없음,보행자,남,55세,경상
2021031800100475,2021년 3월 18일 21시,목요일,충청북도 청주시 청원구 북이면,경상사고,0,0,2,0,차대차 - 추돌,안전거리미확보,건조,맑음,교차로 - 교차로안,승용,남,44세,상해없음,승용,여,66세,경상
2021031800100476,2021년 3월 18일 21시,목요일,충청북도 충주시 연수동,중상사고,0,1,0,0,차대차 - 측면충돌,직진우회전진행방해,건조,맑음,단일로 - 기타,승용,남,27세,상해없음,이륜,남,49세,중상
2021031800100519,2021년 3월 18일 23시,목요일,충청북도 청주시 흥덕구 가경동,경상사고,0,0,1,0,차량단독 - 기타,안전운전불이행,건조,맑음,교차로 - 교차로부근,승용,남,52세,상해없음,,,,
2021031900100005,2021년 3월 19일 00시,금요일,충청북도 청주시 서원구 개신동,중상사고,0,1,4,0,차대차 - 측면충돌,신호위반,건조,맑음,교차로 - 교차로안,승용,남,52세,상해없음,승용,남,61세,중상
2021031900100031,2021년 3월 19일 05시,금요일,충청북도 청주시 흥덕구 지동동,중상사고,0,1,0,0,차대사람 - 차도통행중,중앙선침범,건조,맑음,단일로 - 기타,승용,여,38세,상해없음,보행자,남,25세,중상
2021031900100032,2021년 3월 19일 05시,금요일,충청북도 청주시 서원구 산남동,중상사고,0,2,0,0,차대차 - 측면충돌,신호위반,건조,맑음,교차로 - 교차로안,승용,남,33세,중상,화물,남,49세,중상
2021031900100081,2021년 3월 19일 08시,금요일,충청북도 충주시 호암동,중상사고,0,1,2,0,차대차 - 정면충돌,중앙선침범,건조,맑음,단일로 - 기타,이륜,남,79세,중상,승용,남,72세,경상
2021031900100142,2021년 3월 19일 10시,금요일,충청북도 제천시 송학면,경상사고,0,0,1,0,차대차 - 정면충돌,직진우회전진행방해,건조,맑음,기타 - 기타,승용,남,64세,상해없음,자전거,남,73세,경상
2021031900100212,2021년 3월 19일 12시,금요일,충청북도 청주시 상당구 용암동,경상사고,0,0,1,0,차대사람 - 기타,안전운전불이행,건조,맑음,교차로 - 교차로안,승용,남,62세,상해없음,보행자,남,30세,경상
2021031900100278,2021년 3월 19일 14시,금요일,충청북도 충주시 교현동,경상사고,0,0,1,0,차대차 - 정면충돌,안전운전불이행,건조,맑음,단일로 - 기타,승용,여,33세,상해없음,승용,여,57세,경상
2021031900100414,2021년 3월 19일 17시,금요일,충청북도 청주시 청원구 사천동,경상사고,0,0,1,0,차대차 - 기타,안전운전불이행,건조,맑음,단일로 - 기타,승용,남,52세,상해없음,승용,남,21세,경상
2021031900100415,2021년 3월 19일 17시,금요일,충청북도 음성군 감곡면,경상사고,0,0,1,0,차대차 - 추돌,안전운전불이행,건조,맑음,교차로 - 교차로부근,화물,남,64세,경상,화물,남,61세,상해없음
2021031900100416,2021년 3월 19일 17시,금요일,충청북도 청주시 흥덕구 복대동,경상사고,0,0,2,0,차대차 - 측면충돌,안전운전불이행,건조,맑음,교차로 - 교차로안,승용,남,27세,상해없음,승용,여,30세,경상
2021031900100455,2021년 3월 19일 18시,금요일,충청북도 청주시 상당구 미원면,경상사고,0,0,1,0,차대차 - 후진중충돌,안전운전불이행,건조,맑음,주차장 - 주차장,화물,남,64세,기타불명,승용,여,58세,경상
2021031900100500,2021년 3월 19일 19시,금요일,충청북도 보은군 내북면,중상사고,0,1,1,0,차대차 - 정면충돌,중앙선침범,건조,맑음,단일로 - 기타,이륜,남,58세,중상,농기계,남,48세,경상
2021031900100501,2021년 3월 19일 19시,금요일,충청북도 진천군 진천읍,경상사고,0,0,1,0,차대차 - 기타,안전거리미확보,건조,맑음,단일로 - 기타,기타불명,기타불명,미분류,기타불명,승용,남,40세,상해없음
2021031900100550,2021년 3월 19일 20시,금요일,충청북도 청주시 흥덕구 봉명동,경상사고,0,0,1,0,차대사람 - 횡단중,보행자보호의무위반,건조,맑음,교차로 - 교차로횡단보도내,승용,남,68세,상해없음,보행자,남,49세,경상
2021031900100551,2021년 3월 19일 20시,금요일,충청북도 청주시 상당구 영동,부상신고사고,0,0,0,1,차대차 - 측면충돌,안전운전불이행,건조,맑음,단일로 - 기타,개인형이동수단(PM),남,16세,부상신고,승용,남,59세,상해없음
2021031900100652,2021년 3월 19일 23시,금요일,충청북도 충주시 금릉동,경상사고,0,0,1,0,차대차 - 측면충돌,교차로운행방법위반,건조,맑음,교차로 - 교차로안,화물,남,62세,상해없음,승용,남,39세,경상
2021031900100653,2021년 3월 19일 23시,금요일,충청북도 음성군 금왕읍,경상사고,0,0,2,0,차대차 - 추돌,안전운전불이행,건조,맑음,단일로 - 지하차도(도로)내,승용,남,50세,상해없음,승용,남,38세,경상
2021032000100034,2021년 3월 20일 05시,토요일,충청북도 음성군 삼성면,경상사고,0,0,2,0,차대차 - 추돌,안전운전불이행,건조,맑음,교차로 - 교차로부근,승용,남,49세,경상,특수,남,39세,경상
2021032000100065,2021년 3월 20일 08시,토요일,충청북도 충주시 문화동,중상사고,0,1,0,0,차대차 - 정면충돌,교차로운행방법위반,젖음/습기,비,교차로 - 교차로부근,승용,남,66세,상해없음,승용,남,25세,중상
2021032000100160,2021년 3월 20일 12시,토요일,충청북도 충주시 칠금동,중상사고,0,1,0,0,차대사람 - 횡단중,보행자보호의무위반,젖음/습기,비,단일로 - 기타,승용,남,54세,상해없음,보행자,여,23세,중상
2021032000100161,2021년 3월 20일 12시,토요일,충청북도 청주시 흥덕구 비하동,경상사고,0,0,1,0,차대차 - 측면충돌,안전운전불이행,건조,맑음,교차로 - 교차로안,승용,여,60세,상해없음,승용,여,47세,경상
2021032000100162,2021년 3월 20일 12시,토요일,충청북도 청주시 흥덕구 가경동,경상사고,0,0,1,0,차대차 - 기타,안전거리미확보,젖음/습기,비,단일로 - 기타,승용,남,34세,상해없음,이륜,남,16세,경상
2021032000100198,2021년 3월 20일 13시,토요일,충청북도 청주시 청원구 오창읍,경상사고,0,0,2,0,차대차 - 추돌,안전운전불이행,젖음/습기,비,교차로 - 교차로부근,승용,남,20세,상해없음,승용,남,62세,경상
2021032000100199,2021년 3월 20일 13시,토요일,충청북도 제천시 장락동,경상사고,0,0,2,0,차대차 - 측면충돌,신호위반,젖음/습기,비,교차로 - 교차로안,승용,남,68세,상해없음,승용,여,47세,경상
2021032000100200,2021년 3월 20일 13시,토요일,충청북도 보은군 삼승면,경상사고,0,0,3,0,차대차 - 측면충돌,교차로운행방법위반,젖음/습기,안개,교차로 - 교차로안,승용,남,56세,경상,승용,남,80세,경상
2021032000100201,2021년 3월 20일 13시,토요일,충청북도 청주시 흥덕구 오송읍,경상사고,0,0,1,0,차대차 - 측면충돌,안전운전불이행,건조,맑음,단일로 - 기타,승용,남,68세,상해없음,승용,여,19세,경상
2021032000100238,2021년 3월 20일 14시,토요일,충청북도 청주시 상당구 수동,경상사고,0,0,1,0,차대차 - 기타,안전운전불이행,젖음/습기,맑음,교차로 - 교차로부근,승용,남,69세,상해없음,승용,여,64세,경상
2021032000100267,2021년 3월 20일 15시,토요일,충청북도 청주시 흥덕구 강서동,중상사고,0,1,1,0,차대차 - 기타,신호위반,젖음/습기,흐림,교차로 - 교차로안,승용,남,67세,상해없음,이륜,남,38세,중상
2021032000100326,2021년 3월 20일 17시,토요일,충청북도 음성군 대소면,경상사고,0,0,1,0,차대차 - 정면충돌,직진우회전진행방해,건조,맑음,교차로 - 교차로안,승용,남,61세,상해없음,승용,남,56세,경상
2021032000100327,2021년 3월 20일 17시,토요일,충청북도 청주시 흥덕구 복대동,경상사고,0,0,1,0,차대차 - 측면충돌,교차로운행방법위반,건조,맑음,교차로 - 교차로안,승용,남,72세,상해없음,승용,남,53세,상해없음
2021032000100328,2021년 3월 20일 17시,토요일,충청북도 청주시 서원구 모충동,부상신고사고,0,0,0,1,차대차 - 측면충돌,안전운전불이행,건조,맑음,교차로 - 교차로안,이륜,남,66세,부상신고,승용,남,56세,상해없음
2021032000100362,2021년 3월 20일 18시,토요일,충청북도 영동군 영동읍,경상사고,0,0,1,0,차대차 - 정면충돌,직진우회전진행방해,건조,맑음,교차로 - 교차로안,승용,남,21세,상해없음,이륜,남,36세,경상
2021032000100363,2021년 3월 20일 18시,토요일,충청북도 청주시 상당구 용암동,중상사고,0,1,1,0,차대차 - 추돌,신호위반,건조,맑음,교차로 - 교차로안,이륜,남,24세,경상,이륜,남,50세,중상
2021032000100398,2021년 3월 20일 19시,토요일,충청북도 청주시 흥덕구 신봉동,경상사고,0,0,1,0,차대차 - 정면충돌,안전운전불이행,젖음/습기,비,교차로 - 교차로안,승용,남,63세,상해없음,이륜,남,49세,경상
2021032000100432,2021년 3월 20일 20시,토요일,충청북도 충주시 봉방동,중상사고,0,1,2,0,차대차 - 측면충돌,직진우회전진행방해,건조,흐림,교차로 - 교차로안,승용,남,56세,경상,승용,남,22세,중상
2021032000100433,2021년 3월 20일 20시,토요일,충청북도 충주시 칠금동,경상사고,0,0,4,0,차대차 - 기타,안전운전불이행,건조,맑음,교차로 - 교차로안,승용,여,57세,상해없음,승용,남,37세,경상
2021032000100434,2021년 3월 20일 20시,토요일,충청북도 청주시 상당구 용암동,경상사고,0,0,3,1,차대차 - 추돌,교차로운행방법위반,건조,맑음,교차로 - 교차로안,승용,여,34세,부상신고,승용,남,54세,경상
2021032000100459,2021년 3월 20일 21시,토요일,충청북도 충주시 연수동,경상사고,0,0,1,0,차대사람 - 차도통행중,안전운전불이행,건조,맑음,교차로 - 교차로부근,승용,남,66세,상해없음,보행자,남,25세,경상
2021032000100460,2021년 3월 20일 21시,토요일,충청북도 청주시 상당구 용암동,경상사고,0,0,1,0,차대차 - 기타,교차로운행방법위반,건조,맑음,교차로 - 교차로안,승용,여,50세,상해없음,이륜,남,29세,경상
2021032000100492,2021년 3월 20일 22시,토요일,충청북도 청주시 서원구 모충동,중상사고,0,1,0,0,차대차 - 정면충돌,신호위반,건조,맑음,교차로 - 교차로안,승용,남,51세,상해없음,이륜,남,28세,중상
2021032100100013,2021년 3월 21일 01시,일요일,충청북도 진천군 광혜원면,경상사고,0,0,1,0,차대사람 - 횡단중,안전운전불이행,건조,맑음,단일로 - 기타,승용,남,36세,상해없음,보행자,여,20세,경상
2021032100100023,2021년 3월 21일 02시,일요일,충청북도 청주시 흥덕구 강내면,경상사고,0,0,2,0,차대차 - 추돌,안전운전불이행,건조,맑음,단일로 - 기타,승용,남,21세,상해없음,승용,여,47세,경상
2021032100100058,2021년 3월 21일 08시,일요일,충청북도 청주시 흥덕구 복대동,경상사고,0,0,3,0,차대차 - 측면충돌,교차로운행방법위반,건조,맑음,교차로 - 교차로안,승용,여,63세,경상,승용,남,55세,경상
2021032100100059,2021년 3월 21일 08시,일요일,충청북도 청주시 서원구 분평동,경상사고,0,0,1,0,차대차 - 정면충돌,신호위반,건조,맑음,교차로 - 교차로안,승용,남,89세,상해없음,승용,여,51세,경상
2021032100100068,2021년 3월 21일 09시,일요일,충청북도 진천군 덕산읍,중상사고,0,1,0,0,차대차 - 측면충돌,교차로운행방법위반,건조,맑음,교차로 - 교차로안,승용,남,40세,상해없음,이륜,남,27세,중상
2021032100100069,2021년 3월 21일 09시,일요일,충청북도 청주시 흥덕구 복대동,경상사고,0,0,1,0,차대사람 - 기타,안전운전불이행,건조,맑음,주차장 - 주차장,승용,남,47세,기타불명,보행자,남,81세,경상
2021032100100082,2021년 3월 21일 10시,일요일,충청북도 진천군 진천읍,경상사고,0,0,1,0,차대차 - 측면충돌,안전거리미확보,건조,맑음,기타 - 기타,승용,남,28세,상해없음,승용,남,61세,경상
2021032100100140,2021년 3월 21일 13시,일요일,충청북도 청주시 상당구 용정동,경상사고,0,0,1,0,차대차 - 기타,안전운전불이행,건조,맑음,교차로 - 교차로안,이륜,남,29세,경상,승용,남,66세,상해없음
2021032100100164,2021년 3월 21일 14시,일요일,충청북도 청주시 서원구 사창동,경상사고,0,0,1,0,차대차 - 기타,안전운전불이행,건조,맑음,단일로 - 기타,승용,여,22세,상해없음,이륜,남,33세,경상
2021032100100165,2021년 3월 21일 14시,일요일,충청북도 청주시 청원구 오창읍,경상사고,0,0,2,0,차대차 - 측면충돌,중앙선침범,건조,맑음,교차로 - 교차로부근,이륜,남,42세,경상,승용,여,37세,상해없음
2021032100100166,2021년 3월 21일 14시,일요일,충청북도 괴산군 소수면,경상사고,0,0,1,0,차대차 - 측면충돌,중앙선침범,건조,맑음,단일로 - 기타,승용,여,53세,상해없음,승용,남,56세,경상
2021032100100167,2021년 3월 21일 14시,일요일,충청북도 청주시 흥덕구 봉명동,경상사고,0,0,2,0,차대차 - 기타,신호위반,건조,맑음,교차로 - 교차로안,승용,남,29세,상해없음,화물,남,46세,경상
2021032100100210,2021년 3월 21일 15시,일요일,충청북도 청주시 흥덕구 문암동,경상사고,0,0,2,0,차량단독 - 공작물충돌,안전운전불이행,건조,맑음,교차로 - 교차로부근,승용,여,27세,상해없음,,,,
2021032100100211,2021년 3월 21일 15시,일요일,충청북도 청주시 흥덕구 송정동,중상사고,0,1,2,0,차대차 - 기타,안전운전불이행,건조,맑음,교차로 - 교차로안,승용,남,67세,상해없음,승용,남,25세,경상
2021032100100247,2021년 3월 21일 16시,일요일,충청북도 청주시 상당구 미원면,사망사고,1,0,0,0,차대차 - 기타,기타,건조,맑음,단일로 - 지하차도(도로)내,승용,남,34세,상해없음,이륜,남,83세,사망
2021032100100338,2021년 3월 21일 19시,일요일,충청북도 청주시 청원구 율량동,중상사고,0,1,1,0,차대차 - 기타,신호위반,건조,맑음,교차로 - 교차로횡단보도내,이륜,남,30세,상해없음,개인형이동수단(PM),남,18세,중상
2021032100100373,2021년 3월 21일 20시,일요일,충청북도 청주시 흥덕구 복대동,경상사고,0,0,2,0,차대차 - 기타,신호위반,건조,맑음,교차로 - 교차로안,승용,남,44세,상해없음,승용,남,49세,상해없음
2021032200100044,2021년 3월 22일 07시,월요일,충청북도 음성군 금왕읍,사망사고,1,0,1,0,차대차 - 추돌,안전운전불이행,건조,맑음,단일로 - 기타,화물,남,63세,사망,건설기계,남,52세,경상
2021032200100090,2021년 3월 22일 08시,월요일,충청북도 청주시 청원구 율량동,중상사고,0,1,0,0,차대차 - 측면충돌,안전운전불이행,건조,맑음,교차로 - 교차로안,승용,남,27세,상해없음,승용,여,74세,중상
2021032200100091,2021년 3월 22일 08시,월요일,충청북도 영동군 영동읍,중상사고,0,1,0,0,차대사람 - 기타,안전운전불이행,건조,맑음,교차로 - 교차로부근,승용,남,31세,상해없음,보행자,남,16세,중상
2021032200100092,2021년 3월 22일 08시,월요일,충청북도 청주시 서원구 미평동,경상사고,0,0,1,0,차대차 - 측면충돌,교차로운행방법위반,건조,맑음,교차로 - 교차로안,승용,남,63세,상해없음,승용,남,30세,경상
2021032200100128,2021년 3월 22일 09시,월요일,충청북도 청주시 청원구 오창읍,경상사고,0,0,3,0,차대차 - 측면충돌,교차로운행방법위반,건조,맑음,교차로 - 교차로안,승용,남,78세,상해없음,화물,남,49세,경상
2021032200100129,2021년 3월 22일 09시,월요일,충청북도 청주시 상당구 탑동,사망사고,1,0,0,0,차대차 - 측면충돌,안전운전불이행,건조,맑음,단일로 - 기타,화물,남,46세,상해없음,자전거,남,78세,사망
2021032200100161,2021년 3월 22일 10시,월요일,충청북도 청주시 흥덕구 비하동,중상사고,0,1,0,0,차대차 - 기타,안전거리미확보,건조,맑음,단일로 - 기타,승용,여,37세,상해없음,승합,남,41세,중상
2021032200100182,2021년 3월 22일 11시,월요일,충청북도 청주시 청원구 율량동,경상사고,0,0,3,0,차대차 - 측면충돌,안전운전불이행,건조,맑음,교차로 - 교차로안,승용,여,38세,기타불명,승용,남,32세,경상
2021032200100183,2021년 3월 22일 11시,월요일,충청북도 영동군 매곡면,중상사고,0,1,0,0,차량단독 - 도로외이탈 - 추락,안전운전불이행,건조,맑음,단일로 - 기타,승용,여,55세,중상,,,,
2021032200100249,2021년 3월 22일 13시,월요일,충청북도 음성군 음성읍,중상사고,0,1,0,0,차대차 - 측면충돌,교차로운행방법위반,건조,맑음,교차로 - 교차로안,이륜,남,78세,중상,화물,남,63세,상해없음
2021032200100322,2021년 3월 22일 15시,월요일,충청북도 제천시 영천동,경상사고,0,0,1,0,차대차 - 측면충돌,안전거리미확보,건조,맑음,교차로 - 교차로부근,화물,여,60세,상해없음,승용,남,47세,경상
2021032200100438,2021년 3월 22일 18시,월요일,충청북도 옥천군 이원면,경상사고,0,0,1,0,차대차 - 측면충돌,안전운전불이행,건조,맑음,교차로 - 교차로안,승용,남,49세,기타불명,승용,여,55세,경상
2021032200100439,2021년 3월 22일 18시,월요일,충청북도 청주시 상당구 대성동,경상사고,0,0,1,0,차대차 - 측면충돌,안전운전불이행,건조,맑음,단일로 - 기타,승용,남,26세,상해없음,이륜,남,24세,경상
2021032200100477,2021년 3월 22일 19시,월요일,충청북도 청주시 청원구 내덕동,경상사고,0,0,2,0,차대차 - 기타,교차로운행방법위반,건조,맑음,교차로 - 교차로안,이륜,남,37세,경상,개인형이동수단(PM),남,23세,경상
2021032200100511,2021년 3월 22일 20시,월요일,충청북도 제천시 청전동,중상사고,0,1,1,0,차대차 - 정면충돌,교차로운행방법위반,건조,흐림,교차로 - 교차로안,승용,남,49세,상해없음,화물,남,20세,경상
2021032200100535,2021년 3월 22일 21시,월요일,충청북도 진천군 진천읍,경상사고,0,0,1,0,차대차 - 측면충돌,직진우회전진행방해,건조,맑음,교차로 - 교차로안,승용,남,43세,상해없음,이륜,남,31세,경상
2021032200100557,2021년 3월 22일 22시,월요일,충청북도 청주시 청원구 외평동,중상사고,0,1,1,0,차대차 - 추돌,안전운전불이행,건조,맑음,기타 - 기타,화물,남,42세,상해없음,승용,여,64세,중상
2021032200100558,2021년 3월 22일 22시,월요일,충청북도 청주시 청원구 내덕동,경상사고,0,0,1,0,차대사람 - 기타,안전운전불이행,건조,맑음,교차로 - 교차로안,승용,남,53세,상해없음,보행자,남,32세,경상
2021032200100559,2021년 3월 22일 22시,월요일,충청북도 청주시 흥덕구 복대동,경상사고,0,0,3,0,차대차 - 측면충돌,안전운전불이행,건조,맑음,교차로 - 교차로부근,승합,남,26세,상해없음,승용,여,24세,경상
2021032300100004,2021년 3월 23일 00시,화요일,충청북도 충주시 교현동,경상사고,0,0,3,0,차대차 - 측면충돌,신호위반,건조,흐림,교차로 - 교차로안,승용,여,51세,경상,승용,남,43세,경상
2021032300100082,2021년 3월 23일 08시,화요일,충청북도 진천군 진천읍,경상사고,0,0,1,0,차대차 - 측면충돌,교차로운행방법위반,건조,맑음,단일로 - 기타,승용,남,75세,경상,화물,남,32세,상해없음
2021032300100083,2021년 3월 23일 08시,화요일,충청북도 청주시 흥덕구 복대동,중상사고,0,1,0,0,차대차 - 측면충돌,안전운전불이행,건조,맑음,단일로 - 기타,승용,남,23세,상해없음,승용,남,35세,중상
2021032300100101,2021년 3월 23일 09시,화요일,충청북도 보은군 보은읍,경상사고,0,0,1,1,차대차 - 측면충돌,신호위반,건조,맑음,교차로 - 교차로안,승용,남,81세,경상,화물,남,68세,부상신고
2021032300100102,2021년 3월 23일 09시,화요일,충청북도 청주시 흥덕구 향정동,중상사고,0,1,0,0,차대차 - 추돌,안전운전불이행,건조,맑음,교차로 - 교차로부근,승용,여,30세,상해없음,승용,남,34세,중상
2021032300100130,2021년 3월 23일 10시,화요일,충청북도 영동군 영동읍,중상사고,0,1,0,0,차대차 - 측면충돌,안전운전불이행,건조,맑음,교차로 - 교차로안,승용,남,59세,상해없음,이륜,남,42세,중상
2021032300100191,2021년 3월 23일 12시,화요일,충청북도 옥천군 옥천읍,중상사고,0,1,0,0,차대사람 - 횡단중,보행자보호의무위반,건조,맑음,교차로 - 교차로횡단보도내,승용,여,59세,상해없음,보행자,여,74세,중상
2021032300100192,2021년 3월 23일 12시,화요일,충청북도 청주시 흥덕구 복대동,경상사고,0,0,1,0,차대차 - 후진중충돌,안전운전불이행,건조,맑음,교차로 - 교차로부근,화물,남,54세,상해없음,이륜,남,46세,경상
2021032300100220,2021년 3월 23일 13시,화요일,충청북도 진천군 광혜원면,경상사고,0,0,1,0,차대차 - 정면충돌,안전운전불이행,건조,맑음,단일로 - 기타,원동기,남,58세,경상,화물,남,49세,상해없음
2021032300100221,2021년 3월 23일 13시,화요일,충청북도 청주시 흥덕구 송절동,중상사고,0,1,0,0,차대사람 - 횡단중,보행자보호의무위반,건조,맑음,교차로 - 교차로횡단보도내,승용,남,56세,상해없음,보행자,여,66세,중상