사고번호,사고일시,요일,시군구,사고내용,사망자수,중상자수,경상자수,부상신고자수,사고유형,법규위반,노면상태,기상상태,도로형태,가해운전자 차종,가해운전자 성별,가해운전자 연령,가해운전자 상해정도,피해운전자 차종,피해운전자 성별,피해운전자 연령,피해운전자 상해정도
2021032300100222,2021년 3월 23일 13시,화요일,충청북도 청주시 상당구 석교동,경상사고,0,0,3,0,차대차 - 측면충돌,차로위반,건조,맑음,교차로 - 교차로안,승용,여,55세,상해없음,승용,남,26세,경상
2021032300100261,2021년 3월 23일 14시,화요일,충청북도 청주시 상당구 문의면,경상사고,0,0,2,0,차대차 - 측면충돌,안전운전불이행,건조,맑음,교차로 - 교차로부근,건설기계,남,66세,상해없음,승합,여,65세,경상
2021032300100344,2021년 3월 23일 16시,화요일,충청북도 충주시 충인동,경상사고,0,0,1,0,차대사람 - 기타,안전운전불이행,건조,맑음,단일로 - 기타,승용,남,71세,상해없음,보행자,여,61세,경상
2021032300100345,2021년 3월 23일 16시,화요일,충청북도 진천군 초평면,경상사고,0,0,4,1,차대차 - 추돌,안전운전불이행,건조,맑음,단일로 - 기타,승용,남,25세,상해없음,승용,여,46세,경상
2021032300100382,2021년 3월 23일 17시,화요일,충청북도 괴산군 괴산읍,경상사고,0,0,1,0,차대차 - 측면충돌,중앙선침범,건조,맑음,단일로 - 기타,화물,남,65세,상해없음,원동기,여,55세,경상
2021032300100430,2021년 3월 23일 18시,화요일,충청북도 청주시 청원구 주중동,경상사고,0,0,1,0,차대차 - 측면충돌,안전거리미확보,건조,맑음,단일로 - 기타,승합,남,25세,상해없음,이륜,남,37세,경상
2021032300100431,2021년 3월 23일 18시,화요일,충청북도 증평군 증평읍,부상신고사고,0,0,0,1,차대차 - 측면충돌,직진우회전진행방해,건조,맑음,교차로 - 교차로안,자전거,남,63세,부상신고,승용,여,54세,상해없음
2021032300100432,2021년 3월 23일 18시,화요일,충청북도 청주시 흥덕구 봉명동,중상사고,0,1,0,0,차대차 - 측면충돌,직진우회전진행방해,건조,맑음,교차로 - 교차로안,승용,남,49세,상해없음,이륜,남,33세,중상
2021032300100470,2021년 3월 23일 19시,화요일,충청북도 제천시 청전동,경상사고,0,0,1,0,차대차 - 측면충돌,직진우회전진행방해,건조,흐림,교차로 - 교차로안,승용,남,18세,상해없음,승용,남,67세,상해없음
2021032300100471,2021년 3월 23일 19시,화요일,충청북도 음성군 생극면,경상사고,0,0,1,0,차대차 - 후진중충돌,안전운전불이행,건조,맑음,주차장 - 주차장,승용,남,52세,상해없음,승합,남,34세,경상
2021032300100520,2021년 3월 23일 21시,화요일,충청북도 청주시 상당구 남주동,경상사고,0,0,2,0,차대차 - 측면충돌,교차로운행방법위반,건조,맑음,교차로 - 교차로안,승용,남,53세,상해없음,승용,남,25세,경상
2021032300100547,2021년 3월 23일 22시,화요일,충청북도 충주시 대소원면,경상사고,0,0,1,0,차대사람 - 차도통행중,안전운전불이행,건조,흐림,단일로 - 기타,승용,남,52세,상해없음,보행자,남,31세,경상
2021032400100022,2021년 3월 24일 04시,수요일,충청북도 충주시 대소원면,중상사고,0,1,1,0,차대차 - 추돌,안전운전불이행,건조,맑음,단일로 - 터널,화물,남,52세,중상,화물,남,60세,경상
2021032400100058,2021년 3월 24일 07시,수요일,충청북도 청주시 서원구 남이면,중상사고,0,1,0,0,차대차 - 추돌,안전운전불이행,건조,맑음,교차로 - 교차로안,화물,남,61세,상해없음,승용,남,55세,중상
2021032400100059,2021년 3월 24일 07시,수요일,충청북도 청주시 서원구 남이면,경상사고,0,0,1,0,차대차 - 추돌,안전운전불이행,건조,맑음,단일로 - 기타,화물,남,61세,상해없음,화물,남,57세,경상
2021032400100060,2021년 3월 24일 07시,수요일,충청북도 청주시 서원구 남이면,경상사고,0,0,1,0,차대차 - 측면충돌,안전운전불이행,건조,맑음,교차로 - 교차로안,승용,여,34세,상해없음,승용,남,41세,경상
2021032400100092,2021년 3월 24일 08시,수요일,충청북도 충주시 목행동,중상사고,0,1,0,0,차대차 - 기타,안전거리미확보,건조,맑음,교차로 - 교차로부근,승용,남,27세,상해없음,승용,여,52세,중상
2021032400100093,2021년 3월 24일 08시,수요일,충청북도 청주시 흥덕구 석곡동,경상사고,0,0,2,0,차대차 - 측면충돌,교차로운행방법위반,건조,맑음,교차로 - 교차로안,승용,여,46세,상해없음,승용,남,68세,경상
2021032400100169,2021년 3월 24일 10시,수요일,충청북도 청주시 서원구 사창동,중상사고,0,1,0,0,차대차 - 측면충돌,안전운전불이행,건조,맑음,단일로 - 기타,승용,여,63세,상해없음,기타불명,여,62세,중상
2021032400100184,2021년 3월 24일 11시,수요일,충청북도 청주시 청원구 오창읍,경상사고,0,0,1,0,차대차 - 기타,교차로운행방법위반,건조,맑음,교차로 - 교차로안,승용,남,70세,상해없음,승용,여,51세,경상
2021032400100185,2021년 3월 24일 11시,수요일,충청북도 청주시 흥덕구 오송읍,중상사고,0,1,0,0,차대차 - 기타,안전운전불이행,건조,맑음,단일로 - 기타,승용,여,38세,상해없음,자전거,남,78세,중상
2021032400100207,2021년 3월 24일 12시,수요일,충청북도 청주시 청원구 내덕동,경상사고,0,0,1,0,차대차 - 기타,안전거리미확보,건조,맑음,단일로 - 기타,승용,여,59세,상해없음,화물,남,37세,경상
2021032400100237,2021년 3월 24일 13시,수요일,충청북도 진천군 덕산읍,중상사고,0,1,0,0,차대차 - 측면충돌,중앙선침범,건조,맑음,교차로 - 교차로부근,승용,남,61세,상해없음,승용,여,60세,중상
2021032400100238,2021년 3월 24일 13시,수요일,충청북도 괴산군 장연면,경상사고,0,0,3,0,차대차 - 후진중충돌,안전운전불이행,건조,맑음,주차장 - 주차장,승용,남,37세,상해없음,승용,여,55세,경상
2021032400100277,2021년 3월 24일 14시,수요일,충청북도 청주시 청원구 율량동,경상사고,0,0,3,0,차대차 - 측면충돌,안전거리미확보,건조,맑음,교차로 - 교차로안,승용,여,46세,경상,승용,여,56세,경상
2021032400100278,2021년 3월 24일 14시,수요일,충청북도 영동군 학산면,경상사고,0,0,1,0,차대사람 - 기타,안전운전불이행,건조,맑음,단일로 - 기타,화물,남,45세,상해없음,보행자,여,58세,경상
2021032400100309,2021년 3월 24일 15시,수요일,충청북도 청주시 청원구 내덕동,경상사고,0,0,1,0,차대차 - 기타,안전운전불이행,건조,맑음,교차로 - 교차로부근,승용,남,78세,상해없음,승용,여,20세,경상
2021032400100424,2021년 3월 24일 18시,수요일,충청북도 청주시 청원구 내덕동,경상사고,0,0,1,0,차대차 - 기타,교차로운행방법위반,건조,맑음,교차로 - 교차로안,승용,남,21세,상해없음,승용,남,35세,경상
2021032400100425,2021년 3월 24일 18시,수요일,충청북도 영동군 영동읍,경상사고,0,0,1,0,차대차 - 측면충돌,안전운전불이행,건조,맑음,단일로 - 기타,화물,남,43세,상해없음,승용,남,54세,경상
2021032400100426,2021년 3월 24일 18시,수요일,충청북도 청주시 서원구 남이면,경상사고,0,0,2,0,차대차 - 측면충돌,안전운전불이행,건조,맑음,단일로 - 기타,특수,남,50세,상해없음,승용,여,61세,경상
2021032400100427,2021년 3월 24일 18시,수요일,충청북도 청주시 서원구 개신동,중상사고,0,1,0,0,차대차 - 측면충돌,안전운전불이행,건조,맑음,교차로 - 교차로안,승용,남,68세,상해없음,이륜,남,21세,중상
2021032400100466,2021년 3월 24일 19시,수요일,충청북도 충주시 호암동,중상사고,0,1,0,0,차대사람 - 횡단중,안전운전불이행,건조,맑음,단일로 - 기타,승용,여,59세,상해없음,보행자,여,79세,중상
2021032400100467,2021년 3월 24일 19시,수요일,충청북도 진천군 광혜원면,경상사고,0,0,1,0,차대차 - 측면충돌,안전운전불이행,건조,맑음,교차로 - 교차로안,자전거,남,10세,경상,승용,남,62세,상해없음
2021032400100468,2021년 3월 24일 19시,수요일,충청북도 청주시 서원구 죽림동,중상사고,0,1,0,0,차대사람 - 횡단중,보행자보호의무위반,건조,맑음,단일로 - 기타,승용,여,24세,상해없음,보행자,여,48세,중상
2021032400100469,2021년 3월 24일 19시,수요일,충청북도 청주시 상당구 석교동,경상사고,0,0,2,0,차대차 - 측면충돌,신호위반,건조,맑음,교차로 - 교차로안,승용,남,60세,상해없음,승용,여,46세,경상
2021032400100500,2021년 3월 24일 20시,수요일,충청북도 청주시 청원구 우암동,경상사고,0,0,1,0,차대차 - 측면충돌,교차로운행방법위반,건조,맑음,교차로 - 교차로부근,승용,남,27세,상해없음,승용,여,40세,경상
2021032400100516,2021년 3월 24일 21시,수요일,충청북도 청주시 서원구 개신동,경상사고,0,0,1,0,차대차 - 기타,안전운전불이행,건조,맑음,교차로 - 교차로부근,승용,남,56세,기타불명,승용,남,27세,경상
2021032500100009,2021년 3월 25일 01시,목요일,충청북도 청주시 흥덕구 오송읍,부상신고사고,0,0,0,1,차대차 - 기타,안전운전불이행,건조,맑음,단일로 - 기타,기타불명,기타불명,미분류,기타불명,자전거,남,65세,부상신고
2021032500100060,2021년 3월 25일 07시,목요일,충청북도 청주시 상당구 남일면,경상사고,0,0,1,0,차량단독 - 도로외이탈 - 추락,안전운전불이행,건조,맑음,교차로 - 교차로부근,화물,남,65세,경상,,,,
2021032500100106,2021년 3월 25일 09시,목요일,충청북도 청주시 상당구 방서동,경상사고,0,0,1,0,차대차 - 추돌,안전운전불이행,건조,맑음,단일로 - 기타,승용,남,39세,상해없음,원동기,여,56세,경상
2021032500100173,2021년 3월 25일 11시,목요일,충청북도 영동군 양산면,중상사고,0,1,0,0,차대차 - 측면충돌,안전운전불이행,건조,맑음,교차로 - 교차로안,자전거,남,65세,중상,승용,남,32세,상해없음
2021032500100239,2021년 3월 25일 13시,목요일,충청북도 충주시 대소원면,경상사고,0,0,3,0,차대차 - 추돌,안전운전불이행,건조,맑음,단일로 - 기타,승용,남,78세,상해없음,승용,여,47세,경상
2021032500100285,2021년 3월 25일 14시,목요일,충청북도 충주시 봉방동,경상사고,0,0,1,0,차대사람 - 기타,안전운전불이행,건조,맑음,단일로 - 기타,승용,남,72세,상해없음,보행자,남,61세,경상
2021032500100331,2021년 3월 25일 15시,목요일,충청북도 제천시 수산면,중상사고,0,2,0,0,차대차 - 정면충돌,중앙선침범,건조,맑음,기타 - 기타,화물,남,53세,상해없음,승용,남,58세,중상
2021032500100332,2021년 3월 25일 15시,목요일,충청북도 증평군 증평읍,경상사고,0,0,1,0,차대차 - 추돌,안전운전불이행,건조,맑음,단일로 - 기타,농기계,남,81세,경상,승용,여,35세,상해없음
2021032500100365,2021년 3월 25일 16시,목요일,충청북도 증평군 증평읍,경상사고,0,0,2,0,차대차 - 추돌,안전거리미확보,건조,맑음,단일로 - 기타,화물,남,33세,상해없음,승용,남,59세,경상
2021032500100367,2021년 3월 25일 16시,목요일,충청북도 청주시 흥덕구 옥산면,중상사고,0,1,0,0,차대차 - 측면충돌,안전운전불이행,건조,맑음,교차로 - 교차로안,승용,남,49세,상해없음,이륜,남,46세,중상
2021032500100399,2021년 3월 25일 17시,목요일,충청북도 청주시 흥덕구 복대동,경상사고,0,0,1,0,차대차 - 측면충돌,안전운전불이행,건조,맑음,단일로 - 기타,승합,남,55세,상해없음,이륜,남,36세,경상
2021032500100448,2021년 3월 25일 18시,목요일,충청북도 청주시 서원구 사직동,중상사고,0,2,4,0,차대차 - 추돌,안전운전불이행,건조,맑음,단일로 - 기타,화물,남,52세,상해없음,승용,남,65세,경상
2021032500100486,2021년 3월 25일 19시,목요일,충청북도 충주시 중앙탑면,경상사고,0,0,1,0,차대차 - 측면충돌,직진우회전진행방해,건조,맑음,교차로 - 교차로부근,승용,여,57세,상해없음,승용,남,23세,경상
2021032500100487,2021년 3월 25일 19시,목요일,충청북도 충주시 호암동,중상사고,0,1,0,0,차대차 - 측면충돌,직진우회전진행방해,건조,맑음,교차로 - 교차로안,승용,남,50세,상해없음,승용,남,64세,중상
2021032500100488,2021년 3월 25일 19시,목요일,충청북도 청주시 상당구 용암동,중상사고,0,1,0,0,차대차 - 정면충돌,안전운전불이행,건조,맑음,교차로 - 교차로횡단보도내,승용,남,45세,상해없음,자전거,여,45세,중상
2021032600100084,2021년 3월 26일 08시,금요일,충청북도 청주시 흥덕구 옥산면,경상사고,0,0,3,0,차대차 - 측면충돌,신호위반,건조,맑음,교차로 - 교차로안,승용,여,35세,경상,승용,남,34세,경상
2021032600100162,2021년 3월 26일 10시,금요일,충청북도 충주시 교현동,경상사고,0,0,1,0,차대사람 - 횡단중,신호위반,건조,맑음,교차로 - 교차로안,특수,남,49세,상해없음,보행자,남,63세,경상
2021032600100163,2021년 3월 26일 10시,금요일,충청북도 제천시 천남동,경상사고,0,0,2,0,차대차 - 추돌,안전운전불이행,건조,맑음,교차로 - 교차로안,화물,남,67세,상해없음,승용,남,56세,경상
2021032600100164,2021년 3월 26일 10시,금요일,충청북도 청주시 흥덕구 복대동,경상사고,0,0,1,0,차대차 - 정면충돌,안전운전불이행,건조,맑음,단일로 - 기타,승용,남,66세,상해없음,승용,여,38세,경상
2021032600100256,2021년 3월 26일 13시,금요일,충청북도 음성군 음성읍,경상사고,0,0,1,0,차대차 - 측면충돌,교차로운행방법위반,건조,맑음,교차로 - 교차로안,승용,남,59세,상해없음,승용,남,70세,상해없음
2021032600100257,2021년 3월 26일 13시,금요일,충청북도 청주시 서원구 남이면,사망사고,1,0,0,0,차대차 - 측면충돌,안전운전불이행,건조,맑음,기타 - 기타,건설기계,남,51세,상해없음,이륜,남,70세,사망
2021032600100328,2021년 3월 26일 15시,금요일,충청북도 영동군 황간면,부상신고사고,0,0,0,1,차대사람 - 길가장자리구역통행중,안전운전불이행,건조,맑음,단일로 - 기타,승용,남,57세,상해없음,보행자,여,11세,부상신고
2021032600100368,2021년 3월 26일 16시,금요일,충청북도 청주시 서원구 사창동,경상사고,0,0,1,0,차대차 - 기타,신호위반,건조,맑음,교차로 - 교차로안,승용,남,21세,상해없음,승용,남,48세,경상
2021032600100369,2021년 3월 26일 16시,금요일,충청북도 제천시 수산면,중상사고,0,1,0,0,차대차 - 정면충돌,안전운전불이행,건조,흐림,단일로 - 기타,건설기계,남,55세,상해없음,화물,여,60세,중상
2021032600100370,2021년 3월 26일 16시,금요일,충청북도 음성군 맹동면,중상사고,0,1,0,0,차대차 - 측면충돌,차로위반,건조,맑음,교차로 - 교차로안,승용,남,27세,상해없음,이륜,남,50세,중상
2021032600100371,2021년 3월 26일 16시,금요일,충청북도 청주시 상당구 문의면,경상사고,0,0,1,0,차대사람 - 기타,안전운전불이행,건조,맑음,교차로 - 교차로부근,화물,남,57세,상해없음,보행자,여,59세,경상
2021032600100416,2021년 3월 26일 17시,금요일,충청북도 제천시 교동,중상사고,0,1,0,0,차대차 - 측면충돌,교차로운행방법위반,건조,맑음,교차로 - 교차로안,승용,남,65세,상해없음,승용,남,54세,중상
2021032600100417,2021년 3월 26일 17시,금요일,충청북도 음성군 생극면,경상사고,0,0,2,0,차대차 - 측면충돌,교차로운행방법위반,건조,맑음,교차로 - 교차로안,승용,여,60세,경상,승용,여,64세,경상
2021032600100465,2021년 3월 26일 18시,금요일,충청북도 충주시 용두동,경상사고,0,0,1,0,차대차 - 기타,안전거리미확보,건조,맑음,단일로 - 기타,승용,남,77세,경상,건설기계,남,50세,상해없음
2021032600100466,2021년 3월 26일 18시,금요일,충청북도 청주시 흥덕구 봉명동,경상사고,0,0,1,0,차대차 - 측면충돌,안전운전불이행,건조,맑음,단일로 - 기타,승용,여,53세,상해없음,이륜,남,28세,경상
2021032600100467,2021년 3월 26일 18시,금요일,충청북도 청주시 서원구 분평동,중상사고,0,1,0,0,차량단독 - 공작물충돌,안전운전불이행,건조,맑음,단일로 - 지하차도(도로)내,원동기,남,16세,중상,,,,
2021032600100508,2021년 3월 26일 19시,금요일,충청북도 청주시 청원구 오창읍,경상사고,0,0,1,0,차대차 - 기타,안전운전불이행,건조,맑음,교차로 - 교차로안,승용,여,30세,경상,승용,남,46세,상해없음
2021032600100555,2021년 3월 26일 20시,금요일,충청북도 옥천군 옥천읍,경상사고,0,0,1,0,차대차 - 측면충돌,안전운전불이행,건조,맑음,단일로 - 기타,승용,남,68세,상해없음,원동기,남,23세,경상
2021032600100556,2021년 3월 26일 20시,금요일,충청북도 청주시 상당구 용암동,중상사고,0,1,0,0,차대차 - 측면충돌,안전운전불이행,건조,맑음,단일로 - 지하차도(도로)내,승용,남,47세,상해없음,자전거,남,48세,중상
2021032600100582,2021년 3월 26일 21시,금요일,충청북도 청주시 청원구 오창읍,중상사고,0,1,0,0,차대사람 - 횡단중,보행자보호의무위반,건조,맑음,교차로 - 교차로안,승용,남,60세,상해없음,보행자,여,22세,중상
2021032600100583,2021년 3월 26일 21시,금요일,충청북도 진천군 진천읍,경상사고,0,0,1,0,차대차 - 정면충돌,안전운전불이행,건조,맑음,주차장 - 주차장,승용,남,55세,상해없음,승용,남,23세,경상
2021032600100584,2021년 3월 26일 21시,금요일,충청북도 청주시 흥덕구 복대동,경상사고,0,0,1,0,차대차 - 측면충돌,안전운전불이행,건조,맑음,교차로 - 교차로부근,승용,남,55세,상해없음,이륜,남,43세,경상
2021032600100585,2021년 3월 26일 21시,금요일,충청북도 청주시 서원구 분평동,경상사고,0,0,1,0,차대사람 - 보도통행중,안전운전불이행,건조,맑음,단일로 - 기타,개인형이동수단(PM),여,14세,상해없음,보행자,여,24세,경상
2021032600100627,2021년 3월 26일 22시,금요일,충청북도 충주시 호암동,경상사고,0,0,1,1,차량단독 - 공작물충돌,안전운전불이행,건조,맑음,단일로 - 기타,승용,남,25세,부상신고,,,,
2021032600100628,2021년 3월 26일 22시,금요일,충청북도 청주시 흥덕구 정봉동,중상사고,0,1,4,0,차대차 - 측면충돌,교차로운행방법위반,건조,맑음,교차로 - 교차로안,승합,남,61세,상해없음,승용,남,32세,경상
2021032600100640,2021년 3월 26일 23시,금요일,충청북도 청주시 청원구 오창읍,부상신고사고,0,0,0,1,차대차 - 기타,안전운전불이행,건조,맑음,교차로 - 교차로안,이륜,남,17세,부상신고,자전거,남,19세,상해없음
2021032600100641,2021년 3월 26일 23시,금요일,충청북도 청주시 상당구 문화동,경상사고,0,0,2,0,차대차 - 측면충돌,안전운전불이행,건조,맑음,교차로 - 교차로안,승용,남,56세,상해없음,승용,남,20세,경상
2021032700100010,2021년 3월 27일 00시,토요일,충청북도 청주시 흥덕구 가경동,경상사고,0,0,2,0,차대차 - 측면충돌,교차로운행방법위반,건조,맑음,교차로 - 교차로안,승용,남,32세,상해없음,이륜,남,15세,경상
2021032700100030,2021년 3월 27일 02시,토요일,충청북도 충주시 금릉동,경상사고,0,0,1,0,차대사람 - 차도통행중,안전운전불이행,건조,흐림,단일로 - 기타,승용,남,22세,상해없음,보행자,남,22세,경상
2021032700100031,2021년 3월 27일 02시,토요일,충청북도 증평군 도안면,부상신고사고,0,0,0,1,차량단독 - 도로외이탈 - 기타,안전운전불이행,건조,맑음,단일로 - 기타,승용,남,46세,부상신고,,,,
2021032700100032,2021년 3월 27일 02시,토요일,충청북도 청주시 서원구 현도면,중상사고,0,1,1,0,차대차 - 측면충돌,신호위반,건조,맑음,교차로 - 교차로안,화물,남,52세,경상,승용,남,22세,중상
2021032700100044,2021년 3월 27일 04시,토요일,충청북도 청주시 서원구 사창동,중상사고,0,1,0,0,차대사람 - 기타,안전운전불이행,건조,맑음,단일로 - 기타,승용,남,61세,상해없음,보행자,여,29세,중상
2021032700100054,2021년 3월 27일 05시,토요일,충청북도 청주시 청원구 오창읍,경상사고,0,0,1,0,차대차 - 기타,안전운전불이행,젖음/습기,비,교차로 - 교차로부근,승용,여,38세,상해없음,승용,여,46세,경상
2021032700100055,2021년 3월 27일 05시,토요일,충청북도 제천시 서부동,경상사고,0,0,1,0,차대차 - 측면충돌,신호위반,건조,맑음,교차로 - 교차로안,승용,남,29세,기타불명,승용,여,39세,경상
2021032700100056,2021년 3월 27일 05시,토요일,충청북도 제천시 화산동,경상사고,0,0,2,0,차대차 - 측면충돌,신호위반,건조,맑음,교차로 - 교차로안,승용,남,46세,상해없음,승용,남,24세,경상
2021032700100078,2021년 3월 27일 08시,토요일,충청북도 충주시 문화동,중상사고,0,1,1,0,차대차 - 측면충돌,안전운전불이행,건조,맑음,교차로 - 교차로부근,승용,남,30세,경상,원동기,남,76세,중상
2021032700100096,2021년 3월 27일 09시,토요일,충청북도 충주시 연수동,경상사고,0,0,1,0,차대차 - 측면충돌,안전거리미확보,건조,맑음,단일로 - 기타,화물,남,41세,상해없음,승용,여,47세,경상
2021032700100097,2021년 3월 27일 09시,토요일,충청북도 청주시 서원구 미평동,경상사고,0,0,3,0,차대차 - 측면충돌,차로위반,건조,맑음,교차로 - 교차로부근,승용,여,54세,경상,승용,남,30세,경상
2021032700100145,2021년 3월 27일 11시,토요일,충청북도 청주시 서원구 수곡동,중상사고,0,1,0,0,차량단독 - 기타,안전운전불이행,건조,흐림,단일로 - 기타,자전거,남,73세,중상,,,,
2021032700100224,2021년 3월 27일 13시,토요일,충청북도 청주시 흥덕구 운천동,경상사고,0,0,1,0,차대차 - 측면충돌,안전거리미확보,젖음/습기,비,교차로 - 교차로부근,승용,여,47세,상해없음,이륜,남,30세,경상
2021032700100261,2021년 3월 27일 14시,토요일,충청북도 충주시 금가면,중상사고,0,4,2,0,차대차 - 추돌,안전거리미확보,젖음/습기,비,단일로 - 기타,화물,남,56세,상해없음,승용,여,63세,중상
2021032700100262,2021년 3월 27일 14시,토요일,충청북도 음성군 맹동면,경상사고,0,0,5,0,차대차 - 측면충돌,안전운전불이행,건조,맑음,단일로 - 지하차도(도로)내,승용,남,40세,상해없음,승용,여,36세,경상
2021032700100263,2021년 3월 27일 14시,토요일,충청북도 청주시 상당구 용암동,경상사고,0,0,1,0,차대차 - 측면충돌,안전운전불이행,젖음/습기,흐림,교차로 - 교차로안,승용,여,43세,상해없음,이륜,남,43세,경상
2021032700100450,2021년 3월 27일 18시,토요일,충청북도 청주시 서원구 수곡동,중상사고,0,1,0,0,차대차 - 측면충돌,교차로운행방법위반,젖음/습기,비,교차로 - 교차로안,승용,여,56세,상해없음,이륜,남,26세,중상
2021032700100545,2021년 3월 27일 20시,토요일,충청북도 청주시 서원구 모충동,경상사고,0,0,1,0,차대차 - 측면충돌,교차로운행방법위반,젖음/습기,비,교차로 - 교차로안,승용,남,23세,상해없음,승용,남,57세,경상
2021032700100592,2021년 3월 27일 21시,토요일,충청북도 청주시 흥덕구 복대동,중상사고,0,1,0,0,차대차 - 추돌,안전운전불이행,젖음/습기,비,교차로 - 교차로안,승용,남,53세,상해없음,자전거,남,45세,중상
2021032700100626,2021년 3월 27일 22시,토요일,충청북도 청주시 서원구 모충동,중상사고,0,1,1,0,차대차 - 정면충돌,중앙선침범,젖음/습기,흐림,단일로 - 교량,승용,여,24세,상해없음,승용,남,27세,중상
2021032800100008,2021년 3월 28일 00시,일요일,충청북도 청주시 흥덕구 복대동,경상사고,0,0,1,0,차대차 - 추돌,안전운전불이행,젖음/습기,비,교차로 - 교차로부근,승용,남,24세,상해없음,승용,남,34세,경상
2021032800100032,2021년 3월 28일 01시,일요일,충청북도 청주시 상당구 북문로2가,경상사고,0,0,3,0,차대차 - 기타,안전운전불이행,젖음/습기,비,교차로 - 교차로안,승용,남,22세,상해없음,승용,남,63세,경상
2021032800100073,2021년 3월 28일 06시,일요일,충청북도 충주시 용산동,중상사고,0,1,1,0,차대차 - 추돌,기타,건조,맑음,단일로 - 기타,승용,남,31세,경상,승용,남,50세,기타불명
2021032800100108,2021년 3월 28일 10시,일요일,충청북도 청주시 청원구 우암동,경상사고,0,0,1,0,차대차 - 측면충돌,안전운전불이행,건조,맑음,교차로 - 교차로횡단보도내,승용,남,56세,상해없음,자전거,남,43세,경상
2021032800100156,2021년 3월 28일 12시,일요일,충청북도 청주시 상당구 미원면,경상사고,0,0,4,0,차대차 - 추돌,안전거리미확보,젖음/습기,비,교차로 - 교차로안,화물,남,70세,경상,승용,남,20세,경상
2021032800100195,2021년 3월 28일 13시,일요일,충청북도 청주시 상당구 서문동,경상사고,0,0,1,0,차대차 - 후진중충돌,안전운전불이행,건조,맑음,교차로 - 교차로부근,화물,남,68세,상해없음,이륜,남,24세,경상
2021032800100223,2021년 3월 28일 14시,일요일,충청북도 청주시 서원구 사창동,경상사고,0,0,1,0,차대차 - 정면충돌,신호위반,건조,맑음,교차로 - 교차로부근,이륜,남,19세,경상,승용,남,24세,상해없음
2021032800100255,2021년 3월 28일 15시,일요일,충청북도 청주시 서원구 사창동,경상사고,0,0,1,0,차대차 - 기타,안전거리미확보,건조,맑음,단일로 - 기타,승용,남,30세,상해없음,승합,남,40세,경상
2021032800100256,2021년 3월 28일 15시,일요일,충청북도 청주시 흥덕구 신봉동,경상사고,0,0,3,0,차대차 - 추돌,안전운전불이행,건조,흐림,교차로 - 교차로안,승용,남,49세,상해없음,승용,남,59세,경상
2021032800100281,2021년 3월 28일 16시,일요일,충청북도 제천시 금성면,경상사고,0,0,4,0,차대차 - 측면충돌,중앙선침범,젖음/습기,흐림,교차로 - 교차로부근,승용,남,52세,상해없음,승용,남,75세,경상
2021032800100282,2021년 3월 28일 16시,일요일,충청북도 음성군 원남면,경상사고,0,0,2,0,차대차 - 후진중충돌,안전운전불이행,건조,맑음,교차로 - 교차로부근,승용,남,49세,상해없음,승용,여,32세,경상
2021032800100337,2021년 3월 28일 18시,일요일,충청북도 제천시 영천동,경상사고,0,0,1,0,차대사람 - 보도통행중,보행자보호의무위반,건조,맑음,교차로 - 교차로횡단보도내,승용,여,60세,상해없음,보행자,여,50세,경상
2021032800100359,2021년 3월 28일 19시,일요일,충청북도 제천시 장락동,경상사고,0,0,2,0,차대차 - 측면충돌,안전운전불이행,건조,맑음,교차로 - 교차로안,승용,여,21세,상해없음,승용,남,29세,경상
2021032800100400,2021년 3월 28일 21시,일요일,충청북도 음성군 원남면,경상사고,0,0,1,0,차대차 - 측면충돌,중앙선침범,건조,흐림,단일로 - 지하차도(도로)내,화물,남,61세,상해없음,승용,여,31세,경상
2021032900100008,2021년 3월 29일 01시,월요일,충청북도 청주시 청원구 율량동,중상사고,0,1,0,0,차대차 - 기타,신호위반,건조,맑음,교차로 - 교차로안,승용,남,40세,상해없음,승용,남,48세,중상
2021032900100028,2021년 3월 29일 05시,월요일,충청북도 청주시 청원구 우암동,중상사고,0,1,2,0,차대차 - 기타,신호위반,건조,흐림,교차로 - 교차로안,승용,남,59세,경상,승용,남,60세,중상
2021032900100037,2021년 3월 29일 06시,월요일,충청북도 청주시 서원구 죽림동,중상사고,0,1,0,0,차대차 - 기타,신호위반,건조,맑음,교차로 - 교차로안,건설기계,남,68세,상해없음,승용,남,64세,중상
2021032900100058,2021년 3월 29일 07시,월요일,충청북도 청주시 흥덕구 복대동,중상사고,0,1,0,0,차대차 - 측면충돌,안전운전불이행,건조,맑음,교차로 - 교차로횡단보도내,승합,남,62세,상해없음,자전거,여,67세,중상
2021032900100104,2021년 3월 29일 08시,월요일,충청북도 음성군 금왕읍,경상사고,0,0,2,0,차대차 - 측면충돌,안전운전불이행,건조,맑음,단일로 - 지하차도(도로)내,승용,여,39세,경상,승용,여,55세,경상
2021032900100138,2021년 3월 29일 09시,월요일,충청북도 충주시 연수동,중상사고,0,1,0,0,차대차 - 정면충돌,안전운전불이행,건조,맑음,교차로 - 교차로안,원동기,남,64세,중상,승용,남,56세,상해없음
2021032900100178,2021년 3월 29일 10시,월요일,충청북도 증평군 증평읍,경상사고,0,0,1,0,차대차 - 측면충돌,직진우회전진행방해,건조,맑음,교차로 - 교차로안,화물,남,84세,상해없음,승용,남,64세,경상