사고번호,사고일시,요일,시군구,사고내용,사망자수,중상자수,경상자수,부상신고자수,사고유형,법규위반,노면상태,기상상태,도로형태,가해운전자 차종,가해운전자 성별,가해운전자 연령,가해운전자 상해정도,피해운전자 차종,피해운전자 성별,피해운전자 연령,피해운전자 상해정도
2021032900100355,2021년 3월 29일 15시,월요일,충청북도 옥천군 청성면,중상사고,0,1,1,0,차대차 - 측면충돌,안전운전불이행,건조,맑음,기타 - 기타,화물,남,61세,상해없음,화물,남,54세,경상
2021032900100356,2021년 3월 29일 15시,월요일,충청북도 청주시 상당구 용암동,경상사고,0,0,4,0,차대차 - 기타,교차로운행방법위반,건조,맑음,교차로 - 교차로부근,화물,남,68세,상해없음,승합,남,37세,경상
2021032900100416,2021년 3월 29일 17시,월요일,충청북도 충주시 안림동,경상사고,0,0,1,0,차대차 - 측면충돌,안전거리미확보,건조,맑음,단일로 - 기타,승용,여,50세,상해없음,원동기,남,36세,경상
2021032900100464,2021년 3월 29일 18시,월요일,충청북도 청주시 서원구 모충동,중상사고,0,1,0,0,차대차 - 측면충돌,안전운전불이행,건조,맑음,교차로 - 교차로횡단보도내,화물,남,55세,상해없음,개인형이동수단(PM),여,21세,중상
2021032900100526,2021년 3월 29일 20시,월요일,충청북도 충주시 주덕읍,경상사고,0,0,1,0,차대사람 - 길가장자리구역통행중,안전운전불이행,건조,맑음,단일로 - 기타,승용,남,60세,상해없음,보행자,남,35세,경상
2021032900100579,2021년 3월 29일 22시,월요일,충청북도 청주시 상당구 용암동,경상사고,0,0,1,0,차대차 - 측면충돌,안전거리미확보,건조,맑음,단일로 - 기타,승용,남,18세,상해없음,승용,남,25세,경상
2021032900100601,2021년 3월 29일 23시,월요일,충청북도 청주시 서원구 개신동,중상사고,0,1,1,0,차대차 - 추돌,안전운전불이행,건조,맑음,단일로 - 고가도로위,승용,남,40세,상해없음,승용,남,56세,중상
2021033000100006,2021년 3월 30일 00시,화요일,충청북도 청주시 청원구 오창읍,경상사고,0,0,1,0,차대차 - 기타,안전운전불이행,건조,맑음,단일로 - 기타,승용,여,26세,경상,승용,남,22세,상해없음
2021033000100007,2021년 3월 30일 00시,화요일,충청북도 충주시 목행동,경상사고,0,0,2,0,차대차 - 추돌,안전운전불이행,건조,맑음,교차로 - 교차로부근,승용,남,34세,상해없음,승용,남,63세,경상
2021033000100008,2021년 3월 30일 00시,화요일,충청북도 청주시 상당구 용암동,경상사고,0,0,1,0,차대차 - 측면충돌,신호위반,건조,맑음,교차로 - 교차로부근,승용,남,28세,상해없음,승용,남,30세,경상
2021033000100018,2021년 3월 30일 01시,화요일,충청북도 청주시 상당구 금천동,경상사고,0,0,1,0,차대차 - 정면충돌,신호위반,건조,맑음,교차로 - 교차로횡단보도내,승합,남,48세,상해없음,자전거,남,18세,경상
2021033000100030,2021년 3월 30일 04시,화요일,충청북도 청주시 흥덕구 신전동,경상사고,0,0,1,0,차대차 - 측면충돌,안전거리미확보,건조,맑음,단일로 - 기타,승용,남,26세,경상,특수,남,64세,상해없음
2021033000100063,2021년 3월 30일 07시,화요일,충청북도 청주시 청원구 내덕동,경상사고,0,0,1,0,차대차 - 측면충돌,안전운전불이행,건조,맑음,기타 - 기타,승합,남,56세,상해없음,자전거,여,24세,경상
2021033000100064,2021년 3월 30일 07시,화요일,충청북도 청주시 청원구 오창읍,중상사고,0,1,1,0,차대차 - 기타,안전운전불이행,건조,맑음,단일로 - 기타,자전거,남,11세,중상,화물,여,52세,경상
2021033000100105,2021년 3월 30일 08시,화요일,충청북도 청주시 청원구 오동동,경상사고,0,0,3,0,차대차 - 기타,안전운전불이행,건조,맑음,미분류 - 미분류,화물,남,27세,경상,승용,남,58세,경상
2021033000100106,2021년 3월 30일 08시,화요일,충청북도 충주시 연수동,경상사고,0,0,1,0,차대차 - 측면충돌,기타,건조,맑음,교차로 - 교차로안,승용,여,42세,상해없음,자전거,여,60세,경상
2021033000100107,2021년 3월 30일 08시,화요일,충청북도 제천시 명지동,중상사고,0,1,0,0,차대차 - 측면충돌,안전운전불이행,건조,맑음,단일로 - 지하차도(도로)내,화물,남,33세,상해없음,농기계,남,83세,중상
2021033000100108,2021년 3월 30일 08시,화요일,충청북도 청주시 흥덕구 강서동,경상사고,0,0,1,0,차대차 - 기타,안전운전불이행,건조,맑음,교차로 - 교차로안,승용,여,36세,상해없음,승용,남,30세,경상
2021033000100109,2021년 3월 30일 08시,화요일,충청북도 청주시 상당구 금천동,경상사고,0,0,1,0,차대사람 - 횡단중,안전운전불이행,건조,맑음,단일로 - 지하차도(도로)내,승합,여,33세,상해없음,보행자,남,80세,경상
2021033000100145,2021년 3월 30일 09시,화요일,충청북도 청주시 서원구 개신동,중상사고,0,1,2,0,차대차 - 추돌,안전운전불이행,건조,맑음,단일로 - 기타,화물,남,59세,상해없음,승용,남,49세,중상
2021033000100146,2021년 3월 30일 09시,화요일,충청북도 충주시 교현동,경상사고,0,0,1,0,차대사람 - 기타,안전운전불이행,건조,맑음,교차로 - 교차로안,승합,남,64세,상해없음,보행자,남,86세,경상
2021033000100147,2021년 3월 30일 09시,화요일,충청북도 진천군 초평면,중상사고,0,1,0,0,차대차 - 정면충돌,중앙선침범,건조,맑음,교차로 - 교차로부근,화물,여,58세,상해없음,화물,남,48세,중상
2021033000100175,2021년 3월 30일 10시,화요일,충청북도 충주시 엄정면,경상사고,0,0,1,0,차대차 - 기타,직진우회전진행방해,건조,맑음,교차로 - 교차로안,승용,남,78세,상해없음,승합,남,56세,상해없음
2021033000100176,2021년 3월 30일 10시,화요일,충청북도 옥천군 군서면,경상사고,0,0,1,0,차대차 - 측면충돌,중앙선침범,건조,맑음,단일로 - 기타,화물,남,64세,상해없음,이륜,남,89세,경상
2021033000100208,2021년 3월 30일 11시,화요일,충청북도 제천시 영천동,중상사고,0,1,2,0,차대차 - 측면충돌,중앙선침범,건조,맑음,교차로 - 교차로부근,승용,여,29세,경상,승용,여,62세,중상
2021033000100209,2021년 3월 30일 11시,화요일,충청북도 진천군 진천읍,경상사고,0,0,1,0,차대차 - 측면충돌,안전운전불이행,건조,맑음,교차로 - 교차로안,화물,남,40세,상해없음,승용,여,53세,경상
2021033000100252,2021년 3월 30일 12시,화요일,충청북도 청주시 상당구 용암동,경상사고,0,0,1,0,차대차 - 추돌,안전운전불이행,건조,맑음,교차로 - 교차로안,승용,남,48세,상해없음,승용,남,56세,경상
2021033000100271,2021년 3월 30일 13시,화요일,충청북도 청주시 서원구 산남동,경상사고,0,0,1,0,차대차 - 추돌,안전운전불이행,건조,맑음,교차로 - 교차로부근,승용,여,60세,상해없음,승용,여,55세,경상
2021033000100304,2021년 3월 30일 14시,화요일,충청북도 제천시 한수면,경상사고,0,0,2,0,차대차 - 정면충돌,중앙선침범,건조,맑음,단일로 - 기타,승용,남,78세,기타불명,승용,남,70세,경상
2021033000100305,2021년 3월 30일 14시,화요일,충청북도 제천시 대랑동,경상사고,0,0,2,0,차대차 - 측면충돌,안전거리미확보,건조,맑음,단일로 - 지하차도(도로)내,승용,남,49세,상해없음,승용,남,30세,경상
2021033000100306,2021년 3월 30일 14시,화요일,충청북도 청주시 상당구 용암동,중상사고,0,1,0,0,차대차 - 측면충돌,안전운전불이행,건조,맑음,교차로 - 교차로안,화물,남,41세,상해없음,이륜,남,41세,중상
2021033000100344,2021년 3월 30일 15시,화요일,충청북도 충주시 봉방동,경상사고,0,0,1,0,차대차 - 측면충돌,교차로운행방법위반,건조,맑음,교차로 - 교차로안,원동기,남,74세,경상,승용,남,66세,상해없음
2021033000100345,2021년 3월 30일 15시,화요일,충청북도 영동군 용산면,중상사고,0,1,0,0,차대차 - 추돌,기타,건조,맑음,교차로 - 교차로안,건설기계,남,49세,상해없음,승용,남,60세,중상
2021033000100473,2021년 3월 30일 18시,화요일,충청북도 청주시 상당구 남일면,경상사고,0,0,2,0,차대차 - 기타,신호위반,건조,맑음,교차로 - 교차로안,화물,남,57세,상해없음,승용,남,55세,경상
2021033000100528,2021년 3월 30일 19시,화요일,충청북도 영동군 추풍령면,중상사고,0,1,0,0,차대차 - 기타,중앙선침범,건조,맑음,단일로 - 기타,승용,남,75세,상해없음,화물,남,58세,중상
2021033000100581,2021년 3월 30일 21시,화요일,충청북도 충주시 교현동,중상사고,0,1,1,0,차대차 - 정면충돌,신호위반,건조,맑음,교차로 - 교차로부근,승용,남,64세,상해없음,승용,남,23세,경상
2021033000100582,2021년 3월 30일 21시,화요일,충청북도 보은군 보은읍,중상사고,0,1,0,0,차대차 - 측면충돌,안전운전불이행,건조,맑음,단일로 - 기타,승용,여,33세,상해없음,자전거,남,66세,중상
2021033000100610,2021년 3월 30일 22시,화요일,충청북도 청주시 상당구 용정동,경상사고,0,0,4,0,차대차 - 측면충돌,안전운전불이행,건조,맑음,교차로 - 교차로부근,승용,남,78세,상해없음,승용,남,19세,경상
2021033100100009,2021년 3월 31일 00시,수요일,충청북도 청주시 상당구 금천동,경상사고,0,0,1,0,차대차 - 측면충돌,중앙선침범,건조,맑음,단일로 - 지하차도(도로)내,승용,남,51세,상해없음,승용,남,57세,경상
2021033100100023,2021년 3월 31일 02시,수요일,충청북도 청주시 상당구 월오동,경상사고,0,0,1,0,차량단독 - 공작물충돌,안전운전불이행,건조,맑음,단일로 - 지하차도(도로)내,승용,남,27세,상해없음,,,,
2021033100100035,2021년 3월 31일 05시,수요일,충청북도 청주시 청원구 사천동,중상사고,0,1,0,0,차대차 - 기타,안전운전불이행,건조,맑음,단일로 - 기타,화물,남,47세,상해없음,승용,남,62세,중상
2021033100100042,2021년 3월 31일 06시,수요일,충청북도 충주시 칠금동,경상사고,0,0,1,0,차대차 - 추돌,안전운전불이행,건조,맑음,교차로 - 교차로부근,승용,남,40세,상해없음,승용,남,65세,경상
2021033100100043,2021년 3월 31일 06시,수요일,충청북도 괴산군 청안면,경상사고,0,0,1,0,차량단독 - 도로외이탈 - 추락,안전운전불이행,건조,맑음,단일로 - 기타,승용,여,58세,경상,,,,
2021033100100044,2021년 3월 31일 06시,수요일,충청북도 청주시 흥덕구 복대동,경상사고,0,0,1,0,차대차 - 측면충돌,안전운전불이행,건조,맑음,교차로 - 교차로부근,승용,여,59세,상해없음,승용,여,55세,경상
2021033100100057,2021년 3월 31일 07시,수요일,충청북도 음성군 음성읍,부상신고사고,0,0,0,1,차대차 - 추돌,안전거리미확보,건조,맑음,교차로 - 교차로부근,승용,여,30세,부상신고,화물,남,56세,상해없음
2021033100100058,2021년 3월 31일 07시,수요일,충청북도 청주시 상당구 용암동,경상사고,0,0,1,0,차대차 - 정면충돌,신호위반,건조,맑음,교차로 - 교차로부근,승합,남,66세,기타불명,승용,여,37세,경상
2021033100100094,2021년 3월 31일 08시,수요일,충청북도 청주시 상당구 영동,경상사고,0,0,1,0,차대사람 - 차도통행중,보행자보호의무위반,건조,맑음,기타 - 기타,승용,여,66세,상해없음,보행자,남,10세,경상
2021033100100095,2021년 3월 31일 08시,수요일,충청북도 충주시 안림동,부상신고사고,0,0,0,1,차대차 - 측면충돌,안전거리미확보,건조,맑음,교차로 - 교차로부근,이륜,남,80세,부상신고,승용,남,33세,상해없음
2021033100100152,2021년 3월 31일 10시,수요일,충청북도 제천시 중앙로2가,경상사고,0,0,1,1,차대차 - 측면충돌,안전운전불이행,건조,맑음,단일로 - 지하차도(도로)내,승용,남,71세,상해없음,승용,여,35세,경상
2021033100100249,2021년 3월 31일 13시,수요일,충청북도 영동군 황간면,사망사고,1,0,0,0,차량단독 - 전도전복 - 전도,안전운전불이행,건조,맑음,기타 - 기타,농기계,남,60세,사망,,,,
2021033100100325,2021년 3월 31일 15시,수요일,충청북도 청주시 흥덕구 봉명동,경상사고,0,0,1,0,차대차 - 후진중충돌,불법유턴,건조,맑음,단일로 - 기타,승용,남,33세,상해없음,자전거,남,64세,경상
2021033100100367,2021년 3월 31일 16시,수요일,충청북도 청주시 청원구 오창읍,경상사고,0,0,1,0,차대차 - 기타,안전운전불이행,건조,맑음,단일로 - 기타,승용,남,30세,상해없음,원동기,남,25세,경상
2021033100100368,2021년 3월 31일 16시,수요일,충청북도 충주시 교현동,경상사고,0,0,1,0,차대차 - 측면충돌,직진우회전진행방해,건조,맑음,교차로 - 교차로안,이륜,여,61세,기타불명,승용,여,35세,경상
2021033100100369,2021년 3월 31일 16시,수요일,충청북도 옥천군 옥천읍,경상사고,0,0,1,0,차대사람 - 횡단중,신호위반,건조,맑음,교차로 - 교차로부근,승용,남,64세,상해없음,보행자,여,26세,경상
2021033100100455,2021년 3월 31일 18시,수요일,충청북도 청주시 서원구 산남동,경상사고,0,0,1,0,차대사람 - 보도통행중,기타,건조,맑음,기타 - 기타,개인형이동수단(PM),여,11세,상해없음,보행자,남,24세,경상
2021033100100506,2021년 3월 31일 19시,수요일,충청북도 제천시 장락동,경상사고,0,0,1,0,차대차 - 측면충돌,신호위반,건조,맑음,교차로 - 교차로횡단보도내,승용,남,63세,상해없음,개인형이동수단(PM),여,20세,경상
2021033100100507,2021년 3월 31일 19시,수요일,충청북도 청주시 흥덕구 복대동,경상사고,0,0,1,0,차대차 - 측면충돌,안전운전불이행,건조,맑음,단일로 - 기타,승용,남,59세,상해없음,승용,여,46세,경상
2021033100100581,2021년 3월 31일 22시,수요일,충청북도 청주시 청원구 율량동,경상사고,0,0,1,0,차대차 - 기타,중앙선침범,건조,맑음,교차로 - 교차로부근,승용,여,57세,기타불명,이륜,남,33세,경상
2021040100100030,2021년 4월 1일 04시,목요일,충청북도 청주시 흥덕구 봉명동,중상사고,0,1,0,0,차대사람 - 횡단중,보행자보호의무위반,건조,맑음,단일로 - 기타,승용,남,38세,상해없음,보행자,남,59세,중상
2021040100100091,2021년 4월 1일 08시,목요일,충청북도 충주시 봉방동,경상사고,0,0,1,0,차대차 - 측면충돌,안전운전불이행,건조,맑음,단일로 - 기타,승용,남,38세,상해없음,승용,남,49세,경상
2021040100100092,2021년 4월 1일 08시,목요일,충청북도 청주시 상당구 용암동,중상사고,0,1,0,0,차대차 - 측면충돌,교차로운행방법위반,건조,맑음,교차로 - 교차로부근,승용,여,60세,상해없음,기타불명,여,78세,중상
2021040100100093,2021년 4월 1일 08시,목요일,충청북도 청주시 상당구 운동동,중상사고,0,1,0,0,차대사람 - 기타,보행자보호의무위반,건조,맑음,교차로 - 교차로부근,승용,여,43세,상해없음,보행자,남,8세,중상
2021040100100157,2021년 4월 1일 10시,목요일,충청북도 청주시 흥덕구 송정동,중상사고,0,1,0,0,차대차 - 측면충돌,교차로운행방법위반,건조,맑음,교차로 - 교차로안,화물,남,61세,상해없음,이륜,남,29세,중상
2021040100100158,2021년 4월 1일 10시,목요일,충청북도 청주시 상당구 용암동,경상사고,0,0,1,0,차대차 - 측면충돌,안전운전불이행,건조,맑음,단일로 - 기타,승용,여,51세,기타불명,승용,남,31세,경상
2021040100100159,2021년 4월 1일 10시,목요일,충청북도 청주시 서원구 수곡동,경상사고,0,0,1,0,차대차 - 측면충돌,신호위반,건조,맑음,교차로 - 교차로안,승용,남,60세,상해없음,승용,남,29세,경상
2021040100100189,2021년 4월 1일 11시,목요일,충청북도 진천군 진천읍,경상사고,0,0,2,0,차대차 - 측면충돌,안전운전불이행,건조,맑음,단일로 - 기타,승용,남,83세,상해없음,승용,여,79세,경상
2021040100100190,2021년 4월 1일 11시,목요일,충청북도 옥천군 옥천읍,경상사고,0,0,1,0,차대차 - 측면충돌,안전운전불이행,건조,맑음,단일로 - 지하차도(도로)내,화물,남,47세,상해없음,승용,남,39세,경상
2021040100100232,2021년 4월 1일 12시,목요일,충청북도 청주시 흥덕구 복대동,중상사고,0,1,0,0,차대차 - 측면충돌,신호위반,건조,맑음,교차로 - 교차로안,승용,여,46세,상해없음,이륜,남,38세,중상
2021040100100271,2021년 4월 1일 13시,목요일,충청북도 제천시 화산동,경상사고,0,0,1,0,차대차 - 측면충돌,안전거리미확보,건조,맑음,교차로 - 교차로부근,승용,남,57세,상해없음,이륜,남,25세,경상
2021040100100272,2021년 4월 1일 13시,목요일,충청북도 보은군 회인면,중상사고,0,1,1,0,차대차 - 추돌,안전거리미확보,건조,맑음,단일로 - 지하차도(도로)내,승용,남,53세,중상,화물,남,51세,경상
2021040100100346,2021년 4월 1일 15시,목요일,충청북도 청주시 청원구 율량동,경상사고,0,0,1,0,차대차 - 측면충돌,안전운전불이행,건조,맑음,교차로 - 교차로횡단보도내,승용,여,54세,상해없음,승용,여,54세,경상
2021040100100347,2021년 4월 1일 15시,목요일,충청북도 충주시 살미면,중상사고,0,3,0,0,차대차 - 측면충돌,안전운전불이행,건조,맑음,교차로 - 교차로안,승용,남,80세,상해없음,승용,남,65세,중상
2021040100100348,2021년 4월 1일 15시,목요일,충청북도 청주시 흥덕구 가경동,경상사고,0,0,1,0,차대차 - 측면충돌,안전운전불이행,건조,맑음,교차로 - 교차로안,이륜,남,18세,상해없음,화물,남,55세,경상
2021040100100427,2021년 4월 1일 17시,목요일,충청북도 충주시 목행동,중상사고,0,1,0,0,차대차 - 정면충돌,안전운전불이행,건조,맑음,교차로 - 교차로안,승용,남,27세,상해없음,자전거,남,40세,중상
2021040100100428,2021년 4월 1일 17시,목요일,충청북도 음성군 맹동면,경상사고,0,0,1,0,차대차 - 측면충돌,교차로운행방법위반,건조,맑음,교차로 - 교차로안,화물,남,56세,상해없음,승용,남,60세,경상
2021040100100429,2021년 4월 1일 17시,목요일,충청북도 청주시 서원구 개신동,중상사고,0,1,0,0,차대차 - 측면충돌,교차로운행방법위반,건조,맑음,교차로 - 교차로안,승용,남,24세,상해없음,화물,남,56세,중상
2021040100100476,2021년 4월 1일 18시,목요일,충청북도 괴산군 괴산읍,경상사고,0,0,1,0,차대차 - 추돌,안전운전불이행,건조,맑음,단일로 - 기타,승용,여,29세,상해없음,화물,여,62세,경상
2021040100100477,2021년 4월 1일 18시,목요일,충청북도 청주시 흥덕구 송정동,경상사고,0,0,1,0,차대차 - 추돌,안전운전불이행,건조,맑음,단일로 - 기타,승용,여,42세,상해없음,승용,여,50세,경상
2021040100100478,2021년 4월 1일 18시,목요일,충청북도 청주시 서원구 개신동,경상사고,0,0,1,0,차대차 - 후진중충돌,안전운전불이행,건조,맑음,단일로 - 기타,화물,남,52세,상해없음,이륜,남,38세,경상
2021040100100524,2021년 4월 1일 19시,목요일,충청북도 충주시 달천동,중상사고,0,1,2,0,차대차 - 추돌,안전운전불이행,건조,맑음,단일로 - 고가도로위,승용,남,71세,경상,화물,남,59세,중상
2021040100100559,2021년 4월 1일 20시,목요일,충청북도 청주시 서원구 사창동,경상사고,0,0,1,0,차대사람 - 기타,안전운전불이행,건조,맑음,단일로 - 기타,승합,기타불명,미분류,기타불명,보행자,남,73세,경상
2021040100100560,2021년 4월 1일 20시,목요일,충청북도 제천시 모산동,경상사고,0,0,1,0,차대차 - 기타,안전운전불이행,건조,맑음,교차로 - 교차로부근,이륜,남,25세,경상,승용,남,24세,상해없음
2021040100100561,2021년 4월 1일 20시,목요일,충청북도 옥천군 청산면,경상사고,0,0,1,0,차량단독 - 기타,안전운전불이행,기타,기타,기타 - 기타,이륜,남,38세,경상,,,,
2021040100100589,2021년 4월 1일 21시,목요일,충청북도 음성군 대소면,사망사고,1,0,0,0,차대차 - 측면충돌,안전운전불이행,건조,맑음,단일로 - 기타,승용,남,41세,상해없음,승용,남,62세,사망
2021040100100614,2021년 4월 1일 22시,목요일,충청북도 음성군 대소면,부상신고사고,0,0,0,1,차량단독 - 도로외이탈 - 추락,안전운전불이행,건조,맑음,미분류 - 미분류,화물,남,33세,부상신고,,,,
2021040100100629,2021년 4월 1일 23시,목요일,충청북도 청주시 서원구 사직동,중상사고,0,1,1,0,차대사람 - 기타,안전운전불이행,건조,맑음,단일로 - 기타,자전거,남,21세,경상,보행자,여,22세,중상
2021040100100630,2021년 4월 1일 23시,목요일,충청북도 청주시 흥덕구 복대동,중상사고,0,1,1,0,차대차 - 측면충돌,안전운전불이행,건조,맑음,단일로 - 기타,승용,남,65세,상해없음,승용,남,58세,중상
2021040200100004,2021년 4월 2일 00시,금요일,충청북도 충주시 산척면,경상사고,0,0,2,0,차대차 - 측면충돌,안전운전불이행,건조,맑음,교차로 - 교차로안,승용,남,66세,상해없음,승용,여,19세,경상
2021040200100018,2021년 4월 2일 02시,금요일,충청북도 청주시 청원구 내덕동,경상사고,0,0,2,0,차대차 - 기타,신호위반,건조,맑음,교차로 - 교차로안,승용,남,40세,상해없음,승용,남,61세,경상
2021040200100035,2021년 4월 2일 05시,금요일,충청북도 청주시 흥덕구 오송읍,중상사고,0,1,0,0,차대차 - 측면충돌,신호위반,건조,맑음,교차로 - 교차로안,화물,남,61세,상해없음,자전거,여,73세,중상
2021040200100043,2021년 4월 2일 06시,금요일,충청북도 청주시 상당구 석교동,중상사고,0,1,0,0,차대사람 - 횡단중,보행자보호의무위반,건조,맑음,기타 - 기타,화물,남,63세,상해없음,보행자,여,84세,중상
2021040200100057,2021년 4월 2일 07시,금요일,충청북도 충주시 주덕읍,중상사고,0,1,0,0,차대차 - 측면충돌,중앙선침범,건조,맑음,단일로 - 기타,화물,남,55세,상해없음,화물,여,66세,중상
2021040200100058,2021년 4월 2일 07시,금요일,충청북도 증평군 증평읍,중상사고,0,1,0,0,차대차 - 추돌,안전운전불이행,건조,맑음,단일로 - 기타,이륜,남,84세,중상,승용,여,61세,상해없음
2021040200100059,2021년 4월 2일 07시,금요일,충청북도 청주시 상당구 문화동,중상사고,0,1,0,0,차대사람 - 횡단중,보행자보호의무위반,건조,맑음,교차로 - 교차로횡단보도내,화물,남,47세,상해없음,보행자,남,54세,중상
2021040200100223,2021년 4월 2일 12시,금요일,충청북도 청주시 흥덕구 복대동,경상사고,0,0,1,0,차대차 - 후진중충돌,안전운전불이행,건조,맑음,단일로 - 기타,승용,여,50세,상해없음,이륜,남,47세,경상
2021040200100262,2021년 4월 2일 13시,금요일,충청북도 청주시 흥덕구 가경동,사망사고,1,0,0,0,차대사람 - 기타,안전운전불이행,건조,맑음,단일로 - 기타,승용,남,28세,상해없음,보행자,여,72세,사망
2021040200100300,2021년 4월 2일 14시,금요일,충청북도 청주시 청원구 북이면,경상사고,0,0,1,0,차대차 - 기타,안전운전불이행,건조,맑음,단일로 - 기타,화물,남,61세,상해없음,이륜,남,45세,경상
2021040200100301,2021년 4월 2일 14시,금요일,충청북도 청주시 청원구 주성동,경상사고,0,0,1,0,차대차 - 추돌,안전운전불이행,건조,맑음,교차로 - 교차로부근,화물,남,68세,상해없음,승용,여,26세,경상
2021040200100302,2021년 4월 2일 14시,금요일,충청북도 청주시 흥덕구 복대동,중상사고,0,1,0,0,차대사람 - 횡단중,신호위반,건조,맑음,교차로 - 교차로안,승용,여,55세,상해없음,보행자,여,19세,중상
2021040200100332,2021년 4월 2일 15시,금요일,충청북도 청주시 흥덕구 신봉동,경상사고,0,0,1,0,차대차 - 측면충돌,기타,건조,맑음,단일로 - 기타,화물,남,67세,상해없음,승용,여,59세,경상
2021040200100333,2021년 4월 2일 15시,금요일,충청북도 청주시 서원구 장성동,사망사고,1,0,0,0,차대차 - 측면충돌,신호위반,건조,맑음,교차로 - 교차로횡단보도내,화물,남,61세,상해없음,자전거,남,59세,사망
2021040200100364,2021년 4월 2일 16시,금요일,충청북도 청주시 서원구 모충동,중상사고,0,1,0,0,차대사람 - 횡단중,보행자보호의무위반,건조,맑음,단일로 - 기타,승용,남,58세,상해없음,보행자,남,55세,중상
2021040200100412,2021년 4월 2일 17시,금요일,충청북도 충주시 교현동,중상사고,0,1,0,0,차대차 - 측면충돌,신호위반,건조,흐림,교차로 - 교차로안,승용,남,77세,상해없음,승용,여,48세,중상
2021040200100413,2021년 4월 2일 17시,금요일,충청북도 괴산군 불정면,중상사고,0,1,1,0,차대차 - 측면충돌,안전운전불이행,건조,맑음,단일로 - 기타,승용,여,70세,상해없음,승용,남,72세,경상
2021040200100414,2021년 4월 2일 17시,금요일,충청북도 청주시 흥덕구 옥산면,중상사고,0,1,0,0,차대사람 - 기타,안전운전불이행,건조,맑음,단일로 - 기타,승용,여,41세,상해없음,보행자,여,83세,중상
2021040200100463,2021년 4월 2일 18시,금요일,충청북도 청주시 상당구 남일면,중상사고,0,1,1,0,차대차 - 측면충돌,안전운전불이행,건조,맑음,단일로 - 기타,화물,남,53세,경상,승용,남,37세,중상
2021040200100506,2021년 4월 2일 19시,금요일,충청북도 충주시 용산동,경상사고,0,0,1,0,차대차 - 추돌,안전운전불이행,건조,맑음,교차로 - 교차로부근,승용,남,47세,상해없음,승용,여,37세,상해없음
2021040200100507,2021년 4월 2일 19시,금요일,충청북도 제천시 서부동,중상사고,0,1,0,0,차대사람 - 횡단중,안전운전불이행,건조,맑음,단일로 - 기타,이륜,남,31세,상해없음,보행자,여,50세,중상
2021040200100552,2021년 4월 2일 20시,금요일,충청북도 진천군 진천읍,경상사고,0,0,1,1,차대차 - 측면충돌,안전운전불이행,건조,맑음,교차로 - 교차로안,승용,여,25세,경상,승용,여,51세,부상신고
2021040200100621,2021년 4월 2일 22시,금요일,충청북도 진천군 덕산읍,경상사고,0,0,1,0,차량단독 - 전도전복 - 전도,안전운전불이행,건조,맑음,교차로 - 교차로부근,이륜,남,24세,경상,,,,
2021040300100022,2021년 4월 3일 01시,토요일,충청북도 청주시 상당구 용암동,중상사고,0,1,0,0,차대사람 - 기타,중앙선침범,건조,맑음,교차로 - 교차로안,승용,남,47세,상해없음,보행자,남,55세,중상
2021040300100038,2021년 4월 3일 03시,토요일,충청북도 제천시 의림동,중상사고,0,2,1,0,차대차 - 정면충돌,신호위반,건조,맑음,교차로 - 교차로안,승용,남,21세,상해없음,승용,남,22세,중상
2021040300100062,2021년 4월 3일 07시,토요일,충청북도 청주시 청원구 주성동,경상사고,0,0,1,0,차대차 - 기타,안전거리미확보,건조,맑음,단일로 - 기타,승용,남,41세,상해없음,승용,남,68세,경상
2021040300100179,2021년 4월 3일 12시,토요일,충청북도 제천시 중앙로1가,경상사고,0,0,2,0,차대차 - 정면충돌,신호위반,젖음/습기,비,교차로 - 교차로안,승용,남,63세,상해없음,승용,남,69세,경상
2021040300100180,2021년 4월 3일 12시,토요일,충청북도 음성군 음성읍,중상사고,0,1,0,0,차대차 - 측면충돌,교차로운행방법위반,젖음/습기,흐림,교차로 - 교차로안,승용,여,36세,상해없음,화물,남,67세,중상
2021040300100303,2021년 4월 3일 15시,토요일,충청북도 청주시 흥덕구 강내면,경상사고,0,0,3,0,차대차 - 추돌,안전거리미확보,젖음/습기,비,단일로 - 지하차도(도로)내,승용,남,28세,상해없음,승용,남,25세,경상
2021040300100444,2021년 4월 3일 19시,토요일,충청북도 청주시 흥덕구 봉명동,중상사고,0,1,0,0,차대차 - 측면충돌,교차로운행방법위반,젖음/습기,비,교차로 - 교차로안,승용,여,72세,상해없음,이륜,남,50세,중상
2021040300100445,2021년 4월 3일 19시,토요일,충청북도 청주시 흥덕구 가경동,경상사고,0,0,1,0,차대사람 - 횡단중,보행자보호의무위반,젖음/습기,비,단일로 - 기타,승용,남,48세,상해없음,보행자,남,31세,경상
2021040300100446,2021년 4월 3일 19시,토요일,충청북도 청주시 상당구 용암동,경상사고,0,0,2,0,차대차 - 측면충돌,교차로운행방법위반,젖음/습기,비,교차로 - 교차로안,승용,남,48세,상해없음,승용,여,56세,경상
2021040300100489,2021년 4월 3일 20시,토요일,충청북도 충주시 연수동,중상사고,0,1,0,0,차대차 - 정면충돌,신호위반,젖음/습기,비,교차로 - 교차로안,승합,여,45세,상해없음,승용,여,50세,중상
2021040300100532,2021년 4월 3일 21시,토요일,충청북도 음성군 음성읍,중상사고,0,1,0,0,차대차 - 측면충돌,신호위반,젖음/습기,비,미분류 - 미분류,승용,여,60세,상해없음,이륜,남,52세,중상