사고번호,사고일시,요일,시군구,사고내용,사망자수,중상자수,경상자수,부상신고자수,사고유형,법규위반,노면상태,기상상태,도로형태,가해운전자 차종,가해운전자 성별,가해운전자 연령,가해운전자 상해정도,피해운전자 차종,피해운전자 성별,피해운전자 연령,피해운전자 상해정도
2021040300100533,2021년 4월 3일 21시,토요일,충청북도 청주시 상당구 운동동,경상사고,0,0,1,0,차대차 - 측면충돌,교차로운행방법위반,젖음/습기,비,교차로 - 교차로안,승용,여,38세,경상,승용,여,44세,상해없음
2021040300100584,2021년 4월 3일 22시,토요일,충청북도 음성군 감곡면,중상사고,0,1,1,0,차대차 - 측면충돌,교차로운행방법위반,젖음/습기,비,교차로 - 교차로안,승용,남,27세,중상,승용,남,53세,경상
2021040300100585,2021년 4월 3일 22시,토요일,충청북도 청주시 서원구 수곡동,경상사고,0,0,1,0,차대사람 - 기타,안전운전불이행,젖음/습기,비,교차로 - 교차로안,승용,남,54세,상해없음,보행자,여,46세,경상
2021040300100619,2021년 4월 3일 23시,토요일,충청북도 청주시 청원구 내덕동,중상사고,0,1,1,0,차대차 - 기타,안전운전불이행,젖음/습기,비,교차로 - 교차로안,화물,남,22세,상해없음,승용,남,55세,중상
2021040300100620,2021년 4월 3일 23시,토요일,충청북도 충주시 연수동,중상사고,0,1,0,0,차대사람 - 기타,안전운전불이행,젖음/습기,비,단일로 - 기타,승용,여,50세,상해없음,보행자,남,53세,중상
2021040300100621,2021년 4월 3일 23시,토요일,충청북도 청주시 흥덕구 봉명동,경상사고,0,0,1,0,차대차 - 측면충돌,안전운전불이행,젖음/습기,비,교차로 - 교차로안,화물,남,49세,상해없음,이륜,남,25세,경상
2021040400100045,2021년 4월 4일 05시,일요일,충청북도 청주시 흥덕구 송정동,중상사고,0,1,0,0,차대차 - 측면충돌,신호위반,젖음/습기,비,교차로 - 교차로안,승용,남,54세,상해없음,승용,남,50세,중상
2021040400100092,2021년 4월 4일 10시,일요일,충청북도 청주시 흥덕구 옥산면,중상사고,0,2,0,0,차대차 - 추돌,기타,젖음/습기,흐림,단일로 - 기타,승용,여,30세,기타불명,승용,남,74세,중상
2021040400100105,2021년 4월 4일 11시,일요일,충청북도 괴산군 연풍면,경상사고,0,0,4,0,차대차 - 추돌,안전거리미확보,건조,맑음,단일로 - 터널,승용,남,59세,상해없음,승용,남,24세,상해없음
2021040400100151,2021년 4월 4일 13시,일요일,충청북도 청주시 흥덕구 옥산면,경상사고,0,0,1,0,차대차 - 측면충돌,직진우회전진행방해,건조,맑음,교차로 - 교차로안,화물,남,49세,상해없음,이륜,남,64세,경상
2021040400100181,2021년 4월 4일 14시,일요일,충청북도 청주시 상당구 용암동,경상사고,0,0,1,0,차대차 - 추돌,안전운전불이행,건조,맑음,교차로 - 교차로부근,승용,남,71세,상해없음,승용,여,46세,경상
2021040400100228,2021년 4월 4일 15시,일요일,충청북도 충주시 금가면,경상사고,0,0,4,0,차대차 - 추돌,안전운전불이행,건조,맑음,단일로 - 기타,승합,남,64세,상해없음,승합,남,57세,경상
2021040400100255,2021년 4월 4일 16시,일요일,충청북도 청주시 상당구 문의면,경상사고,0,0,5,0,차대차 - 기타,안전운전불이행,건조,맑음,단일로 - 기타,승용,남,27세,상해없음,승합,남,48세,경상
2021040400100330,2021년 4월 4일 19시,일요일,충청북도 괴산군 괴산읍,경상사고,0,0,6,0,차대차 - 측면충돌,직진우회전진행방해,건조,맑음,교차로 - 교차로안,승용,여,42세,경상,승용,여,51세,경상
2021040400100331,2021년 4월 4일 19시,일요일,충청북도 진천군 진천읍,경상사고,0,0,3,0,차대차 - 측면충돌,안전운전불이행,건조,맑음,교차로 - 교차로안,승용,남,59세,기타불명,승용,남,35세,기타불명
2021040400100332,2021년 4월 4일 19시,일요일,충청북도 청주시 상당구 용암동,경상사고,0,0,1,0,차대차 - 측면충돌,안전거리미확보,건조,맑음,단일로 - 기타,승용,남,60세,기타불명,승용,남,50세,경상
2021040400100361,2021년 4월 4일 20시,일요일,충청북도 제천시 청전동,중상사고,0,1,1,0,차량단독 - 공작물충돌,안전운전불이행,건조,맑음,단일로 - 지하차도(도로)내,승용,여,52세,경상,,,,
2021040400100385,2021년 4월 4일 21시,일요일,충청북도 청주시 청원구 북이면,경상사고,0,0,2,0,차대차 - 기타,안전거리미확보,건조,맑음,교차로 - 교차로부근,승용,여,52세,상해없음,승용,남,64세,경상
2021040400100415,2021년 4월 4일 23시,일요일,충청북도 청주시 흥덕구 외북동,경상사고,0,0,4,1,차대차 - 측면충돌,신호위반,건조,맑음,교차로 - 교차로안,승용,남,22세,부상신고,승용,남,26세,경상
2021040500100017,2021년 4월 5일 02시,월요일,충청북도 청주시 흥덕구 복대동,경상사고,0,0,4,0,차대차 - 측면충돌,신호위반,건조,맑음,교차로 - 교차로안,승용,남,48세,상해없음,승용,남,25세,경상
2021040500100030,2021년 4월 5일 05시,월요일,충청북도 충주시 칠금동,경상사고,0,0,1,0,차대차 - 추돌,안전운전불이행,건조,맑음,교차로 - 교차로부근,승용,남,27세,상해없음,승용,여,65세,경상
2021040500100031,2021년 4월 5일 05시,월요일,충청북도 단양군 적성면,중상사고,0,1,3,0,차대차 - 기타,안전운전불이행,건조,맑음,단일로 - 지하차도(도로)내,특수,남,47세,상해없음,특수,남,35세,상해없음
2021040500100051,2021년 4월 5일 06시,월요일,충청북도 진천군 덕산읍,중상사고,0,1,0,0,차량단독 - 공작물충돌,안전운전불이행,건조,맑음,단일로 - 기타,승용,남,28세,중상,,,,
2021040500100068,2021년 4월 5일 07시,월요일,충청북도 제천시 왕암동,중상사고,0,1,0,0,차대차 - 측면충돌,안전운전불이행,건조,맑음,교차로 - 교차로안,승용,남,23세,상해없음,승용,남,33세,중상
2021040500100105,2021년 4월 5일 08시,월요일,충청북도 청주시 서원구 남이면,경상사고,0,0,1,1,차대차 - 추돌,안전거리미확보,건조,맑음,단일로 - 기타,건설기계,남,50세,상해없음,승용,남,53세,경상
2021040500100106,2021년 4월 5일 08시,월요일,충청북도 청주시 상당구 영운동,중상사고,0,1,0,0,차대차 - 정면충돌,안전운전불이행,건조,맑음,단일로 - 기타,화물,남,49세,상해없음,자전거,남,62세,중상
2021040500100148,2021년 4월 5일 09시,월요일,충청북도 청주시 청원구 율량동,중상사고,0,1,0,0,차대차 - 측면충돌,안전거리미확보,건조,맑음,교차로 - 교차로부근,승합,남,32세,기타불명,이륜,남,37세,중상
2021040500100149,2021년 4월 5일 09시,월요일,충청북도 청주시 흥덕구 강내면,중상사고,0,1,0,0,차대차 - 기타,기타,건조,맑음,단일로 - 기타,승용,여,28세,기타불명,승용,남,40세,중상
2021040500100248,2021년 4월 5일 12시,월요일,충청북도 청주시 청원구 내덕동,경상사고,0,0,1,0,차대차 - 기타,직진우회전진행방해,건조,맑음,교차로 - 교차로부근,승용,여,44세,상해없음,승용,남,59세,경상
2021040500100281,2021년 4월 5일 13시,월요일,충청북도 충주시 단월동,경상사고,0,0,4,0,차대차 - 측면충돌,교차로운행방법위반,건조,맑음,교차로 - 교차로안,승용,여,27세,경상,승용,남,74세,경상
2021040500100282,2021년 4월 5일 13시,월요일,충청북도 진천군 진천읍,경상사고,0,0,1,0,차대차 - 측면충돌,안전운전불이행,건조,맑음,교차로 - 교차로안,화물,남,65세,상해없음,승용,남,69세,경상
2021040500100283,2021년 4월 5일 13시,월요일,충청북도 청주시 흥덕구 운천동,경상사고,0,0,1,0,차대차 - 측면충돌,중앙선침범,건조,맑음,단일로 - 기타,승용,남,39세,상해없음,승용,남,29세,경상
2021040500100317,2021년 4월 5일 14시,월요일,충청북도 청주시 상당구 북문로2가,경상사고,0,0,1,0,차량단독 - 기타,안전운전불이행,건조,맑음,단일로 - 기타,승합,남,46세,상해없음,,,,
2021040500100318,2021년 4월 5일 14시,월요일,충청북도 청주시 상당구 금천동,중상사고,0,1,0,0,차대차 - 측면충돌,안전운전불이행,건조,맑음,교차로 - 교차로부근,승용,남,41세,상해없음,이륜,남,74세,중상
2021040500100319,2021년 4월 5일 14시,월요일,충청북도 괴산군 연풍면,중상사고,0,2,1,0,차대차 - 추돌,안전거리미확보,건조,맑음,단일로 - 지하차도(도로)내,화물,남,63세,상해없음,승합,남,22세,중상
2021040500100367,2021년 4월 5일 15시,월요일,충청북도 청주시 청원구 내수읍,경상사고,0,0,1,0,차대차 - 기타,안전운전불이행,건조,맑음,기타 - 기타,승용,남,62세,상해없음,승용,여,25세,경상
2021040500100368,2021년 4월 5일 15시,월요일,충청북도 청주시 상당구 북문로2가,경상사고,0,0,1,0,차대차 - 측면충돌,신호위반,건조,맑음,교차로 - 교차로안,승용,남,24세,기타불명,이륜,남,33세,경상
2021040500100369,2021년 4월 5일 15시,월요일,충청북도 청주시 상당구 남문로1가,중상사고,0,1,0,0,차대사람 - 기타,안전운전불이행,건조,맑음,단일로 - 지하차도(도로)내,화물,남,46세,상해없음,보행자,여,69세,중상
2021040500100411,2021년 4월 5일 16시,월요일,충청북도 청주시 서원구 사창동,중상사고,0,1,0,0,차대차 - 측면충돌,중앙선침범,건조,맑음,단일로 - 기타,승용,남,68세,상해없음,원동기,남,27세,중상
2021040500100412,2021년 4월 5일 16시,월요일,충청북도 충주시 금릉동,중상사고,0,1,0,1,차대차 - 측면충돌,안전운전불이행,건조,맑음,교차로 - 교차로안,승용,여,22세,부상신고,승용,남,28세,중상
2021040500100413,2021년 4월 5일 16시,월요일,충청북도 청주시 서원구 성화동,경상사고,0,0,1,0,차대차 - 기타,안전거리미확보,건조,맑음,단일로 - 기타,승용,여,60세,상해없음,승용,남,43세,경상
2021040500100414,2021년 4월 5일 16시,월요일,충청북도 청주시 흥덕구 봉명동,경상사고,0,0,1,0,차대차 - 측면충돌,안전운전불이행,건조,맑음,교차로 - 교차로안,승용,여,25세,상해없음,이륜,남,23세,경상
2021040500100460,2021년 4월 5일 17시,월요일,충청북도 증평군 증평읍,중상사고,0,2,4,0,차대차 - 추돌,안전운전불이행,건조,맑음,단일로 - 기타,화물,남,52세,경상,승용,여,36세,경상
2021040500100511,2021년 4월 5일 18시,월요일,충청북도 충주시 목행동,경상사고,0,0,2,0,차대차 - 측면충돌,직진우회전진행방해,건조,맑음,교차로 - 교차로안,승용,여,55세,경상,이륜,여,64세,경상
2021040500100512,2021년 4월 5일 18시,월요일,충청북도 괴산군 괴산읍,부상신고사고,0,0,0,1,차대차 - 측면충돌,안전거리미확보,건조,맑음,교차로 - 교차로안,승용,여,57세,상해없음,승용,남,58세,상해없음
2021040500100513,2021년 4월 5일 18시,월요일,충청북도 청주시 서원구 성화동,경상사고,0,0,1,0,차대차 - 추돌,안전운전불이행,건조,맑음,단일로 - 기타,승용,여,39세,상해없음,승용,남,48세,경상
2021040500100595,2021년 4월 5일 20시,월요일,충청북도 청주시 흥덕구 향정동,경상사고,0,0,1,0,차대차 - 기타,교차로운행방법위반,건조,맑음,교차로 - 교차로안,승용,남,42세,상해없음,승용,남,60세,상해없음
2021040500100628,2021년 4월 5일 21시,월요일,충청북도 영동군 영동읍,경상사고,0,0,1,0,차대차 - 정면충돌,직진우회전진행방해,건조,맑음,교차로 - 교차로안,승용,남,65세,상해없음,자전거,여,50세,경상
2021040600100030,2021년 4월 6일 06시,화요일,충청북도 청주시 흥덕구 봉명동,경상사고,0,0,1,0,차대차 - 측면충돌,안전운전불이행,건조,맑음,교차로 - 교차로안,승용,남,25세,상해없음,승용,남,33세,경상
2021040600100050,2021년 4월 6일 07시,화요일,충청북도 청주시 청원구 북이면,경상사고,0,0,1,0,차대차 - 기타,안전운전불이행,건조,맑음,단일로 - 기타,승용,남,20세,기타불명,승용,여,29세,경상
2021040600100146,2021년 4월 6일 10시,화요일,충청북도 충주시 금가면,경상사고,0,0,1,0,차대차 - 정면충돌,신호위반,건조,맑음,교차로 - 교차로안,승용,남,65세,상해없음,승용,여,49세,경상
2021040600100173,2021년 4월 6일 11시,화요일,충청북도 진천군 덕산읍,경상사고,0,0,1,0,차대차 - 기타,기타,건조,맑음,단일로 - 기타,승용,여,51세,상해없음,승용,남,33세,경상
2021040600100200,2021년 4월 6일 12시,화요일,충청북도 청주시 흥덕구 가경동,경상사고,0,0,2,0,차대차 - 기타,안전운전불이행,건조,맑음,단일로 - 기타,승용,남,56세,상해없음,승용,남,46세,경상
2021040600100201,2021년 4월 6일 12시,화요일,충청북도 청주시 서원구 모충동,중상사고,0,1,0,0,차대차 - 정면충돌,안전운전불이행,건조,맑음,단일로 - 기타,화물,남,62세,상해없음,이륜,남,43세,중상
2021040600100261,2021년 4월 6일 14시,화요일,충청북도 충주시 앙성면,경상사고,0,0,1,0,차량단독 - 도로외이탈 - 추락,안전운전불이행,기타,맑음,단일로 - 기타,건설기계,남,48세,경상,,,,
2021040600100262,2021년 4월 6일 14시,화요일,충청북도 진천군 진천읍,경상사고,0,0,1,0,차대차 - 측면충돌,안전운전불이행,건조,맑음,단일로 - 기타,승용,남,60세,상해없음,승용,남,44세,경상
2021040600100303,2021년 4월 6일 15시,화요일,충청북도 음성군 금왕읍,경상사고,0,0,1,0,차대차 - 기타,중앙선침범,건조,맑음,교차로 - 교차로안,건설기계,남,46세,상해없음,승용,여,32세,경상
2021040600100340,2021년 4월 6일 16시,화요일,충청북도 충주시 교현동,중상사고,0,1,0,0,차대차 - 정면충돌,안전거리미확보,건조,맑음,교차로 - 교차로부근,승용,여,63세,상해없음,원동기,남,50세,중상
2021040600100380,2021년 4월 6일 17시,화요일,충청북도 청주시 청원구 오동동,경상사고,0,0,1,0,차대차 - 기타,중앙선침범,건조,맑음,단일로 - 기타,원동기,남,74세,경상,화물,남,62세,상해없음
2021040600100381,2021년 4월 6일 17시,화요일,충청북도 증평군 증평읍,경상사고,0,0,1,0,차대차 - 측면충돌,직진우회전진행방해,건조,맑음,교차로 - 교차로안,승용,남,53세,상해없음,승용,여,63세,경상
2021040600100382,2021년 4월 6일 17시,화요일,충청북도 청주시 상당구 월오동,경상사고,0,0,5,0,차대차 - 추돌,안전거리미확보,건조,맑음,교차로 - 교차로부근,승용,여,44세,상해없음,화물,남,52세,경상
2021040600100420,2021년 4월 6일 18시,화요일,충청북도 청주시 청원구 우암동,경상사고,0,0,1,0,차대차 - 추돌,안전운전불이행,건조,맑음,단일로 - 기타,승용,여,28세,상해없음,이륜,남,33세,경상
2021040600100421,2021년 4월 6일 18시,화요일,충청북도 청주시 흥덕구 복대동,경상사고,0,0,1,0,차대차 - 측면충돌,안전거리미확보,건조,맑음,교차로 - 교차로부근,승용,여,52세,상해없음,이륜,남,31세,경상
2021040600100472,2021년 4월 6일 19시,화요일,충청북도 청주시 상당구 수동,경상사고,0,0,3,0,차대차 - 기타,교차로운행방법위반,건조,맑음,교차로 - 교차로안,승용,남,28세,경상,승용,남,40세,경상
2021040600100473,2021년 4월 6일 19시,화요일,충청북도 청주시 상당구 용암동,경상사고,0,0,2,0,차대차 - 후진중충돌,안전운전불이행,건조,맑음,단일로 - 지하차도(도로)내,승용,남,67세,상해없음,승용,남,62세,경상
2021040600100506,2021년 4월 6일 20시,화요일,충청북도 청주시 상당구 북문로2가,중상사고,0,1,0,0,차대차 - 측면충돌,중앙선침범,건조,맑음,단일로 - 기타,이륜,남,18세,중상,승용,남,48세,상해없음
2021040600100535,2021년 4월 6일 21시,화요일,충청북도 청주시 청원구 오창읍,경상사고,0,0,1,0,차대사람 - 차도통행중,안전운전불이행,건조,맑음,기타 - 기타,승용,남,47세,상해없음,보행자,여,16세,경상
2021040600100536,2021년 4월 6일 21시,화요일,충청북도 제천시 하소동,중상사고,0,1,1,0,차대차 - 측면충돌,신호위반,건조,흐림,교차로 - 교차로안,승용,여,51세,상해없음,승용,남,60세,경상
2021040700100017,2021년 4월 7일 03시,수요일,충청북도 청주시 흥덕구 가경동,경상사고,0,0,1,0,차대차 - 기타,신호위반,건조,맑음,교차로 - 교차로안,승용,남,19세,상해없음,승용,남,53세,경상
2021040700100037,2021년 4월 7일 06시,수요일,충청북도 청주시 흥덕구 가경동,중상사고,0,1,0,0,차대차 - 정면충돌,안전운전불이행,건조,맑음,교차로 - 교차로부근,승용,남,68세,상해없음,이륜,남,19세,중상
2021040700100049,2021년 4월 7일 07시,수요일,충청북도 청주시 상당구 용암동,경상사고,0,0,1,0,차대차 - 기타,안전거리미확보,건조,맑음,단일로 - 기타,승용,여,43세,상해없음,승합,남,50세,상해없음
2021040700100050,2021년 4월 7일 07시,수요일,충청북도 청주시 서원구 미평동,경상사고,0,0,1,0,차대차 - 추돌,안전운전불이행,건조,맑음,기타 - 기타,승용,여,60세,기타불명,승용,남,61세,경상
2021040700100083,2021년 4월 7일 08시,수요일,충청북도 청주시 흥덕구 봉명동,경상사고,0,0,2,0,차대차 - 측면충돌,신호위반,건조,맑음,교차로 - 교차로안,승용,남,29세,상해없음,승용,남,55세,경상
2021040700100084,2021년 4월 7일 08시,수요일,충청북도 청주시 흥덕구 복대동,경상사고,0,0,1,0,차대차 - 추돌,안전운전불이행,건조,맑음,교차로 - 교차로부근,승용,여,41세,상해없음,승용,남,43세,경상
2021040700100085,2021년 4월 7일 08시,수요일,충청북도 청주시 서원구 분평동,경상사고,0,0,2,0,차대차 - 측면충돌,안전운전불이행,건조,맑음,단일로 - 지하차도(도로)내,승용,여,42세,경상,승용,여,31세,경상
2021040700100125,2021년 4월 7일 09시,수요일,충청북도 충주시 성남동,경상사고,0,0,1,0,차대차 - 측면충돌,직진우회전진행방해,건조,맑음,교차로 - 교차로안,기타불명,기타불명,미분류,기타불명,승용,여,39세,경상
2021040700100158,2021년 4월 7일 10시,수요일,충청북도 청주시 상당구 서운동,경상사고,0,0,2,0,차대차 - 정면충돌,안전운전불이행,건조,맑음,단일로 - 기타,이륜,여,57세,경상,승용,남,28세,경상
2021040700100190,2021년 4월 7일 11시,수요일,충청북도 제천시 중앙로1가,경상사고,0,0,1,0,차대사람 - 보도통행중,보행자보호의무위반,건조,맑음,기타 - 기타,승용,여,78세,상해없음,보행자,여,54세,경상
2021040700100220,2021년 4월 7일 12시,수요일,충청북도 청주시 청원구 오창읍,사망사고,1,0,0,0,차량단독 - 전도전복 - 전복,안전운전불이행,건조,맑음,교차로 - 교차로부근,사륜오토바이(ATV),남,88세,사망,,,,
2021040700100221,2021년 4월 7일 12시,수요일,충청북도 청주시 상당구 용암동,경상사고,0,0,2,0,차대차 - 측면충돌,신호위반,건조,맑음,교차로 - 교차로안,승용,남,63세,상해없음,승용,남,30세,경상
2021040700100368,2021년 4월 7일 16시,수요일,충청북도 영동군 심천면,중상사고,0,1,1,0,차대차 - 측면충돌,안전운전불이행,건조,맑음,교차로 - 교차로안,승용,여,46세,상해없음,승합,남,63세,경상
2021040700100369,2021년 4월 7일 16시,수요일,충청북도 청주시 흥덕구 서촌동,경상사고,0,0,2,0,차대차 - 측면충돌,중앙선침범,건조,맑음,단일로 - 기타,승용,남,63세,상해없음,승용,남,41세,경상
2021040700100417,2021년 4월 7일 17시,수요일,충청북도 충주시 안림동,경상사고,0,0,4,0,차대차 - 정면충돌,안전거리미확보,건조,맑음,교차로 - 교차로부근,승용,여,38세,상해없음,승용,여,40세,상해없음
2021040700100418,2021년 4월 7일 17시,수요일,충청북도 제천시 장락동,중상사고,0,1,0,0,차대사람 - 기타,안전운전불이행,건조,맑음,단일로 - 기타,승용,여,23세,상해없음,보행자,남,68세,중상
2021040700100419,2021년 4월 7일 17시,수요일,충청북도 음성군 대소면,경상사고,0,0,1,0,차대차 - 후진중충돌,안전운전불이행,건조,맑음,미분류 - 미분류,승용,남,27세,상해없음,이륜,남,63세,경상
2021040700100467,2021년 4월 7일 18시,수요일,충청북도 충주시 봉방동,경상사고,0,0,2,0,차대차 - 측면충돌,직진우회전진행방해,건조,맑음,교차로 - 교차로안,화물,남,53세,상해없음,승용,남,73세,경상
2021040700100468,2021년 4월 7일 18시,수요일,충청북도 청주시 흥덕구 복대동,경상사고,0,0,1,0,차대차 - 기타,안전운전불이행,건조,맑음,교차로 - 교차로안,승용,남,34세,상해없음,승용,남,25세,경상
2021040700100469,2021년 4월 7일 18시,수요일,충청북도 청주시 흥덕구 복대동,부상신고사고,0,0,0,1,차대차 - 측면충돌,안전운전불이행,건조,맑음,교차로 - 교차로안,이륜,남,22세,부상신고,승용,남,24세,상해없음
2021040700100529,2021년 4월 7일 19시,수요일,충청북도 충주시 교현동,중상사고,0,1,0,0,차대차 - 기타,안전운전불이행,건조,맑음,교차로 - 교차로부근,원동기,여,71세,중상,승용,남,59세,상해없음
2021040700100530,2021년 4월 7일 19시,수요일,충청북도 청주시 흥덕구 복대동,경상사고,0,0,1,0,차대차 - 측면충돌,안전운전불이행,건조,맑음,교차로 - 교차로횡단보도내,자전거,남,34세,경상,승용,남,52세,상해없음
2021040700100531,2021년 4월 7일 19시,수요일,충청북도 청주시 상당구 용담동,경상사고,0,0,1,0,차대차 - 정면충돌,안전운전불이행,건조,맑음,교차로 - 교차로안,원동기,남,42세,상해없음,자전거,남,11세,경상
2021040700100559,2021년 4월 7일 20시,수요일,충청북도 제천시 청전동,경상사고,0,0,1,0,차대차 - 측면충돌,교차로운행방법위반,건조,맑음,교차로 - 교차로안,승용,여,26세,상해없음,이륜,남,37세,경상
2021040700100591,2021년 4월 7일 21시,수요일,충청북도 충주시 문화동,경상사고,0,0,1,0,차대차 - 측면충돌,신호위반,건조,맑음,교차로 - 교차로안,승용,남,27세,상해없음,승용,남,60세,경상
2021040700100640,2021년 4월 7일 23시,수요일,충청북도 충주시 교현동,경상사고,0,0,1,0,차대차 - 측면충돌,직진우회전진행방해,건조,맑음,교차로 - 교차로안,승용,남,50세,상해없음,승용,남,22세,경상
2021040800100065,2021년 4월 8일 07시,목요일,충청북도 제천시 왕암동,경상사고,0,0,1,0,차대차 - 측면충돌,신호위반,건조,맑음,교차로 - 교차로안,승용,여,55세,상해없음,승용,남,53세,경상
2021040800100066,2021년 4월 8일 07시,목요일,충청북도 음성군 음성읍,경상사고,0,0,3,0,차대차 - 추돌,안전거리미확보,건조,맑음,미분류 - 미분류,화물,남,84세,경상,승용,여,47세,경상
2021040800100067,2021년 4월 8일 07시,목요일,충청북도 청주시 흥덕구 복대동,중상사고,0,1,0,0,차대차 - 측면충돌,교차로운행방법위반,건조,맑음,교차로 - 교차로안,승용,남,30세,상해없음,이륜,남,38세,중상
2021040800100140,2021년 4월 8일 09시,목요일,충청북도 단양군 단양읍,중상사고,0,1,0,0,차량단독 - 기타,안전운전불이행,건조,맑음,교차로 - 교차로안,승합,남,58세,기타불명,,,,
2021040800100141,2021년 4월 8일 09시,목요일,충청북도 청주시 흥덕구 비하동,경상사고,0,0,1,0,차대차 - 기타,안전운전불이행,건조,맑음,교차로 - 교차로안,승용,남,45세,상해없음,승용,남,58세,경상
2021040800100213,2021년 4월 8일 11시,목요일,충청북도 보은군 보은읍,경상사고,0,0,1,0,차대차 - 후진중충돌,중앙선침범,건조,맑음,단일로 - 기타,화물,남,58세,상해없음,화물,남,55세,경상
2021040800100240,2021년 4월 8일 12시,목요일,충청북도 청주시 흥덕구 옥산면,경상사고,0,0,2,0,차대차 - 기타,안전운전불이행,건조,맑음,단일로 - 기타,화물,남,37세,상해없음,화물,남,62세,경상
2021040800100270,2021년 4월 8일 13시,목요일,충청북도 진천군 덕산읍,경상사고,0,0,2,0,차대차 - 측면충돌,안전거리미확보,건조,맑음,교차로 - 교차로부근,원동기,여,68세,경상,승용,여,61세,경상
2021040800100271,2021년 4월 8일 13시,목요일,충청북도 청주시 흥덕구 신봉동,경상사고,0,0,1,0,차대차 - 측면충돌,안전운전불이행,건조,맑음,단일로 - 기타,자전거,남,27세,상해없음,자전거,남,72세,경상
2021040800100272,2021년 4월 8일 13시,목요일,충청북도 청주시 상당구 북문로1가,경상사고,0,0,1,0,차대사람 - 횡단중,보행자보호의무위반,건조,맑음,교차로 - 교차로횡단보도내,승용,남,65세,상해없음,보행자,여,63세,경상
2021040800100312,2021년 4월 8일 14시,목요일,충청북도 보은군 속리산면,경상사고,0,0,3,0,차대차 - 추돌,안전거리미확보,건조,맑음,단일로 - 기타,승용,여,23세,경상,화물,남,62세,경상
2021040800100313,2021년 4월 8일 14시,목요일,충청북도 청주시 서원구 분평동,중상사고,0,1,0,0,차대사람 - 기타,안전운전불이행,건조,맑음,단일로 - 기타,승용,남,66세,상해없음,보행자,여,11세,중상
2021040800100343,2021년 4월 8일 15시,목요일,충청북도 보은군 탄부면,경상사고,0,0,2,0,차대차 - 추돌,안전운전불이행,건조,맑음,기타 - 기타,승용,남,40세,상해없음,승용,남,25세,경상
2021040800100382,2021년 4월 8일 16시,목요일,충청북도 청주시 흥덕구 봉명동,경상사고,0,0,1,0,차대차 - 측면충돌,불법유턴,건조,맑음,교차로 - 교차로안,화물,남,61세,상해없음,이륜,남,15세,경상
2021040800100433,2021년 4월 8일 17시,목요일,충청북도 충주시 중앙탑면,경상사고,0,0,1,0,차대차 - 추돌,안전운전불이행,건조,맑음,단일로 - 기타,이륜,남,31세,기타불명,이륜,남,32세,경상
2021040800100477,2021년 4월 8일 18시,목요일,충청북도 청주시 흥덕구 오송읍,경상사고,0,0,2,0,차대차 - 추돌,안전운전불이행,건조,맑음,교차로 - 교차로안,승용,남,73세,상해없음,승용,여,29세,경상
2021040800100522,2021년 4월 8일 19시,목요일,충청북도 청주시 상당구 탑동,중상사고,0,1,0,0,차대사람 - 횡단중,보행자보호의무위반,건조,맑음,단일로 - 기타,승용,여,39세,기타불명,보행자,여,9세,중상
2021040800100564,2021년 4월 8일 20시,목요일,충청북도 청주시 청원구 사천동,중상사고,0,1,0,0,차대사람 - 횡단중,신호위반,건조,맑음,단일로 - 기타,승용,남,48세,상해없음,보행자,여,21세,중상
2021040800100612,2021년 4월 8일 22시,목요일,충청북도 청주시 청원구 오창읍,경상사고,0,0,1,0,차대차 - 정면충돌,안전운전불이행,건조,맑음,교차로 - 교차로안,승용,남,50세,상해없음,승용,남,35세,경상
2021040800100613,2021년 4월 8일 22시,목요일,충청북도 청주시 흥덕구 봉명동,중상사고,0,1,0,0,차대차 - 측면충돌,신호위반,건조,맑음,교차로 - 교차로부근,화물,남,54세,상해없음,이륜,남,32세,중상
2021040800100614,2021년 4월 8일 22시,목요일,충청북도 청주시 상당구 미원면,경상사고,0,0,2,0,차대차 - 추돌,안전운전불이행,건조,맑음,교차로 - 교차로부근,승용,남,50세,기타불명,승용,남,62세,경상
2021040800100615,2021년 4월 8일 22시,목요일,충청북도 괴산군 연풍면,경상사고,0,0,1,0,차대차 - 측면충돌,안전거리미확보,건조,맑음,단일로 - 기타,승용,남,61세,상해없음,승용,남,43세,경상
2021040900100007,2021년 4월 9일 00시,금요일,충청북도 청주시 청원구 주중동,경상사고,0,0,2,0,차대차 - 추돌,안전운전불이행,건조,맑음,교차로 - 교차로부근,승합,남,52세,상해없음,승용,남,49세,경상
2021040900100022,2021년 4월 9일 03시,금요일,충청북도 진천군 진천읍,경상사고,0,0,2,0,차대차 - 측면충돌,교차로운행방법위반,건조,맑음,교차로 - 교차로안,승용,여,46세,경상,화물,남,57세,경상
2021040900100027,2021년 4월 9일 05시,금요일,충청북도 청주시 상당구 방서동,경상사고,0,0,1,0,차대차 - 추돌,안전거리미확보,건조,맑음,교차로 - 교차로안,화물,남,60세,상해없음,승용,남,41세,경상
2021040900100035,2021년 4월 9일 06시,금요일,충청북도 진천군 진천읍,사망사고,1,0,0,0,차대사람 - 횡단중,안전운전불이행,건조,맑음,단일로 - 기타,화물,남,34세,상해없음,보행자,여,74세,사망
2021040900100053,2021년 4월 9일 07시,금요일,충청북도 음성군 금왕읍,경상사고,0,0,1,0,차대차 - 측면충돌,안전운전불이행,건조,맑음,단일로 - 기타,승용,여,51세,상해없음,승용,남,27세,경상
2021040900100092,2021년 4월 9일 08시,금요일,충청북도 제천시 고암동,경상사고,0,0,2,0,차대차 - 추돌,안전거리미확보,건조,맑음,교차로 - 교차로부근,건설기계,남,62세,상해없음,승용,여,50세,경상