사고번호,사고일시,요일,시군구,사고내용,사망자수,중상자수,경상자수,부상신고자수,사고유형,법규위반,노면상태,기상상태,도로형태,가해운전자 차종,가해운전자 성별,가해운전자 연령,가해운전자 상해정도,피해운전자 차종,피해운전자 성별,피해운전자 연령,피해운전자 상해정도
2021041400100516,2021년 4월 14일 21시,수요일,충청북도 청주시 흥덕구 복대동,경상사고,0,0,1,0,차대사람 - 기타,안전운전불이행,건조,맑음,기타 - 기타,개인형이동수단(PM),남,19세,상해없음,보행자,남,40세,경상
2021041400100547,2021년 4월 14일 22시,수요일,충청북도 청주시 서원구 사창동,중상사고,0,2,0,0,차대차 - 측면충돌,신호위반,건조,맑음,교차로 - 교차로안,승용,남,56세,상해없음,승용,남,21세,중상
2021041400100548,2021년 4월 14일 22시,수요일,충청북도 음성군 대소면,중상사고,0,2,1,0,차대차 - 측면충돌,신호위반,건조,맑음,교차로 - 교차로안,승용,남,26세,경상,승합,남,56세,중상
2021041400100549,2021년 4월 14일 22시,수요일,충청북도 청주시 상당구 용암동,중상사고,0,1,0,0,차대차 - 측면충돌,신호위반,건조,맑음,교차로 - 교차로부근,승용,남,50세,상해없음,승용,남,31세,중상
2021041500100050,2021년 4월 15일 07시,목요일,충청북도 충주시 안림동,경상사고,0,0,1,0,차대차 - 기타,직진우회전진행방해,건조,맑음,교차로 - 교차로안,화물,남,64세,상해없음,화물,남,71세,경상
2021041500100051,2021년 4월 15일 07시,목요일,충청북도 음성군 삼성면,경상사고,0,0,1,0,차대차 - 정면충돌,직진우회전진행방해,건조,맑음,교차로 - 교차로부근,승용,남,63세,상해없음,승용,남,46세,경상
2021041500100052,2021년 4월 15일 07시,목요일,충청북도 청주시 상당구 용정동,경상사고,0,0,1,0,차대차 - 기타,차로위반,건조,맑음,단일로 - 기타,승용,여,58세,상해없음,승용,남,40세,경상
2021041500100084,2021년 4월 15일 08시,목요일,충청북도 충주시 충인동,경상사고,0,0,2,0,차대차 - 측면충돌,안전거리미확보,건조,맑음,교차로 - 교차로안,승용,남,32세,상해없음,승합,남,51세,경상
2021041500100144,2021년 4월 15일 10시,목요일,충청북도 제천시 영천동,중상사고,0,1,0,0,차대차 - 측면충돌,안전운전불이행,건조,맑음,교차로 - 교차로안,화물,남,70세,상해없음,자전거,남,62세,중상
2021041500100208,2021년 4월 15일 12시,목요일,충청북도 제천시 서부동,경상사고,0,0,1,0,차대사람 - 기타,안전운전불이행,건조,흐림,단일로 - 기타,승용,여,39세,상해없음,보행자,남,39세,경상
2021041500100209,2021년 4월 15일 12시,목요일,충청북도 진천군 문백면,부상신고사고,0,0,0,1,차대차 - 기타,안전운전불이행,건조,맑음,교차로 - 교차로안,화물,남,56세,상해없음,개인형이동수단(PM),남,22세,부상신고
2021041500100210,2021년 4월 15일 12시,목요일,충청북도 진천군 문백면,중상사고,0,1,0,0,차대차 - 측면충돌,안전운전불이행,건조,맑음,단일로 - 기타,화물,남,66세,상해없음,자전거,남,64세,중상
2021041500100246,2021년 4월 15일 13시,목요일,충청북도 영동군 심천면,중상사고,0,1,0,0,차대차 - 추돌,중앙선침범,건조,맑음,단일로 - 기타,승용,여,63세,상해없음,승합,남,56세,기타불명
2021041500100247,2021년 4월 15일 13시,목요일,충청북도 청주시 흥덕구 오송읍,경상사고,0,0,1,0,차대사람 - 길가장자리구역통행중,안전운전불이행,건조,맑음,교차로 - 교차로안,화물,남,47세,상해없음,보행자,여,66세,경상
2021041500100277,2021년 4월 15일 14시,목요일,충청북도 충주시 연수동,중상사고,0,1,0,0,차대차 - 측면충돌,안전거리미확보,건조,맑음,단일로 - 기타,승용,남,26세,상해없음,원동기,남,37세,중상
2021041500100310,2021년 4월 15일 15시,목요일,충청북도 청주시 청원구 사천동,경상사고,0,0,1,0,차대차 - 기타,안전운전불이행,건조,맑음,교차로 - 교차로부근,자전거,남,9세,경상,승용,남,31세,상해없음
2021041500100311,2021년 4월 15일 15시,목요일,충청북도 제천시 백운면,경상사고,0,0,1,0,차대차 - 후진중충돌,안전운전불이행,건조,맑음,교차로 - 교차로안,승용,여,52세,상해없음,승용,남,36세,경상
2021041500100339,2021년 4월 15일 16시,목요일,충청북도 충주시 문화동,경상사고,0,0,2,0,차대차 - 정면충돌,안전운전불이행,건조,맑음,교차로 - 교차로부근,화물,남,44세,상해없음,승용,남,39세,경상
2021041500100340,2021년 4월 15일 16시,목요일,충청북도 제천시 강제동,경상사고,0,0,1,0,차대차 - 측면충돌,안전거리미확보,건조,맑음,단일로 - 지하차도(도로)내,건설기계,남,67세,상해없음,승용,남,53세,상해없음
2021041500100341,2021년 4월 15일 16시,목요일,충청북도 음성군 소이면,경상사고,0,0,1,0,차대차 - 측면충돌,안전운전불이행,건조,맑음,단일로 - 기타,이륜,남,75세,상해없음,승용,여,52세,상해없음
2021041500100448,2021년 4월 15일 18시,목요일,충청북도 괴산군 사리면,중상사고,0,1,0,0,차대차 - 측면충돌,직진우회전진행방해,건조,맑음,교차로 - 교차로안,원동기,남,73세,중상,승합,여,49세,상해없음
2021041500100491,2021년 4월 15일 19시,목요일,충청북도 충주시 문화동,경상사고,0,0,1,0,차대차 - 정면충돌,신호위반,건조,맑음,교차로 - 교차로안,승용,남,47세,상해없음,승용,남,56세,경상
2021041500100492,2021년 4월 15일 19시,목요일,충청북도 청주시 서원구 죽림동,중상사고,0,1,0,0,차대차 - 측면충돌,신호위반,건조,맑음,교차로 - 교차로안,승용,남,68세,상해없음,이륜,남,46세,중상
2021041500100560,2021년 4월 15일 21시,목요일,충청북도 청주시 청원구 주중동,경상사고,0,0,2,0,차대차 - 기타,안전운전불이행,건조,맑음,교차로 - 교차로부근,승용,남,47세,상해없음,승용,남,27세,경상
2021041500100605,2021년 4월 15일 22시,목요일,충청북도 청주시 흥덕구 옥산면,부상신고사고,0,0,0,1,차량단독 - 공작물충돌,안전운전불이행,건조,맑음,단일로 - 기타,승용,남,41세,부상신고,,,,
2021041600100017,2021년 4월 16일 02시,금요일,충청북도 음성군 대소면,경상사고,0,0,3,0,차대차 - 추돌,안전운전불이행,건조,맑음,교차로 - 교차로부근,승용,남,36세,경상,승용,여,40세,경상
2021041600100032,2021년 4월 16일 05시,금요일,충청북도 괴산군 사리면,경상사고,0,0,1,0,차대차 - 추돌,안전운전불이행,건조,맑음,단일로 - 기타,승용,남,21세,경상,화물,남,29세,상해없음
2021041600100044,2021년 4월 16일 06시,금요일,충청북도 청주시 서원구 산남동,경상사고,0,0,1,0,차대차 - 측면충돌,교차로운행방법위반,건조,맑음,교차로 - 교차로부근,승합,남,53세,상해없음,승용,남,34세,경상
2021041600100058,2021년 4월 16일 07시,금요일,충청북도 옥천군 군서면,중상사고,0,1,0,0,차대차 - 측면충돌,차로위반,건조,맑음,단일로 - 교량,승용,남,66세,상해없음,승용,남,38세,중상
2021041600100092,2021년 4월 16일 08시,금요일,충청북도 음성군 금왕읍,경상사고,0,0,1,0,차대차 - 추돌,안전운전불이행,건조,맑음,단일로 - 기타,승합,남,50세,상해없음,승용,남,73세,경상
2021041600100093,2021년 4월 16일 08시,금요일,충청북도 진천군 광혜원면,경상사고,0,0,2,0,차대차 - 측면충돌,안전운전불이행,건조,맑음,단일로 - 기타,승합,남,49세,경상,승용,남,31세,경상
2021041600100094,2021년 4월 16일 08시,금요일,충청북도 청주시 흥덕구 송정동,중상사고,0,2,1,0,차대차 - 측면충돌,안전운전불이행,건조,맑음,단일로 - 기타,승용,여,52세,경상,승용,남,51세,중상
2021041600100095,2021년 4월 16일 08시,금요일,충청북도 청주시 서원구 분평동,경상사고,0,0,1,1,차대차 - 측면충돌,안전운전불이행,건조,맑음,교차로 - 교차로안,자전거,남,23세,부상신고,자전거,남,57세,경상
2021041600100123,2021년 4월 16일 09시,금요일,충청북도 진천군 덕산읍,경상사고,0,0,2,0,차대차 - 측면충돌,중앙선침범,건조,맑음,교차로 - 교차로안,화물,남,46세,상해없음,승용,여,28세,경상
2021041600100174,2021년 4월 16일 11시,금요일,충청북도 음성군 소이면,경상사고,0,0,3,0,차대차 - 추돌,안전거리미확보,건조,흐림,교차로 - 교차로부근,화물,남,65세,경상,승용,남,46세,경상
2021041600100175,2021년 4월 16일 11시,금요일,충청북도 청주시 상당구 용암동,부상신고사고,0,0,0,1,차량단독 - 기타,안전운전불이행,건조,맑음,단일로 - 기타,자전거,남,73세,부상신고,,,,
2021041600100234,2021년 4월 16일 13시,금요일,충청북도 청주시 서원구 산남동,경상사고,0,0,2,0,차대차 - 측면충돌,신호위반,건조,흐림,교차로 - 교차로안,승용,남,69세,상해없음,승용,남,50세,경상
2021041600100251,2021년 4월 16일 14시,금요일,충청북도 보은군 보은읍,경상사고,0,0,2,0,차대차 - 측면충돌,교차로운행방법위반,건조,맑음,교차로 - 교차로안,이륜,남,70세,상해없음,승용,남,55세,경상
2021041600100252,2021년 4월 16일 14시,금요일,충청북도 청주시 흥덕구 송정동,경상사고,0,0,1,0,차대차 - 후진중충돌,안전운전불이행,건조,맑음,단일로 - 기타,화물,남,58세,상해없음,승용,남,45세,경상
2021041600100364,2021년 4월 16일 17시,금요일,충청북도 청주시 상당구 석교동,경상사고,0,0,3,0,차대차 - 측면충돌,교차로운행방법위반,건조,맑음,교차로 - 교차로안,승용,남,54세,경상,승용,남,59세,경상
2021041600100410,2021년 4월 16일 18시,금요일,충청북도 청주시 흥덕구 복대동,경상사고,0,0,1,0,차대차 - 측면충돌,기타,건조,맑음,교차로 - 교차로부근,승용,남,26세,상해없음,승용,여,29세,경상
2021041600100450,2021년 4월 16일 19시,금요일,충청북도 증평군 증평읍,경상사고,0,0,1,0,차대차 - 측면충돌,안전운전불이행,건조,기타,단일로 - 기타,승용,남,76세,상해없음,승용,남,33세,경상
2021041600100451,2021년 4월 16일 19시,금요일,충청북도 음성군 감곡면,중상사고,0,1,0,0,차대차 - 측면충돌,신호위반,건조,맑음,교차로 - 교차로안,이륜,남,73세,중상,화물,남,55세,상해없음
2021041600100485,2021년 4월 16일 20시,금요일,충청북도 청주시 상당구 북문로2가,경상사고,0,0,1,0,차량단독 - 기타,기타,건조,맑음,단일로 - 기타,승합,남,46세,상해없음,,,,
2021041600100486,2021년 4월 16일 20시,금요일,충청북도 제천시 하소동,사망사고,1,0,4,0,차대차 - 정면충돌,중앙선침범,건조,흐림,단일로 - 기타,화물,남,70세,사망,승합,남,47세,경상
2021041600100487,2021년 4월 16일 20시,금요일,충청북도 청주시 서원구 개신동,경상사고,0,0,1,0,차대차 - 측면충돌,신호위반,건조,맑음,교차로 - 교차로안,기타불명,기타불명,미분류,기타불명,개인형이동수단(PM),남,18세,경상
2021041600100488,2021년 4월 16일 20시,금요일,충청북도 청주시 상당구 미원면,경상사고,0,0,1,0,차대차 - 정면충돌,안전운전불이행,건조,맑음,단일로 - 교량,승용,남,56세,기타불명,승용,여,52세,경상
2021041600100522,2021년 4월 16일 21시,금요일,충청북도 청주시 청원구 우암동,경상사고,0,0,1,0,차대사람 - 길가장자리구역통행중,안전운전불이행,건조,맑음,교차로 - 교차로안,승용,남,64세,상해없음,보행자,여,16세,경상
2021041700100037,2021년 4월 17일 04시,토요일,충청북도 충주시 용두동,경상사고,0,0,1,0,차대차 - 기타,안전거리미확보,건조,맑음,교차로 - 교차로안,승용,남,79세,상해없음,화물,남,55세,경상
2021041700100044,2021년 4월 17일 05시,토요일,충청북도 음성군 음성읍,부상신고사고,0,0,0,1,차량단독 - 공작물충돌,안전운전불이행,건조,흐림,단일로 - 기타,승용,남,45세,부상신고,,,,
2021041700100066,2021년 4월 17일 07시,토요일,충청북도 제천시 수산면,경상사고,0,0,2,0,차대차 - 측면충돌,교차로운행방법위반,건조,맑음,교차로 - 교차로안,승용,남,59세,경상,승용,여,62세,경상
2021041700100134,2021년 4월 17일 10시,토요일,충청북도 충주시 연수동,경상사고,0,0,1,0,차대차 - 측면충돌,신호위반,건조,맑음,교차로 - 교차로안,승용,남,56세,상해없음,승용,남,39세,경상
2021041700100135,2021년 4월 17일 10시,토요일,충청북도 청주시 상당구 용암동,중상사고,0,1,0,0,차대차 - 정면충돌,안전운전불이행,건조,맑음,교차로 - 교차로횡단보도내,승용,남,58세,상해없음,자전거,남,71세,중상
2021041700100169,2021년 4월 17일 11시,토요일,충청북도 충주시 주덕읍,경상사고,0,0,2,0,차대차 - 측면충돌,신호위반,건조,맑음,교차로 - 교차로안,승용,여,68세,경상,화물,남,35세,경상
2021041700100170,2021년 4월 17일 11시,토요일,충청북도 청주시 상당구 용담동,중상사고,0,1,0,0,차대차 - 정면충돌,안전운전불이행,건조,맑음,교차로 - 교차로안,승용,남,57세,상해없음,이륜,남,19세,중상
2021041700100171,2021년 4월 17일 11시,토요일,충청북도 청주시 상당구 남일면,중상사고,0,1,0,0,차대차 - 측면충돌,신호위반,건조,맑음,교차로 - 교차로안,승용,남,47세,상해없음,승용,여,65세,중상
2021041700100208,2021년 4월 17일 12시,토요일,충청북도 옥천군 동이면,경상사고,0,0,2,0,차대차 - 후진중충돌,안전운전불이행,건조,맑음,단일로 - 기타,승용,여,65세,상해없음,승용,여,38세,경상
2021041700100244,2021년 4월 17일 13시,토요일,충청북도 청주시 흥덕구 복대동,경상사고,0,0,1,0,차대사람 - 횡단중,보행자보호의무위반,건조,맑음,교차로 - 교차로횡단보도내,승용,남,30세,상해없음,보행자,남,27세,경상
2021041700100335,2021년 4월 17일 15시,토요일,충청북도 청주시 상당구 문의면,중상사고,0,1,0,0,차대차 - 측면충돌,안전운전불이행,건조,맑음,단일로 - 기타,자전거,남,47세,중상,승용,기타불명,미분류,기타불명
2021041700100336,2021년 4월 17일 15시,토요일,충청북도 진천군 문백면,중상사고,0,1,1,0,차대차 - 추돌,안전거리미확보,건조,맑음,단일로 - 지하차도(도로)내,승용,남,28세,상해없음,승용,남,48세,상해없음
2021041700100380,2021년 4월 17일 16시,토요일,충청북도 청주시 상당구 북문로2가,경상사고,0,0,3,0,차대차 - 추돌,안전운전불이행,건조,맑음,교차로 - 교차로안,승용,남,29세,상해없음,승용,남,30세,경상
2021041700100381,2021년 4월 17일 16시,토요일,충청북도 제천시 교동,경상사고,0,0,1,0,차대차 - 측면충돌,안전거리미확보,젖음/습기,비,단일로 - 지하차도(도로)내,승용,여,48세,상해없음,승용,남,32세,경상
2021041700100382,2021년 4월 17일 16시,토요일,충청북도 음성군 생극면,경상사고,0,0,1,0,차대사람 - 차도통행중,안전운전불이행,건조,맑음,단일로 - 기타,승용,남,66세,상해없음,보행자,남,61세,경상
2021041700100383,2021년 4월 17일 16시,토요일,충청북도 청주시 서원구 개신동,경상사고,0,0,1,0,차대차 - 추돌,안전운전불이행,건조,맑음,교차로 - 교차로부근,승용,남,26세,상해없음,승용,남,42세,상해없음
2021041700100423,2021년 4월 17일 17시,토요일,충청북도 충주시 엄정면,사망사고,1,0,0,0,차량단독 - 공작물충돌,기타,건조,맑음,단일로 - 기타,승용,여,57세,사망,,,,
2021041700100424,2021년 4월 17일 17시,토요일,충청북도 청주시 흥덕구 복대동,경상사고,0,0,1,0,차대차 - 측면충돌,안전운전불이행,건조,맑음,단일로 - 기타,승용,여,33세,상해없음,이륜,남,28세,경상
2021041700100425,2021년 4월 17일 17시,토요일,충청북도 청주시 서원구 개신동,경상사고,0,0,2,0,차대차 - 측면충돌,교차로운행방법위반,건조,맑음,교차로 - 교차로안,승용,여,56세,상해없음,승용,남,40세,경상
2021041700100459,2021년 4월 17일 18시,토요일,충청북도 청주시 서원구 사직동,경상사고,0,0,1,0,차대차 - 측면충돌,교차로운행방법위반,건조,맑음,교차로 - 교차로횡단보도내,승용,여,41세,상해없음,승용,남,60세,경상
2021041700100490,2021년 4월 17일 19시,토요일,충청북도 청주시 청원구 율량동,경상사고,0,0,5,0,차대차 - 기타,교차로운행방법위반,건조,맑음,교차로 - 교차로부근,이륜,남,41세,경상,승용,남,28세,경상
2021041700100491,2021년 4월 17일 19시,토요일,충청북도 청주시 상당구 용암동,경상사고,0,0,1,0,차대차 - 측면충돌,안전운전불이행,건조,맑음,교차로 - 교차로부근,승용,남,61세,상해없음,이륜,남,21세,경상
2021041700100545,2021년 4월 17일 21시,토요일,충청북도 청주시 흥덕구 비하동,경상사고,0,0,1,0,차대차 - 측면충돌,안전운전불이행,건조,맑음,교차로 - 교차로안,개인형이동수단(PM),여,17세,경상,승용,남,25세,상해없음
2021041700100546,2021년 4월 17일 21시,토요일,충청북도 청주시 흥덕구 봉명동,중상사고,0,1,0,0,차대차 - 측면충돌,안전운전불이행,건조,맑음,단일로 - 기타,승용,남,57세,상해없음,이륜,남,45세,중상
2021041700100572,2021년 4월 17일 22시,토요일,충청북도 청주시 서원구 현도면,경상사고,0,0,1,0,차대차 - 추돌,안전운전불이행,건조,맑음,단일로 - 기타,승용,여,49세,상해없음,승용,여,44세,경상
2021041700100592,2021년 4월 17일 23시,토요일,충청북도 청주시 흥덕구 복대동,경상사고,0,0,1,0,차대차 - 측면충돌,기타,건조,맑음,교차로 - 교차로안,승용,남,37세,상해없음,승용,여,26세,상해없음
2021041800100016,2021년 4월 18일 01시,일요일,충청북도 청주시 청원구 내수읍,경상사고,0,0,1,0,차대차 - 정면충돌,중앙선침범,건조,맑음,단일로 - 기타,승용,남,37세,상해없음,승용,남,50세,경상
2021041800100030,2021년 4월 18일 04시,일요일,충청북도 진천군 진천읍,경상사고,0,0,1,0,차량단독 - 공작물충돌,안전운전불이행,건조,맑음,단일로 - 기타,승용,남,31세,경상,,,,
2021041800100043,2021년 4월 18일 06시,일요일,충청북도 청주시 청원구 오창읍,중상사고,0,1,0,0,차대차 - 추돌,안전운전불이행,건조,맑음,단일로 - 기타,승합,남,39세,상해없음,이륜,남,82세,중상
2021041800100074,2021년 4월 18일 10시,일요일,충청북도 청주시 서원구 분평동,경상사고,0,0,1,0,차대사람 - 횡단중,안전운전불이행,건조,맑음,교차로 - 교차로안,승용,남,30세,상해없음,보행자,여,74세,경상
2021041800100092,2021년 4월 18일 11시,일요일,충청북도 청주시 청원구 오창읍,중상사고,0,2,4,0,차대차 - 정면충돌,신호위반,건조,맑음,교차로 - 교차로부근,승용,여,22세,경상,승용,남,26세,경상
2021041800100115,2021년 4월 18일 12시,일요일,충청북도 청주시 흥덕구 복대동,경상사고,0,0,1,0,차대차 - 측면충돌,교차로운행방법위반,건조,맑음,교차로 - 교차로안,이륜,남,38세,상해없음,자전거,남,21세,경상
2021041800100116,2021년 4월 18일 12시,일요일,충청북도 청주시 상당구 문의면,경상사고,0,0,1,0,차대사람 - 기타,안전운전불이행,건조,맑음,단일로 - 기타,화물,남,58세,상해없음,보행자,남,43세,경상
2021041800100155,2021년 4월 18일 13시,일요일,충청북도 충주시 봉방동,부상신고사고,0,0,0,1,차대차 - 측면충돌,신호위반,건조,맑음,교차로 - 교차로안,자전거,남,55세,부상신고,승용,남,31세,상해없음
2021041800100240,2021년 4월 18일 16시,일요일,충청북도 청주시 청원구 내수읍,중상사고,0,1,0,0,차대차 - 측면충돌,신호위반,건조,맑음,교차로 - 교차로안,승용,여,58세,상해없음,이륜,남,59세,중상
2021041800100241,2021년 4월 18일 16시,일요일,충청북도 진천군 진천읍,경상사고,0,0,4,0,차대차 - 기타,기타,건조,맑음,단일로 - 기타,승용,남,30세,상해없음,승용,남,42세,경상
2021041800100242,2021년 4월 18일 16시,일요일,충청북도 보은군 회인면,중상사고,0,2,5,0,차대차 - 추돌,안전거리미확보,건조,맑음,단일로 - 지하차도(도로)내,승용,남,38세,상해없음,승용,남,43세,중상
2021041800100270,2021년 4월 18일 17시,일요일,충청북도 충주시 풍동,중상사고,0,2,0,1,차대차 - 기타,신호위반,건조,맑음,단일로 - 기타,승용,남,79세,부상신고,사륜오토바이(ATV),남,53세,중상
2021041800100271,2021년 4월 18일 17시,일요일,충청북도 음성군 금왕읍,중상사고,0,1,2,0,차대차 - 추돌,안전거리미확보,건조,맑음,단일로 - 지하차도(도로)내,화물,남,26세,상해없음,승용,여,27세,중상
2021041800100307,2021년 4월 18일 18시,일요일,충청북도 제천시 청풍면,부상신고사고,0,0,0,1,차대차 - 정면충돌,안전운전불이행,건조,맑음,단일로 - 기타,승용,남,39세,상해없음,승용,남,35세,상해없음
2021041800100337,2021년 4월 18일 19시,일요일,충청북도 청주시 청원구 오창읍,경상사고,0,0,1,0,차대사람 - 기타,안전운전불이행,건조,맑음,단일로 - 기타,승용,남,57세,상해없음,보행자,여,47세,경상
2021041800100338,2021년 4월 18일 19시,일요일,충청북도 청주시 흥덕구 복대동,경상사고,0,0,1,0,차대차 - 측면충돌,안전운전불이행,건조,맑음,교차로 - 교차로안,이륜,남,25세,상해없음,자전거,남,13세,경상
2021041800100384,2021년 4월 18일 21시,일요일,충청북도 충주시 중앙탑면,부상신고사고,0,0,0,1,차대차 - 정면충돌,중앙선침범,건조,맑음,단일로 - 기타,승용,남,26세,부상신고,승용,남,28세,상해없음
2021041800100402,2021년 4월 18일 22시,일요일,충청북도 보은군 수한면,경상사고,0,0,1,0,차량단독 - 전도전복 - 전복,안전운전불이행,건조,맑음,단일로 - 기타,이륜,남,37세,경상,,,,
2021041800100418,2021년 4월 18일 23시,일요일,충청북도 청주시 흥덕구 복대동,중상사고,0,1,0,0,차대차 - 기타,신호위반,건조,맑음,교차로 - 교차로부근,승용,남,31세,상해없음,이륜,남,35세,중상
2021041900100005,2021년 4월 19일 00시,월요일,충청북도 청주시 흥덕구 운천동,중상사고,0,1,0,0,차대차 - 측면충돌,기타,건조,맑음,단일로 - 기타,개인형이동수단(PM),남,17세,중상,기타불명,기타불명,미분류,기타불명
2021041900100009,2021년 4월 19일 01시,월요일,충청북도 청주시 상당구 영동,경상사고,0,0,1,0,차량단독 - 전도전복 - 전도,안전운전불이행,건조,맑음,단일로 - 기타,이륜,남,45세,경상,,,,
2021041900100019,2021년 4월 19일 03시,월요일,충청북도 진천군 진천읍,경상사고,0,0,1,0,차대차 - 측면충돌,차로위반,건조,맑음,단일로 - 기타,승용,남,82세,상해없음,승용,남,25세,경상
2021041900100032,2021년 4월 19일 06시,월요일,충청북도 청주시 청원구 오창읍,중상사고,0,1,1,0,차대차 - 기타,기타,건조,맑음,교차로 - 교차로부근,승용,남,41세,중상,승용,남,64세,경상
2021041900100057,2021년 4월 19일 07시,월요일,충청북도 진천군 광혜원면,경상사고,0,0,2,0,차대차 - 측면충돌,안전운전불이행,건조,맑음,교차로 - 교차로안,승용,여,26세,경상,승합,남,29세,경상
2021041900100058,2021년 4월 19일 07시,월요일,충청북도 청주시 상당구 용암동,중상사고,0,2,0,0,차대차 - 추돌,안전운전불이행,건조,맑음,단일로 - 지하차도(도로)내,화물,남,37세,중상,특수,남,28세,중상
2021041900100089,2021년 4월 19일 08시,월요일,충청북도 충주시 중앙탑면,중상사고,0,1,0,0,차대사람 - 횡단중,안전운전불이행,건조,맑음,단일로 - 기타,화물,남,56세,상해없음,보행자,여,78세,중상
2021041900100090,2021년 4월 19일 08시,월요일,충청북도 보은군 회남면,경상사고,0,0,1,0,차대차 - 추돌,안전운전불이행,건조,맑음,단일로 - 기타,이륜,남,75세,경상,화물,남,64세,상해없음
2021041900100207,2021년 4월 19일 11시,월요일,충청북도 청주시 청원구 오창읍,중상사고,0,2,0,0,차대차 - 기타,중앙선침범,건조,맑음,단일로 - 기타,승용,남,31세,상해없음,승용,여,52세,중상
2021041900100256,2021년 4월 19일 13시,월요일,충청북도 청주시 청원구 오창읍,사망사고,1,0,0,0,차량단독 - 공작물충돌,중앙선침범,건조,맑음,단일로 - 기타,승용,남,44세,사망,,,,
2021041900100287,2021년 4월 19일 14시,월요일,충청북도 청주시 상당구 수동,중상사고,0,1,1,0,차대차 - 기타,교차로운행방법위반,건조,맑음,교차로 - 교차로안,승용,남,63세,상해없음,승용,여,55세,중상
2021041900100288,2021년 4월 19일 14시,월요일,충청북도 청주시 상당구 용암동,경상사고,0,0,1,0,차대차 - 측면충돌,안전운전불이행,건조,맑음,단일로 - 기타,승용,여,65세,상해없음,승용,여,35세,경상
2021041900100327,2021년 4월 19일 15시,월요일,충청북도 단양군 매포읍,경상사고,0,0,1,0,차대차 - 기타,안전운전불이행,건조,맑음,기타 - 기타,건설기계,남,48세,상해없음,승용,여,61세,경상
2021041900100368,2021년 4월 19일 16시,월요일,충청북도 청주시 청원구 우암동,경상사고,0,0,1,0,차대차 - 기타,안전운전불이행,건조,맑음,교차로 - 교차로안,승용,여,27세,상해없음,이륜,남,25세,경상
2021041900100369,2021년 4월 19일 16시,월요일,충청북도 청주시 상당구 용암동,경상사고,0,0,1,0,차대차 - 측면충돌,교차로운행방법위반,건조,맑음,교차로 - 교차로안,승용,남,31세,상해없음,원동기,남,22세,경상
2021041900100453,2021년 4월 19일 18시,월요일,충청북도 청주시 상당구 금천동,경상사고,0,0,1,0,차대차 - 측면충돌,신호위반,건조,맑음,교차로 - 교차로안,승용,남,54세,상해없음,승용,남,44세,경상
2021041900100481,2021년 4월 19일 19시,월요일,충청북도 청주시 흥덕구 가경동,경상사고,0,0,1,0,차대차 - 측면충돌,안전거리미확보,건조,맑음,교차로 - 교차로횡단보도내,기타불명,기타불명,미분류,기타불명,승합,남,48세,상해없음
2021041900100567,2021년 4월 19일 22시,월요일,충청북도 음성군 감곡면,중상사고,0,1,0,0,차대사람 - 횡단중,안전운전불이행,건조,맑음,교차로 - 교차로안,승용,남,58세,상해없음,보행자,여,44세,중상
2021041900100582,2021년 4월 19일 23시,월요일,충청북도 음성군 맹동면,경상사고,0,0,2,0,차대차 - 측면충돌,신호위반,건조,맑음,교차로 - 교차로안,승용,여,52세,상해없음,승용,남,35세,경상
2021041900100583,2021년 4월 19일 23시,월요일,충청북도 청주시 흥덕구 지동동,중상사고,0,1,0,0,차대차 - 측면충돌,신호위반,건조,맑음,교차로 - 교차로안,승용,남,50세,상해없음,승용,남,53세,중상
2021042000100006,2021년 4월 20일 00시,화요일,충청북도 청주시 청원구 사천동,경상사고,0,0,1,0,차대사람 - 기타,안전운전불이행,건조,맑음,단일로 - 기타,승용,남,31세,상해없음,보행자,남,27세,경상
2021042000100007,2021년 4월 20일 00시,화요일,충청북도 충주시 대소원면,경상사고,0,0,4,0,차대차 - 기타,신호위반,건조,맑음,교차로 - 교차로안,승용,여,53세,상해없음,승용,남,56세,경상
2021042000100008,2021년 4월 20일 00시,화요일,충청북도 청주시 흥덕구 봉명동,경상사고,0,0,2,0,차대차 - 추돌,안전운전불이행,건조,맑음,교차로 - 교차로부근,화물,남,37세,상해없음,승용,남,29세,경상
2021042000100014,2021년 4월 20일 02시,화요일,충청북도 청주시 서원구 수곡동,중상사고,0,1,0,0,차대차 - 기타,기타,건조,맑음,교차로 - 교차로부근,기타불명,기타불명,미분류,기타불명,자전거,남,26세,중상
2021042000100053,2021년 4월 20일 07시,화요일,충청북도 충주시 지현동,경상사고,0,0,1,0,차대사람 - 기타,안전운전불이행,건조,맑음,단일로 - 기타,승용,남,71세,상해없음,보행자,남,14세,경상
2021042000100082,2021년 4월 20일 08시,화요일,충청북도 제천시 하소동,경상사고,0,0,1,0,차대차 - 추돌,안전거리미확보,건조,맑음,교차로 - 교차로안,이륜,남,69세,경상,승용,남,71세,상해없음
2021042000100083,2021년 4월 20일 08시,화요일,충청북도 제천시 동현동,중상사고,0,1,0,0,차량단독 - 기타,안전운전불이행,건조,맑음,단일로 - 지하차도(도로)내,승합,남,54세,상해없음,,,,
2021042000100168,2021년 4월 20일 10시,화요일,충청북도 충주시 호암동,경상사고,0,0,2,0,차대차 - 측면충돌,중앙선침범,건조,맑음,단일로 - 기타,승용,여,39세,상해없음,승용,남,79세,경상