사고번호,사고일시,요일,시군구,사고내용,사망자수,중상자수,경상자수,부상신고자수,사고유형,법규위반,노면상태,기상상태,도로형태,가해운전자 차종,가해운전자 성별,가해운전자 연령,가해운전자 상해정도,피해운전자 차종,피해운전자 성별,피해운전자 연령,피해운전자 상해정도
2021042000100169,2021년 4월 20일 10시,화요일,충청북도 영동군 학산면,경상사고,0,0,1,0,차대차 - 측면충돌,안전운전불이행,건조,맑음,단일로 - 기타,화물,남,50세,상해없음,농기계,남,82세,경상
2021042000100200,2021년 4월 20일 11시,화요일,충청북도 청주시 청원구 오창읍,중상사고,0,1,0,0,차대차 - 측면충돌,안전운전불이행,건조,맑음,교차로 - 교차로안,건설기계,남,51세,상해없음,이륜,남,75세,중상
2021042000100201,2021년 4월 20일 11시,화요일,충청북도 제천시 봉양읍,경상사고,0,0,1,0,차대차 - 측면충돌,안전운전불이행,건조,맑음,단일로 - 지하차도(도로)내,승용,남,79세,상해없음,승용,남,27세,경상
2021042000100202,2021년 4월 20일 11시,화요일,충청북도 청주시 서원구 현도면,경상사고,0,0,1,0,차대차 - 기타,안전운전불이행,건조,맑음,단일로 - 기타,승용,남,66세,상해없음,자전거,남,63세,경상
2021042000100276,2021년 4월 20일 13시,화요일,충청북도 음성군 생극면,경상사고,0,0,1,0,차대차 - 측면충돌,안전운전불이행,건조,맑음,단일로 - 기타,승용,남,50세,상해없음,이륜,남,30세,경상
2021042000100390,2021년 4월 20일 16시,화요일,충청북도 충주시 교현동,경상사고,0,0,3,0,차대차 - 정면충돌,안전거리미확보,건조,맑음,단일로 - 기타,승용,남,26세,경상,승용,남,46세,경상
2021042000100391,2021년 4월 20일 16시,화요일,충청북도 단양군 단양읍,경상사고,0,0,1,0,차량단독 - 공작물충돌,안전운전불이행,건조,맑음,단일로 - 기타,이륜,남,32세,경상,,,,
2021042000100436,2021년 4월 20일 17시,화요일,충청북도 옥천군 이원면,중상사고,0,1,0,0,차대차 - 측면충돌,신호위반,건조,맑음,교차로 - 교차로안,화물,남,60세,상해없음,승용,여,25세,중상
2021042000100472,2021년 4월 20일 18시,화요일,충청북도 청주시 흥덕구 오송읍,중상사고,0,1,0,0,차대차 - 측면충돌,신호위반,건조,맑음,교차로 - 교차로안,승합,남,46세,상해없음,자전거,여,23세,중상
2021042000100575,2021년 4월 20일 21시,화요일,충청북도 제천시 청전동,경상사고,0,0,1,0,차대차 - 추돌,안전운전불이행,건조,맑음,단일로 - 지하차도(도로)내,승용,남,61세,상해없음,승용,남,33세,경상
2021042000100576,2021년 4월 20일 21시,화요일,충청북도 청주시 서원구 죽림동,경상사고,0,0,1,0,차량단독 - 기타,안전운전불이행,건조,맑음,기타 - 기타,승용,남,59세,경상,,,,
2021042100100020,2021년 4월 21일 03시,수요일,충청북도 청주시 상당구 방서동,중상사고,0,1,1,0,차대차 - 추돌,안전운전불이행,건조,맑음,단일로 - 교량,승용,남,29세,상해없음,승용,남,44세,경상
2021042100100093,2021년 4월 21일 08시,수요일,충청북도 음성군 원남면,경상사고,0,0,1,0,차대차 - 측면충돌,안전운전불이행,건조,맑음,교차로 - 교차로부근,사륜오토바이(ATV),남,80세,경상,승용,여,52세,상해없음
2021042100100158,2021년 4월 21일 10시,수요일,충청북도 청주시 상당구 문의면,경상사고,0,0,1,0,차대차 - 측면충돌,안전운전불이행,건조,맑음,단일로 - 기타,화물,남,55세,상해없음,화물,남,22세,경상
2021042100100188,2021년 4월 21일 11시,수요일,충청북도 충주시 대소원면,사망사고,1,2,1,0,차대차 - 추돌,안전운전불이행,건조,맑음,단일로 - 기타,화물,남,46세,상해없음,승용,남,54세,사망
2021042100100251,2021년 4월 21일 13시,수요일,충청북도 청주시 상당구 용암동,경상사고,0,0,2,0,차대차 - 추돌,안전운전불이행,건조,맑음,교차로 - 교차로부근,승용,여,60세,상해없음,화물,남,78세,경상
2021042100100296,2021년 4월 21일 14시,수요일,충청북도 증평군 증평읍,부상신고사고,0,0,0,1,차량단독 - 전도전복 - 전도,안전운전불이행,건조,맑음,교차로 - 교차로부근,자전거,남,14세,부상신고,,,,
2021042100100334,2021년 4월 21일 15시,수요일,충청북도 청주시 서원구 사창동,경상사고,0,0,1,0,차대사람 - 기타,안전운전불이행,건조,맑음,단일로 - 기타,승용,여,52세,상해없음,보행자,여,59세,경상
2021042100100335,2021년 4월 21일 15시,수요일,충청북도 보은군 보은읍,중상사고,0,1,2,0,차대사람 - 기타,안전운전불이행,건조,맑음,교차로 - 교차로안,화물,남,59세,상해없음,보행자,여,43세,중상
2021042100100336,2021년 4월 21일 15시,수요일,충청북도 청주시 흥덕구 가경동,경상사고,0,0,1,0,차대차 - 기타,안전운전불이행,건조,맑음,기타 - 기타,승합,남,66세,상해없음,승용,남,22세,경상
2021042100100428,2021년 4월 21일 17시,수요일,충청북도 충주시 칠금동,경상사고,0,0,4,0,차대차 - 추돌,안전운전불이행,건조,맑음,교차로 - 교차로부근,승용,여,47세,상해없음,승용,남,21세,경상
2021042100100429,2021년 4월 21일 17시,수요일,충청북도 청주시 흥덕구 오송읍,경상사고,0,0,1,0,차대사람 - 횡단중,안전운전불이행,건조,맑음,단일로 - 기타,승용,여,35세,상해없음,보행자,남,20세,경상
2021042100100472,2021년 4월 21일 18시,수요일,충청북도 충주시 중앙탑면,경상사고,0,0,1,0,차대차 - 기타,기타,건조,맑음,교차로 - 교차로부근,승용,남,58세,상해없음,승용,남,49세,경상
2021042100100473,2021년 4월 21일 18시,수요일,충청북도 증평군 증평읍,부상신고사고,0,0,0,1,차대차 - 측면충돌,직진우회전진행방해,건조,맑음,교차로 - 교차로안,승용,남,39세,상해없음,승합,남,69세,상해없음
2021042100100474,2021년 4월 21일 18시,수요일,충청북도 음성군 대소면,경상사고,0,0,1,0,차대차 - 측면충돌,안전운전불이행,건조,맑음,단일로 - 기타,화물,남,41세,상해없음,승용,남,39세,경상
2021042100100475,2021년 4월 21일 18시,수요일,충청북도 진천군 덕산읍,중상사고,0,1,0,0,차대차 - 측면충돌,안전거리미확보,건조,맑음,교차로 - 교차로안,승용,남,52세,상해없음,승용,여,30세,중상
2021042100100519,2021년 4월 21일 19시,수요일,충청북도 청주시 청원구 오창읍,중상사고,0,1,0,0,차대차 - 측면충돌,신호위반,건조,맑음,교차로 - 교차로부근,승용,남,79세,상해없음,승용,남,34세,중상
2021042100100520,2021년 4월 21일 19시,수요일,충청북도 음성군 감곡면,경상사고,0,0,1,0,차대차 - 측면충돌,안전운전불이행,건조,맑음,교차로 - 교차로안,개인형이동수단(PM),여,19세,경상,승용,여,58세,상해없음
2021042100100556,2021년 4월 21일 20시,수요일,충청북도 충주시 금릉동,경상사고,0,0,2,0,차대차 - 측면충돌,교차로운행방법위반,건조,맑음,교차로 - 교차로안,승용,여,48세,경상,승용,남,41세,경상
2021042100100591,2021년 4월 21일 21시,수요일,충청북도 증평군 증평읍,경상사고,0,0,1,0,차대차 - 측면충돌,안전운전불이행,건조,기타,교차로 - 교차로부근,승용,남,26세,상해없음,화물,남,48세,상해없음
2021042100100621,2021년 4월 21일 23시,수요일,충청북도 충주시 지현동,경상사고,0,0,2,0,차대차 - 정면충돌,안전운전불이행,건조,맑음,단일로 - 기타,승용,남,34세,상해없음,승용,남,29세,경상
2021042100100622,2021년 4월 21일 23시,수요일,충청북도 청주시 흥덕구 옥산면,중상사고,0,2,2,0,차대차 - 추돌,안전운전불이행,건조,맑음,단일로 - 지하차도(도로)내,화물,남,58세,상해없음,승용,여,26세,경상
2021042200100013,2021년 4월 22일 01시,목요일,충청북도 청주시 청원구 오창읍,경상사고,0,0,1,0,차량단독 - 기타,안전운전불이행,건조,맑음,단일로 - 기타,승용,여,28세,경상,,,,
2021042200100020,2021년 4월 22일 02시,목요일,충청북도 영동군 영동읍,중상사고,0,1,0,0,차대사람 - 기타,안전운전불이행,건조,맑음,단일로 - 기타,승용,여,41세,상해없음,보행자,남,57세,중상
2021042200100021,2021년 4월 22일 02시,목요일,충청북도 청주시 흥덕구 봉명동,경상사고,0,0,1,0,차대차 - 추돌,불법유턴,건조,맑음,단일로 - 기타,승용,남,27세,상해없음,승용,여,40세,경상
2021042200100084,2021년 4월 22일 08시,목요일,충청북도 충주시 용관동,경상사고,0,0,1,1,차대차 - 추돌,안전운전불이행,건조,맑음,단일로 - 고가도로위,승용,남,32세,부상신고,화물,남,41세,경상
2021042200100085,2021년 4월 22일 08시,목요일,충청북도 충주시 교현동,중상사고,0,1,0,0,차대사람 - 기타,안전운전불이행,건조,맑음,단일로 - 기타,화물,남,60세,상해없음,보행자,여,9세,중상
2021042200100086,2021년 4월 22일 08시,목요일,충청북도 제천시 하소동,경상사고,0,0,2,0,차대차 - 측면충돌,신호위반,건조,맑음,교차로 - 교차로안,승용,여,34세,상해없음,승용,남,41세,경상
2021042200100158,2021년 4월 22일 10시,목요일,충청북도 청주시 청원구 주중동,사망사고,1,0,0,0,차대사람 - 횡단중,안전운전불이행,건조,맑음,단일로 - 기타,승합,남,30세,상해없음,보행자,여,97세,사망
2021042200100159,2021년 4월 22일 10시,목요일,충청북도 충주시 노은면,부상신고사고,0,0,0,1,차량단독 - 기타,안전운전불이행,건조,맑음,기타 - 기타,농기계,남,62세,부상신고,,,,
2021042200100194,2021년 4월 22일 11시,목요일,충청북도 충주시 대소원면,중상사고,0,1,3,0,차대차 - 추돌,안전거리미확보,건조,맑음,단일로 - 지하차도(도로)내,승합,남,54세,경상,승용,남,26세,경상
2021042200100223,2021년 4월 22일 12시,목요일,충청북도 진천군 진천읍,경상사고,0,0,2,0,차대차 - 정면충돌,신호위반,건조,맑음,교차로 - 교차로안,특수,남,39세,경상,화물,남,39세,경상
2021042200100261,2021년 4월 22일 13시,목요일,충청북도 청주시 흥덕구 신촌동,중상사고,0,2,0,0,차대차 - 추돌,안전운전불이행,건조,맑음,교차로 - 교차로부근,화물,남,51세,상해없음,승용,남,46세,중상
2021042200100293,2021년 4월 22일 14시,목요일,충청북도 음성군 원남면,경상사고,0,0,1,0,차대차 - 정면충돌,신호위반,건조,맑음,교차로 - 교차로안,승용,여,55세,상해없음,승용,남,41세,경상
2021042200100294,2021년 4월 22일 14시,목요일,충청북도 청주시 흥덕구 옥산면,사망사고,1,0,0,0,차대차 - 측면충돌,기타,건조,맑음,교차로 - 교차로안,화물,남,70세,사망,승용,남,49세,상해없음
2021042200100295,2021년 4월 22일 14시,목요일,충청북도 청주시 흥덕구 오송읍,경상사고,0,0,1,0,차대차 - 측면충돌,신호위반,건조,맑음,교차로 - 교차로안,화물,남,38세,상해없음,승용,여,28세,경상
2021042200100296,2021년 4월 22일 14시,목요일,충청북도 청주시 흥덕구 송정동,경상사고,0,0,1,0,차대차 - 기타,교차로운행방법위반,건조,맑음,교차로 - 교차로안,화물,남,55세,상해없음,이륜,남,32세,경상
2021042200100361,2021년 4월 22일 16시,목요일,충청북도 충주시 문화동,경상사고,0,0,1,0,차대차 - 측면충돌,안전운전불이행,건조,맑음,교차로 - 교차로안,승용,여,67세,기타불명,승용,여,55세,경상
2021042200100362,2021년 4월 22일 16시,목요일,충청북도 음성군 맹동면,경상사고,0,0,1,0,차대차 - 추돌,안전운전불이행,건조,맑음,단일로 - 기타,승용,남,46세,상해없음,승용,남,29세,경상
2021042200100438,2021년 4월 22일 18시,목요일,충청북도 진천군 진천읍,경상사고,0,0,2,0,차대차 - 측면충돌,안전거리미확보,건조,맑음,단일로 - 기타,승용,여,31세,상해없음,승합,남,59세,경상
2021042300100031,2021년 4월 23일 05시,금요일,충청북도 제천시 동현동,경상사고,0,0,2,0,차대차 - 측면충돌,신호위반,건조,맑음,교차로 - 교차로안,화물,남,23세,경상,승용,여,66세,경상
2021042300100032,2021년 4월 23일 05시,금요일,충청북도 진천군 이월면,경상사고,0,0,1,0,차대차 - 측면충돌,안전운전불이행,건조,맑음,단일로 - 기타,승용,남,57세,상해없음,승용,남,40세,경상
2021042300100087,2021년 4월 23일 08시,금요일,충청북도 청주시 흥덕구 복대동,중상사고,0,1,0,0,차대차 - 측면충돌,안전운전불이행,건조,맑음,교차로 - 교차로안,승용,남,52세,상해없음,자전거,남,26세,중상
2021042300100088,2021년 4월 23일 08시,금요일,충청북도 청주시 흥덕구 강내면,경상사고,0,0,1,0,차대차 - 측면충돌,안전운전불이행,건조,맑음,단일로 - 기타,건설기계,남,53세,상해없음,승용,여,25세,경상
2021042300100190,2021년 4월 23일 11시,금요일,충청북도 청주시 서원구 수곡동,경상사고,0,0,1,0,차대차 - 측면충돌,안전운전불이행,건조,맑음,단일로 - 지하차도(도로)내,승용,남,35세,상해없음,승용,남,62세,경상
2021042300100277,2021년 4월 23일 13시,금요일,충청북도 괴산군 청천면,부상신고사고,0,0,0,1,차량단독 - 전도전복 - 전복,안전운전불이행,건조,맑음,단일로 - 기타,승용,여,59세,부상신고,,,,
2021042300100278,2021년 4월 23일 13시,금요일,충청북도 음성군 대소면,중상사고,0,1,0,0,차대사람 - 차도통행중,안전운전불이행,건조,맑음,교차로 - 교차로부근,승용,남,59세,상해없음,보행자,여,83세,중상
2021042300100316,2021년 4월 23일 14시,금요일,충청북도 청주시 서원구 개신동,경상사고,0,0,1,0,차대차 - 기타,교차로운행방법위반,건조,맑음,교차로 - 교차로안,화물,남,39세,상해없음,개인형이동수단(PM),여,26세,경상
2021042300100353,2021년 4월 23일 15시,금요일,충청북도 청주시 청원구 우암동,경상사고,0,0,1,0,차대사람 - 횡단중,안전운전불이행,건조,맑음,단일로 - 기타,승용,남,52세,상해없음,보행자,여,61세,경상
2021042300100354,2021년 4월 23일 15시,금요일,충청북도 청주시 상당구 용암동,경상사고,0,0,1,0,차대차 - 측면충돌,안전운전불이행,건조,맑음,교차로 - 교차로안,승용,남,28세,상해없음,승용,여,36세,경상
2021042300100355,2021년 4월 23일 15시,금요일,충청북도 청주시 상당구 북문로2가,경상사고,0,0,2,0,차대차 - 측면충돌,안전운전불이행,건조,맑음,교차로 - 교차로안,승용,남,65세,상해없음,승용,남,49세,경상
2021042300100356,2021년 4월 23일 15시,금요일,충청북도 청주시 상당구 금천동,중상사고,0,1,0,0,차대차 - 측면충돌,교차로운행방법위반,건조,맑음,교차로 - 교차로안,승용,남,57세,상해없음,자전거,남,11세,중상
2021042300100434,2021년 4월 23일 17시,금요일,충청북도 청주시 상당구 남문로1가,경상사고,0,0,1,0,차대사람 - 기타,안전운전불이행,건조,맑음,단일로 - 지하차도(도로)내,승용,남,60세,기타불명,보행자,여,77세,경상
2021042300100482,2021년 4월 23일 18시,금요일,충청북도 청주시 청원구 오창읍,중상사고,0,1,0,0,차대사람 - 기타,안전운전불이행,건조,맑음,단일로 - 기타,승용,여,37세,상해없음,보행자,남,26세,중상
2021042300100531,2021년 4월 23일 19시,금요일,충청북도 청주시 서원구 사창동,경상사고,0,0,1,0,차대차 - 측면충돌,안전거리미확보,건조,맑음,단일로 - 기타,승용,남,27세,상해없음,이륜,남,50세,경상
2021042300100532,2021년 4월 23일 19시,금요일,충청북도 충주시 칠금동,경상사고,0,0,1,0,차대차 - 측면충돌,안전운전불이행,건조,맑음,교차로 - 교차로부근,개인형이동수단(PM),남,39세,경상,승용,남,39세,상해없음
2021042300100533,2021년 4월 23일 19시,금요일,충청북도 증평군 증평읍,경상사고,0,0,4,0,차대차 - 정면충돌,교차로운행방법위반,건조,맑음,교차로 - 교차로안,승용,남,29세,상해없음,승용,남,36세,경상
2021042300100564,2021년 4월 23일 20시,금요일,충청북도 음성군 대소면,경상사고,0,0,1,0,차대차 - 측면충돌,안전운전불이행,건조,맑음,교차로 - 교차로부근,화물,남,56세,상해없음,승용,여,66세,경상
2021042400100007,2021년 4월 24일 00시,토요일,충청북도 청주시 흥덕구 복대동,경상사고,0,0,1,0,차대사람 - 기타,안전운전불이행,건조,맑음,단일로 - 기타,승용,남,48세,상해없음,보행자,남,29세,경상
2021042400100041,2021년 4월 24일 03시,토요일,충청북도 청주시 흥덕구 복대동,중상사고,0,1,0,0,차대차 - 측면충돌,신호위반,건조,맑음,교차로 - 교차로안,이륜,남,49세,상해없음,자전거,남,11세,중상
2021042400100061,2021년 4월 24일 06시,토요일,충청북도 음성군 대소면,경상사고,0,0,1,0,차대차 - 측면충돌,신호위반,건조,맑음,교차로 - 교차로안,화물,남,62세,상해없음,승용,남,26세,경상
2021042400100062,2021년 4월 24일 06시,토요일,충청북도 청주시 상당구 가덕면,중상사고,0,1,1,0,차대차 - 측면충돌,신호위반,건조,맑음,교차로 - 교차로안,승합,남,27세,상해없음,승용,남,48세,경상
2021042400100081,2021년 4월 24일 08시,토요일,충청북도 충주시 동량면,경상사고,0,0,1,0,차대차 - 측면충돌,안전거리미확보,건조,맑음,단일로 - 기타,건설기계,남,57세,상해없음,승용,여,46세,경상
2021042400100096,2021년 4월 24일 09시,토요일,충청북도 보은군 보은읍,중상사고,0,1,0,0,차대차 - 정면충돌,안전운전불이행,건조,맑음,단일로 - 기타,화물,남,54세,상해없음,이륜,여,66세,중상
2021042400100124,2021년 4월 24일 10시,토요일,충청북도 충주시 교현동,경상사고,0,0,1,0,차대사람 - 횡단중,안전운전불이행,건조,맑음,교차로 - 교차로횡단보도내,승용,남,24세,상해없음,보행자,여,9세,경상
2021042400100177,2021년 4월 24일 11시,토요일,충청북도 청주시 청원구 주중동,중상사고,0,1,1,0,차대차 - 기타,안전운전불이행,건조,맑음,단일로 - 기타,화물,남,54세,상해없음,승용,남,59세,중상
2021042400100178,2021년 4월 24일 11시,토요일,충청북도 충주시 성내동,경상사고,0,0,2,0,차대차 - 측면충돌,직진우회전진행방해,건조,맑음,교차로 - 교차로안,승용,남,30세,상해없음,승용,남,36세,경상
2021042400100202,2021년 4월 24일 12시,토요일,충청북도 청주시 상당구 문의면,부상신고사고,0,0,0,1,차량단독 - 기타,안전운전불이행,건조,맑음,단일로 - 기타,승합,남,72세,부상신고,,,,
2021042400100203,2021년 4월 24일 12시,토요일,충청북도 청주시 상당구 남주동,경상사고,0,0,1,0,차대차 - 측면충돌,안전운전불이행,건조,맑음,단일로 - 지하차도(도로)내,화물,남,52세,상해없음,승용,여,27세,경상
2021042400100242,2021년 4월 24일 13시,토요일,충청북도 청주시 청원구 주성동,경상사고,0,0,1,0,차대차 - 추돌,안전운전불이행,건조,맑음,교차로 - 교차로부근,승용,남,47세,상해없음,승용,여,57세,경상
2021042400100243,2021년 4월 24일 13시,토요일,충청북도 청주시 서원구 수곡동,중상사고,0,1,0,0,차대사람 - 기타,보행자보호의무위반,건조,맑음,교차로 - 교차로안,승용,남,76세,기타불명,보행자,여,10세,중상
2021042400100284,2021년 4월 24일 14시,토요일,충청북도 단양군 영춘면,경상사고,0,0,7,0,차대차 - 추돌,안전운전불이행,건조,맑음,기타 - 기타,승합,여,44세,경상,승용,남,47세,경상
2021042400100285,2021년 4월 24일 14시,토요일,충청북도 청주시 흥덕구 오송읍,중상사고,0,1,0,0,차대차 - 측면충돌,안전거리미확보,건조,맑음,교차로 - 교차로부근,승용,남,51세,상해없음,이륜,남,67세,중상
2021042400100329,2021년 4월 24일 15시,토요일,충청북도 청주시 청원구 율량동,중상사고,0,1,0,0,차대차 - 측면충돌,안전운전불이행,건조,맑음,교차로 - 교차로부근,이륜,남,33세,상해없음,자전거,남,14세,중상
2021042400100330,2021년 4월 24일 15시,토요일,충청북도 충주시 살미면,사망사고,1,0,2,0,차대차 - 정면충돌,중앙선침범,건조,맑음,단일로 - 교량,이륜,여,23세,사망,승용,남,41세,경상
2021042400100359,2021년 4월 24일 16시,토요일,충청북도 제천시 화산동,경상사고,0,0,1,0,차대사람 - 기타,안전운전불이행,건조,맑음,단일로 - 기타,승용,남,42세,상해없음,보행자,남,62세,경상
2021042400100360,2021년 4월 24일 16시,토요일,충청북도 보은군 탄부면,경상사고,0,0,3,0,차대차 - 측면충돌,안전운전불이행,건조,맑음,단일로 - 기타,승용,여,32세,경상,승용,남,29세,경상
2021042400100396,2021년 4월 24일 17시,토요일,충청북도 진천군 광혜원면,경상사고,0,0,1,0,차대차 - 측면충돌,안전운전불이행,건조,맑음,단일로 - 기타,승용,남,25세,상해없음,승용,여,51세,경상
2021042400100397,2021년 4월 24일 17시,토요일,충청북도 청주시 서원구 분평동,중상사고,0,1,0,0,차량단독 - 공작물충돌,안전운전불이행,건조,맑음,교차로 - 교차로안,승용,남,73세,상해없음,,,,
2021042400100449,2021년 4월 24일 18시,토요일,충청북도 청주시 서원구 개신동,경상사고,0,0,1,0,차대차 - 기타,기타,건조,맑음,단일로 - 기타,화물,남,47세,상해없음,승용,남,44세,경상
2021042400100450,2021년 4월 24일 18시,토요일,충청북도 충주시 호암동,경상사고,0,0,1,0,차대차 - 기타,안전운전불이행,건조,맑음,교차로 - 교차로부근,승합,남,38세,상해없음,승용,여,65세,경상
2021042400100525,2021년 4월 24일 20시,토요일,충청북도 청주시 청원구 오창읍,경상사고,0,0,2,0,차대차 - 기타,안전운전불이행,건조,맑음,교차로 - 교차로부근,특수,남,69세,상해없음,승용,남,39세,경상
2021042400100526,2021년 4월 24일 20시,토요일,충청북도 충주시 연수동,중상사고,0,1,0,0,차대차 - 정면충돌,안전운전불이행,건조,흐림,주차장 - 주차장,승용,남,54세,상해없음,원동기,남,52세,중상
2021042400100566,2021년 4월 24일 21시,토요일,충청북도 청주시 청원구 우암동,중상사고,0,1,0,0,차대차 - 측면충돌,안전거리미확보,건조,맑음,교차로 - 교차로안,승용,남,29세,상해없음,이륜,남,22세,중상
2021042500100015,2021년 4월 25일 01시,일요일,충청북도 청주시 서원구 사창동,경상사고,0,0,1,0,차대사람 - 기타,안전운전불이행,건조,맑음,단일로 - 기타,승용,여,23세,상해없음,보행자,남,33세,경상
2021042500100016,2021년 4월 25일 01시,일요일,충청북도 청주시 흥덕구 가경동,경상사고,0,0,2,0,차대차 - 측면충돌,안전거리미확보,건조,맑음,교차로 - 교차로안,화물,남,49세,상해없음,승용,여,27세,경상
2021042500100065,2021년 4월 25일 09시,일요일,충청북도 음성군 감곡면,경상사고,0,0,3,0,차대차 - 추돌,안전운전불이행,건조,맑음,단일로 - 기타,승용,남,64세,경상,승용,남,70세,경상
2021042500100085,2021년 4월 25일 10시,일요일,충청북도 청주시 청원구 오창읍,중상사고,0,1,1,0,차대차 - 기타,안전운전불이행,건조,맑음,교차로 - 교차로안,승용,남,76세,상해없음,승용,남,53세,경상
2021042500100117,2021년 4월 25일 11시,일요일,충청북도 청주시 상당구 금천동,경상사고,0,0,2,0,차대차 - 측면충돌,안전운전불이행,건조,맑음,교차로 - 교차로안,승용,남,50세,경상,화물,남,52세,경상
2021042500100150,2021년 4월 25일 12시,일요일,충청북도 음성군 감곡면,경상사고,0,0,2,0,차대차 - 측면충돌,안전운전불이행,건조,맑음,교차로 - 교차로안,승용,남,39세,경상,승용,남,55세,경상
2021042500100151,2021년 4월 25일 12시,일요일,충청북도 옥천군 안내면,경상사고,0,0,1,0,차대사람 - 기타,안전운전불이행,건조,맑음,기타 - 기타,화물,남,65세,상해없음,보행자,여,71세,경상
2021042500100152,2021년 4월 25일 12시,일요일,충청북도 청주시 흥덕구 옥산면,경상사고,0,0,2,0,차대차 - 추돌,안전거리미확보,건조,맑음,단일로 - 지하차도(도로)내,승합,남,22세,상해없음,승용,남,25세,경상
2021042500100188,2021년 4월 25일 13시,일요일,충청북도 청주시 흥덕구 비하동,경상사고,0,0,2,0,차대차 - 추돌,안전운전불이행,건조,맑음,교차로 - 교차로부근,승용,남,28세,상해없음,승용,남,55세,경상
2021042500100223,2021년 4월 25일 14시,일요일,충청북도 충주시 엄정면,중상사고,0,1,1,0,차대차 - 측면충돌,중앙선침범,건조,맑음,교차로 - 교차로부근,화물,남,61세,상해없음,원동기,남,86세,중상
2021042500100224,2021년 4월 25일 14시,일요일,충청북도 제천시 송학면,사망사고,1,1,0,0,차대사람 - 기타,안전운전불이행,건조,맑음,기타 - 기타,승용,여,60세,상해없음,보행자,여,86세,사망
2021042500100225,2021년 4월 25일 14시,일요일,충청북도 영동군 학산면,중상사고,0,1,0,0,차대사람 - 기타,안전운전불이행,건조,맑음,기타 - 기타,화물,남,41세,상해없음,보행자,남,74세,중상
2021042500100274,2021년 4월 25일 15시,일요일,충청북도 충주시 교현동,경상사고,0,0,1,0,차대차 - 측면충돌,기타,건조,맑음,단일로 - 기타,승용,남,53세,상해없음,원동기,남,67세,경상
2021042500100275,2021년 4월 25일 15시,일요일,충청북도 청주시 흥덕구 봉명동,경상사고,0,0,2,0,차대차 - 후진중충돌,불법유턴,건조,맑음,단일로 - 기타,승용,여,36세,상해없음,승용,남,25세,경상
2021042500100348,2021년 4월 25일 17시,일요일,충청북도 청주시 흥덕구 봉명동,경상사고,0,0,1,0,차대차 - 기타,안전운전불이행,건조,맑음,교차로 - 교차로부근,승용,남,63세,상해없음,화물,남,54세,경상
2021042500100349,2021년 4월 25일 17시,일요일,충청북도 청주시 서원구 산남동,중상사고,0,1,0,0,차대차 - 측면충돌,안전운전불이행,건조,맑음,단일로 - 기타,승용,여,32세,상해없음,자전거,남,56세,중상
2021042500100384,2021년 4월 25일 18시,일요일,충청북도 청주시 서원구 사창동,중상사고,0,1,1,0,차대차 - 기타,안전거리미확보,건조,맑음,단일로 - 기타,승용,남,41세,경상,원동기,남,38세,중상
2021042500100385,2021년 4월 25일 18시,일요일,충청북도 충주시 호암동,경상사고,0,0,3,0,차대차 - 측면충돌,안전거리미확보,건조,맑음,교차로 - 교차로안,승용,남,43세,경상,원동기,남,26세,경상
2021042500100386,2021년 4월 25일 18시,일요일,충청북도 음성군 맹동면,경상사고,0,0,4,0,차대차 - 측면충돌,신호위반,건조,맑음,교차로 - 교차로안,화물,남,62세,상해없음,승용,남,44세,경상
2021042500100411,2021년 4월 25일 19시,일요일,충청북도 청주시 상당구 탑동,부상신고사고,0,0,0,1,차대차 - 정면충돌,안전운전불이행,건조,맑음,단일로 - 기타,이륜,남,22세,부상신고,승용,남,38세,상해없음
2021042500100459,2021년 4월 25일 21시,일요일,충청북도 괴산군 괴산읍,부상신고사고,0,0,0,1,차대차 - 측면충돌,직진우회전진행방해,건조,맑음,교차로 - 교차로안,이륜,남,16세,부상신고,승용,남,54세,상해없음
2021042500100460,2021년 4월 25일 21시,일요일,충청북도 청주시 흥덕구 비하동,경상사고,0,0,1,0,차대차 - 측면충돌,신호위반,건조,맑음,교차로 - 교차로안,승용,남,59세,상해없음,승용,남,27세,경상
2021042500100461,2021년 4월 25일 21시,일요일,충청북도 청주시 서원구 수곡동,부상신고사고,0,0,0,1,차대차 - 추돌,안전운전불이행,건조,맑음,단일로 - 기타,이륜,남,35세,부상신고,승용,남,54세,상해없음
2021042500100474,2021년 4월 25일 22시,일요일,충청북도 청주시 흥덕구 복대동,경상사고,0,0,2,0,차대차 - 기타,안전운전불이행,건조,맑음,교차로 - 교차로부근,승용,남,49세,상해없음,승용,남,32세,경상
2021042500100492,2021년 4월 25일 23시,일요일,충청북도 제천시 장락동,경상사고,0,0,1,0,차대차 - 측면충돌,신호위반,건조,맑음,교차로 - 교차로안,승용,남,35세,상해없음,승용,남,25세,경상
2021042600100014,2021년 4월 26일 04시,월요일,충청북도 청주시 서원구 사직동,경상사고,0,0,3,0,차대차 - 측면충돌,신호위반,건조,맑음,교차로 - 교차로안,승용,남,65세,상해없음,화물,여,55세,경상
2021042600100050,2021년 4월 26일 07시,월요일,충청북도 청주시 청원구 사천동,경상사고,0,0,1,0,차대차 - 측면충돌,안전거리미확보,건조,맑음,단일로 - 기타,승용,남,63세,상해없음,승용,남,56세,경상