사고번호,사고일시,요일,시군구,사고내용,사망자수,중상자수,경상자수,부상신고자수,사고유형,법규위반,노면상태,기상상태,도로형태,가해운전자 차종,가해운전자 성별,가해운전자 연령,가해운전자 상해정도,피해운전자 차종,피해운전자 성별,피해운전자 연령,피해운전자 상해정도
2021042600100142,2021년 4월 26일 09시,월요일,충청북도 음성군 대소면,중상사고,0,1,0,0,차대차 - 측면충돌,중앙선침범,건조,맑음,미분류 - 미분류,승용,남,56세,상해없음,승용,남,68세,중상
2021042600100143,2021년 4월 26일 09시,월요일,충청북도 청주시 흥덕구 오송읍,부상신고사고,0,0,0,1,차량단독 - 기타,안전운전불이행,건조,맑음,교차로 - 교차로부근,이륜,남,88세,부상신고,,,,
2021042600100144,2021년 4월 26일 09시,월요일,충청북도 청주시 서원구 장성동,경상사고,0,0,3,0,차대차 - 측면충돌,교차로운행방법위반,건조,맑음,교차로 - 교차로안,승용,남,66세,경상,승용,여,42세,경상
2021042600100173,2021년 4월 26일 10시,월요일,충청북도 청주시 흥덕구 석소동,경상사고,0,0,2,0,차대차 - 추돌,안전운전불이행,건조,맑음,단일로 - 기타,화물,남,60세,상해없음,승용,여,47세,경상
2021042600100210,2021년 4월 26일 11시,월요일,충청북도 증평군 증평읍,경상사고,0,0,1,0,차대사람 - 횡단중,신호위반,건조,맑음,교차로 - 교차로횡단보도내,화물,여,66세,상해없음,보행자,남,63세,경상
2021042600100270,2021년 4월 26일 13시,월요일,충청북도 증평군 증평읍,경상사고,0,0,1,0,차대차 - 측면충돌,안전운전불이행,건조,맑음,교차로 - 교차로부근,이륜,남,87세,상해없음,승용,여,38세,기타불명
2021042600100271,2021년 4월 26일 13시,월요일,충청북도 청주시 흥덕구 봉명동,경상사고,0,0,1,0,차대차 - 기타,교차로운행방법위반,건조,맑음,교차로 - 교차로안,승용,여,54세,상해없음,이륜,남,61세,경상
2021042600100310,2021년 4월 26일 14시,월요일,충청북도 청주시 흥덕구 가경동,경상사고,0,0,1,0,차대사람 - 횡단중,신호위반,건조,맑음,교차로 - 교차로안,이륜,남,32세,상해없음,보행자,여,67세,경상
2021042600100346,2021년 4월 26일 15시,월요일,충청북도 제천시 신월동,중상사고,0,1,3,0,차대차 - 추돌,안전거리미확보,건조,맑음,교차로 - 교차로안,승용,여,40세,경상,승용,여,60세,경상
2021042600100384,2021년 4월 26일 16시,월요일,충청북도 청주시 청원구 내덕동,중상사고,0,1,0,0,차대차 - 기타,교차로운행방법위반,건조,맑음,단일로 - 기타,승용,남,68세,상해없음,이륜,남,45세,중상
2021042600100385,2021년 4월 26일 16시,월요일,충청북도 충주시 신니면,경상사고,0,0,1,0,차대차 - 추돌,안전운전불이행,건조,맑음,단일로 - 기타,건설기계,남,50세,상해없음,건설기계,남,47세,경상
2021042600100386,2021년 4월 26일 16시,월요일,충청북도 제천시 신백동,중상사고,0,2,0,0,차대차 - 정면충돌,신호위반,건조,맑음,교차로 - 교차로안,화물,남,56세,상해없음,승용,여,21세,중상
2021042600100387,2021년 4월 26일 16시,월요일,충청북도 청주시 흥덕구 운천동,경상사고,0,0,7,0,차대차 - 기타,신호위반,건조,맑음,교차로 - 교차로안,승용,여,55세,경상,승용,남,34세,경상
2021042600100477,2021년 4월 26일 18시,월요일,충청북도 음성군 맹동면,중상사고,0,1,0,0,차대차 - 측면충돌,안전운전불이행,건조,맑음,미분류 - 미분류,승용,여,43세,상해없음,이륜,남,24세,중상
2021042600100515,2021년 4월 26일 19시,월요일,충청북도 청주시 흥덕구 오송읍,중상사고,0,1,4,0,차대차 - 기타,신호위반,건조,맑음,교차로 - 교차로안,승용,남,36세,상해없음,승용,남,37세,경상
2021042600100574,2021년 4월 26일 21시,월요일,충청북도 음성군 감곡면,중상사고,0,1,0,0,차대차 - 측면충돌,교차로운행방법위반,건조,맑음,교차로 - 교차로안,승용,남,60세,상해없음,승용,여,37세,중상
2021042600100603,2021년 4월 26일 22시,월요일,충청북도 음성군 대소면,경상사고,0,0,2,0,차대차 - 측면충돌,중앙선침범,건조,맑음,교차로 - 교차로부근,승용,여,53세,상해없음,승용,남,36세,경상
2021042700100017,2021년 4월 27일 02시,화요일,충청북도 제천시 백운면,경상사고,0,0,1,0,차대차 - 추돌,안전거리미확보,건조,맑음,단일로 - 기타,화물,남,49세,상해없음,화물,남,55세,경상
2021042700100018,2021년 4월 27일 02시,화요일,충청북도 청주시 서원구 산남동,경상사고,0,0,1,0,차대사람 - 기타,기타,건조,맑음,단일로 - 기타,승용,남,45세,상해없음,보행자,남,38세,경상
2021042700100045,2021년 4월 27일 07시,화요일,충청북도 진천군 진천읍,경상사고,0,0,1,0,차대차 - 측면충돌,안전운전불이행,건조,맑음,교차로 - 교차로안,승용,남,39세,상해없음,승용,여,34세,경상
2021042700100046,2021년 4월 27일 07시,화요일,충청북도 청주시 서원구 모충동,경상사고,0,0,1,0,차대차 - 추돌,안전운전불이행,건조,맑음,단일로 - 지하차도(도로)내,승용,여,65세,상해없음,승용,남,71세,경상
2021042700100072,2021년 4월 27일 08시,화요일,충청북도 제천시 청전동,경상사고,0,0,3,0,차대차 - 정면충돌,교차로운행방법위반,건조,맑음,교차로 - 교차로안,승용,여,41세,경상,승용,남,68세,경상
2021042700100073,2021년 4월 27일 08시,화요일,충청북도 청주시 서원구 수곡동,중상사고,0,1,0,0,차대차 - 측면충돌,안전운전불이행,건조,맑음,교차로 - 교차로횡단보도내,승용,여,37세,상해없음,개인형이동수단(PM),남,21세,중상
2021042700100074,2021년 4월 27일 08시,화요일,충청북도 청주시 서원구 분평동,중상사고,0,1,0,0,차대차 - 측면충돌,중앙선침범,건조,맑음,단일로 - 기타,승용,여,65세,상해없음,원동기,남,42세,중상
2021042700100116,2021년 4월 27일 09시,화요일,충청북도 영동군 영동읍,경상사고,0,0,1,0,차량단독 - 전도전복 - 전도,안전운전불이행,건조,맑음,교차로 - 교차로안,이륜,남,81세,경상,,,,
2021042700100117,2021년 4월 27일 09시,화요일,충청북도 음성군 소이면,중상사고,0,2,0,0,차대차 - 측면충돌,교차로운행방법위반,건조,흐림,교차로 - 교차로안,승용,여,40세,상해없음,이륜,남,77세,중상
2021042700100137,2021년 4월 27일 10시,화요일,충청북도 청주시 서원구 수곡동,경상사고,0,0,2,0,차대차 - 측면충돌,교차로운행방법위반,건조,맑음,교차로 - 교차로안,개인형이동수단(PM),남,24세,경상,승용,남,64세,상해없음
2021042700100138,2021년 4월 27일 10시,화요일,충청북도 청주시 상당구 남일면,중상사고,0,1,3,0,차대차 - 측면충돌,차로위반,건조,맑음,교차로 - 교차로안,화물,남,44세,상해없음,승용,남,33세,경상
2021042700100168,2021년 4월 27일 11시,화요일,충청북도 청주시 서원구 산남동,중상사고,0,1,0,0,차대사람 - 기타,안전운전불이행,건조,맑음,교차로 - 교차로부근,승용,남,61세,상해없음,보행자,남,32세,중상
2021042700100206,2021년 4월 27일 12시,화요일,충청북도 청주시 흥덕구 오송읍,경상사고,0,0,1,0,차대차 - 기타,안전운전불이행,건조,맑음,교차로 - 교차로안,승용,여,45세,상해없음,이륜,남,35세,경상
2021042700100242,2021년 4월 27일 13시,화요일,충청북도 청주시 상당구 북문로2가,경상사고,0,0,1,0,차대차 - 기타,안전운전불이행,건조,맑음,교차로 - 교차로안,승용,남,78세,상해없음,승용,여,27세,경상
2021042700100243,2021년 4월 27일 13시,화요일,충청북도 제천시 장락동,경상사고,0,0,3,0,차대차 - 추돌,안전거리미확보,건조,맑음,교차로 - 교차로안,건설기계,남,54세,상해없음,승용,남,63세,경상
2021042700100269,2021년 4월 27일 14시,화요일,충청북도 제천시 청전동,부상신고사고,0,0,0,1,차대차 - 정면충돌,직진우회전진행방해,건조,맑음,교차로 - 교차로안,이륜,남,29세,부상신고,승용,남,50세,상해없음
2021042700100270,2021년 4월 27일 14시,화요일,충청북도 청주시 흥덕구 향정동,경상사고,0,0,1,0,차대차 - 후진중충돌,안전운전불이행,건조,맑음,단일로 - 기타,화물,남,28세,상해없음,승용,여,32세,경상
2021042700100304,2021년 4월 27일 15시,화요일,충청북도 충주시 연수동,중상사고,0,1,0,0,차대차 - 측면충돌,신호위반,건조,맑음,교차로 - 교차로안,승용,여,44세,상해없음,승용,여,61세,중상
2021042700100305,2021년 4월 27일 15시,화요일,충청북도 충주시 용산동,경상사고,0,0,2,0,차대차 - 추돌,안전거리미확보,건조,맑음,단일로 - 기타,승용,여,42세,상해없음,승용,여,38세,경상
2021042700100332,2021년 4월 27일 16시,화요일,충청북도 충주시 호암동,경상사고,0,0,1,0,차대사람 - 기타,안전운전불이행,건조,맑음,단일로 - 기타,승용,여,55세,상해없음,보행자,남,8세,경상
2021042700100333,2021년 4월 27일 16시,화요일,충청북도 제천시 청전동,중상사고,0,1,1,0,차대차 - 추돌,안전운전불이행,건조,맑음,단일로 - 지하차도(도로)내,승용,남,66세,상해없음,승용,여,62세,경상
2021042700100334,2021년 4월 27일 16시,화요일,충청북도 청주시 흥덕구 가경동,경상사고,0,0,2,0,차대차 - 측면충돌,교차로운행방법위반,건조,맑음,교차로 - 교차로부근,승용,여,70세,경상,화물,남,47세,경상
2021042700100383,2021년 4월 27일 17시,화요일,충청북도 음성군 감곡면,사망사고,1,1,0,0,차량단독 - 공작물충돌,안전운전불이행,건조,맑음,단일로 - 기타,이륜,남,59세,사망,,,,
2021042700100384,2021년 4월 27일 17시,화요일,충청북도 청주시 상당구 탑동,경상사고,0,0,1,0,차대차 - 측면충돌,안전운전불이행,건조,맑음,교차로 - 교차로안,특수,남,39세,상해없음,승용,남,30세,경상
2021042700100462,2021년 4월 27일 19시,화요일,충청북도 제천시 화산동,중상사고,0,1,5,0,차대차 - 정면충돌,교차로운행방법위반,건조,흐림,교차로 - 교차로안,승용,남,22세,경상,승합,남,62세,중상
2021042700100463,2021년 4월 27일 19시,화요일,충청북도 제천시 하소동,사망사고,1,1,0,0,차대차 - 정면충돌,신호위반,건조,맑음,교차로 - 교차로안,승용,여,30세,중상,원동기,남,25세,사망
2021042700100501,2021년 4월 27일 20시,화요일,충청북도 청주시 서원구 성화동,경상사고,0,0,2,0,차대차 - 기타,안전운전불이행,건조,맑음,교차로 - 교차로부근,승용,남,59세,상해없음,승용,남,21세,경상
2021042700100540,2021년 4월 27일 21시,화요일,충청북도 청주시 상당구 용암동,중상사고,0,1,0,0,차대차 - 추돌,안전운전불이행,건조,맑음,교차로 - 교차로부근,승용,남,46세,상해없음,이륜,여,39세,중상
2021042700100584,2021년 4월 27일 23시,화요일,충청북도 청주시 청원구 사천동,사망사고,1,0,0,0,차대사람 - 기타,기타,건조,맑음,단일로 - 기타,승용,남,56세,상해없음,보행자,남,43세,사망
2021042800100015,2021년 4월 28일 01시,수요일,충청북도 청주시 상당구 용암동,경상사고,0,0,1,0,차대차 - 측면충돌,안전운전불이행,건조,맑음,교차로 - 교차로안,화물,남,50세,상해없음,자전거,남,26세,경상
2021042800100049,2021년 4월 28일 06시,수요일,충청북도 청주시 흥덕구 향정동,중상사고,0,1,0,0,차대차 - 측면충돌,중앙선침범,건조,맑음,교차로 - 교차로부근,승용,여,27세,상해없음,승용,남,73세,중상
2021042800100060,2021년 4월 28일 07시,수요일,충청북도 진천군 이월면,중상사고,0,1,2,0,차대차 - 추돌,안전거리미확보,건조,맑음,단일로 - 기타,승용,남,27세,경상,승용,남,50세,중상
2021042800100093,2021년 4월 28일 08시,수요일,충청북도 청주시 청원구 주중동,경상사고,0,0,1,0,차대사람 - 기타,안전운전불이행,건조,맑음,기타 - 기타,기타불명,기타불명,미분류,기타불명,보행자,남,13세,경상
2021042800100094,2021년 4월 28일 08시,수요일,충청북도 음성군 맹동면,중상사고,0,1,4,0,차대차 - 측면충돌,교차로운행방법위반,건조,맑음,교차로 - 교차로안,승용,여,58세,경상,승합,여,61세,경상
2021042800100136,2021년 4월 28일 09시,수요일,충청북도 음성군 생극면,경상사고,0,0,1,0,차대차 - 추돌,안전거리미확보,건조,맑음,단일로 - 기타,화물,남,63세,상해없음,승합,여,73세,경상
2021042800100137,2021년 4월 28일 09시,수요일,충청북도 진천군 진천읍,경상사고,0,0,1,0,차대차 - 측면충돌,직진우회전진행방해,건조,맑음,교차로 - 교차로안,승용,남,49세,상해없음,건설기계,남,56세,경상
2021042800100160,2021년 4월 28일 10시,수요일,충청북도 제천시 하소동,경상사고,0,0,2,0,차대차 - 측면충돌,교차로운행방법위반,건조,맑음,교차로 - 교차로안,화물,남,85세,기타불명,승용,여,32세,경상
2021042800100161,2021년 4월 28일 10시,수요일,충청북도 청주시 흥덕구 강서동,경상사고,0,0,1,0,차대차 - 기타,교차로운행방법위반,건조,맑음,교차로 - 교차로안,건설기계,남,29세,상해없음,승용,남,66세,경상
2021042800100181,2021년 4월 28일 11시,수요일,충청북도 충주시 연수동,중상사고,0,1,0,0,차대차 - 정면충돌,중앙선침범,건조,맑음,교차로 - 교차로부근,승용,남,82세,상해없음,이륜,여,77세,중상
2021042800100182,2021년 4월 28일 11시,수요일,충청북도 청주시 서원구 장성동,중상사고,0,1,0,0,차대사람 - 횡단중,보행자보호의무위반,건조,맑음,교차로 - 교차로부근,승용,여,34세,상해없음,보행자,여,64세,중상
2021042800100246,2021년 4월 28일 13시,수요일,충청북도 청주시 청원구 내덕동,경상사고,0,0,1,0,차대차 - 기타,교차로운행방법위반,건조,맑음,교차로 - 교차로안,화물,남,32세,상해없음,원동기,여,38세,경상
2021042800100371,2021년 4월 28일 17시,수요일,충청북도 제천시 남천동,중상사고,0,1,0,0,차대사람 - 횡단중,보행자보호의무위반,건조,맑음,기타 - 기타,화물,남,22세,상해없음,보행자,남,65세,중상
2021042800100372,2021년 4월 28일 17시,수요일,충청북도 증평군 증평읍,경상사고,0,0,1,0,차대사람 - 기타,보행자보호의무위반,건조,맑음,교차로 - 교차로횡단보도내,승용,여,68세,상해없음,보행자,여,56세,경상
2021042800100373,2021년 4월 28일 17시,수요일,충청북도 진천군 초평면,경상사고,0,0,1,0,차대차 - 측면충돌,안전거리미확보,건조,맑음,단일로 - 기타,승용,남,47세,상해없음,승용,남,50세,경상
2021042800100374,2021년 4월 28일 17시,수요일,충청북도 청주시 흥덕구 복대동,경상사고,0,0,1,0,차대차 - 기타,안전운전불이행,건조,맑음,단일로 - 기타,승용,여,59세,상해없음,승용,남,64세,경상
2021042800100415,2021년 4월 28일 18시,수요일,충청북도 청주시 서원구 산남동,경상사고,0,0,1,0,차대차 - 측면충돌,안전운전불이행,건조,맑음,주차장 - 주차장,승합,여,43세,상해없음,승용,여,43세,경상
2021042800100485,2021년 4월 28일 20시,수요일,충청북도 청주시 청원구 오창읍,중상사고,0,1,0,0,차대차 - 기타,안전운전불이행,건조,맑음,교차로 - 교차로부근,원동기,남,22세,중상,승용,여,22세,상해없음
2021042800100548,2021년 4월 28일 22시,수요일,충청북도 청주시 청원구 오동동,경상사고,0,0,2,0,차대차 - 측면충돌,안전거리미확보,건조,맑음,교차로 - 교차로부근,승용,여,43세,경상,승용,남,50세,상해없음
2021042800100570,2021년 4월 28일 23시,수요일,충청북도 청주시 상당구 금천동,경상사고,0,0,2,0,차대차 - 기타,안전운전불이행,건조,맑음,교차로 - 교차로안,승용,남,57세,상해없음,원동기,남,18세,경상
2021042900100008,2021년 4월 29일 00시,목요일,충청북도 충주시 성서동,중상사고,0,1,0,0,차대차 - 추돌,안전운전불이행,건조,맑음,단일로 - 기타,승용,남,21세,상해없음,승용,여,59세,중상
2021042900100092,2021년 4월 29일 08시,목요일,충청북도 충주시 대소원면,경상사고,0,0,1,0,차대차 - 측면충돌,안전운전불이행,건조,맑음,단일로 - 기타,승용,여,20세,상해없음,승용,여,39세,경상
2021042900100093,2021년 4월 29일 08시,목요일,충청북도 청주시 흥덕구 오송읍,경상사고,0,0,1,0,차대차 - 측면충돌,신호위반,건조,맑음,교차로 - 교차로안,건설기계,남,46세,상해없음,승용,여,33세,경상
2021042900100146,2021년 4월 29일 10시,목요일,충청북도 청주시 청원구 우암동,중상사고,0,1,0,0,차대차 - 측면충돌,신호위반,건조,맑음,교차로 - 교차로횡단보도내,승용,남,63세,상해없음,자전거,여,54세,중상
2021042900100147,2021년 4월 29일 10시,목요일,충청북도 청주시 흥덕구 강서동,경상사고,0,0,3,0,차대차 - 추돌,안전거리미확보,건조,맑음,단일로 - 기타,승용,남,55세,상해없음,승용,남,60세,경상
2021042900100182,2021년 4월 29일 11시,목요일,충청북도 청주시 서원구 개신동,경상사고,0,0,3,0,차대차 - 추돌,안전운전불이행,건조,맑음,교차로 - 교차로안,승용,여,38세,경상,승용,여,58세,경상
2021042900100215,2021년 4월 29일 12시,목요일,충청북도 진천군 백곡면,경상사고,0,0,1,0,차대차 - 측면충돌,직진우회전진행방해,건조,맑음,교차로 - 교차로안,승용,남,60세,상해없음,건설기계,남,41세,경상
2021042900100216,2021년 4월 29일 12시,목요일,충청북도 청주시 상당구 문화동,중상사고,0,1,0,0,차대차 - 측면충돌,안전운전불이행,건조,맑음,단일로 - 기타,이륜,남,74세,중상,승용,남,62세,상해없음
2021042900100217,2021년 4월 29일 12시,목요일,충청북도 청주시 상당구 북문로2가,경상사고,0,0,1,0,차대차 - 추돌,안전운전불이행,건조,맑음,단일로 - 지하차도(도로)내,승용,여,44세,상해없음,승용,남,50세,경상
2021042900100257,2021년 4월 29일 13시,목요일,충청북도 청주시 흥덕구 강서동,경상사고,0,0,1,0,차대차 - 측면충돌,안전운전불이행,건조,맑음,단일로 - 기타,승용,남,66세,상해없음,승용,여,31세,상해없음
2021042900100288,2021년 4월 29일 14시,목요일,충청북도 청주시 흥덕구 가경동,경상사고,0,0,2,0,차대차 - 기타,교차로운행방법위반,건조,맑음,교차로 - 교차로부근,승용,여,65세,경상,화물,남,40세,경상
2021042900100319,2021년 4월 29일 15시,목요일,충청북도 제천시 고명동,경상사고,0,0,3,0,차대차 - 추돌,안전거리미확보,건조,맑음,교차로 - 교차로안,화물,남,56세,상해없음,승용,남,65세,경상
2021042900100364,2021년 4월 29일 16시,목요일,충청북도 증평군 도안면,경상사고,0,0,1,0,차대차 - 측면충돌,신호위반,건조,맑음,교차로 - 교차로안,이륜,남,34세,상해없음,화물,여,57세,경상
2021042900100365,2021년 4월 29일 16시,목요일,충청북도 청주시 서원구 산남동,경상사고,0,0,2,0,차대차 - 추돌,안전거리미확보,건조,맑음,교차로 - 교차로부근,승용,여,53세,상해없음,승용,남,54세,경상
2021042900100464,2021년 4월 29일 18시,목요일,충청북도 청주시 청원구 오창읍,경상사고,0,0,1,0,차대차 - 측면충돌,신호위반,건조,맑음,교차로 - 교차로부근,이륜,남,25세,상해없음,승용,남,44세,경상
2021042900100465,2021년 4월 29일 18시,목요일,충청북도 청주시 상당구 문의면,중상사고,0,1,0,0,차대차 - 측면충돌,안전운전불이행,건조,맑음,교차로 - 교차로안,승용,남,24세,상해없음,이륜,남,38세,중상
2021042900100510,2021년 4월 29일 19시,목요일,충청북도 청주시 흥덕구 봉명동,경상사고,0,0,1,0,차대차 - 추돌,안전운전불이행,건조,맑음,단일로 - 기타,승용,남,35세,상해없음,승용,남,24세,경상
2021042900100537,2021년 4월 29일 20시,목요일,충청북도 보은군 수한면,중상사고,0,1,0,0,차대차 - 측면충돌,안전운전불이행,건조,맑음,단일로 - 기타,화물,남,62세,상해없음,농기계,남,62세,중상
2021042900100538,2021년 4월 29일 20시,목요일,충청북도 청주시 상당구 용암동,경상사고,0,0,1,0,차대사람 - 횡단중,보행자보호의무위반,건조,맑음,교차로 - 교차로부근,승용,남,46세,상해없음,보행자,남,6세,경상
2021042900100571,2021년 4월 29일 21시,목요일,충청북도 증평군 증평읍,경상사고,0,0,1,0,차대차 - 추돌,안전운전불이행,건조,기타,단일로 - 기타,화물,남,61세,상해없음,승용,여,45세,경상
2021042900100633,2021년 4월 29일 23시,목요일,충청북도 충주시 살미면,경상사고,0,0,1,0,차대차 - 기타,안전운전불이행,건조,맑음,교차로 - 교차로안,승용,남,50세,상해없음,화물,남,98세 이상,경상
2021043000100033,2021년 4월 30일 04시,금요일,충청북도 청주시 청원구 율량동,경상사고,0,0,2,0,차대차 - 기타,안전운전불이행,젖음/습기,흐림,기타 - 기타,승용,남,22세,상해없음,승용,남,43세,경상
2021043000100051,2021년 4월 30일 06시,금요일,충청북도 제천시 봉양읍,경상사고,0,0,1,0,차대차 - 추돌,안전운전불이행,젖음/습기,흐림,기타 - 기타,화물,남,56세,경상,화물,남,61세,상해없음
2021043000100068,2021년 4월 30일 07시,금요일,충청북도 제천시 신동,경상사고,0,0,2,0,차대차 - 측면충돌,안전거리미확보,젖음/습기,비,기타 - 기타,승용,남,53세,경상,승용,남,30세,경상
2021043000100069,2021년 4월 30일 07시,금요일,충청북도 청주시 흥덕구 오송읍,경상사고,0,0,1,0,차대차 - 기타,안전운전불이행,건조,맑음,교차로 - 교차로안,화물,남,40세,상해없음,승용,남,43세,경상
2021043000100070,2021년 4월 30일 07시,금요일,충청북도 청주시 상당구 낭성면,경상사고,0,0,2,0,차대차 - 정면충돌,중앙선침범,건조,맑음,단일로 - 지하차도(도로)내,승용,남,27세,상해없음,화물,남,65세,경상
2021043000100095,2021년 4월 30일 08시,금요일,충청북도 충주시 교현동,경상사고,0,0,1,0,차대차 - 측면충돌,안전운전불이행,건조,맑음,교차로 - 교차로안,승용,여,42세,상해없음,승용,여,46세,경상
2021043000100096,2021년 4월 30일 08시,금요일,충청북도 음성군 소이면,경상사고,0,0,1,0,차대차 - 추돌,안전거리미확보,건조,맑음,미분류 - 미분류,승용,남,26세,상해없음,승용,여,55세,경상
2021043000100097,2021년 4월 30일 08시,금요일,충청북도 청주시 흥덕구 복대동,경상사고,0,0,1,0,차대차 - 추돌,안전운전불이행,건조,맑음,교차로 - 교차로부근,화물,남,55세,상해없음,승용,남,69세,상해없음
2021043000100166,2021년 4월 30일 10시,금요일,충청북도 청주시 청원구 율량동,경상사고,0,0,1,0,차대차 - 기타,안전운전불이행,건조,맑음,기타 - 기타,승용,남,47세,상해없음,개인형이동수단(PM),남,19세,경상
2021043000100167,2021년 4월 30일 10시,금요일,충청북도 진천군 진천읍,중상사고,0,1,1,0,차대차 - 측면충돌,교차로운행방법위반,건조,맑음,교차로 - 교차로안,화물,남,44세,경상,화물,남,79세,중상
2021043000100193,2021년 4월 30일 11시,금요일,충청북도 충주시 충의동,경상사고,0,0,1,0,차대사람 - 기타,안전운전불이행,건조,맑음,단일로 - 기타,승용,남,60세,상해없음,보행자,여,30세,경상
2021043000100194,2021년 4월 30일 11시,금요일,충청북도 충주시 충의동,중상사고,0,1,0,0,차대사람 - 기타,안전운전불이행,건조,흐림,단일로 - 기타,승용,여,64세,상해없음,보행자,남,77세,중상
2021043000100195,2021년 4월 30일 11시,금요일,충청북도 청주시 서원구 수곡동,경상사고,0,0,1,0,차대사람 - 기타,안전운전불이행,건조,맑음,단일로 - 기타,승용,여,61세,상해없음,보행자,여,58세,경상
2021043000100234,2021년 4월 30일 12시,금요일,충청북도 충주시 칠금동,경상사고,0,0,3,0,차대차 - 정면충돌,안전운전불이행,건조,맑음,단일로 - 기타,승용,남,55세,상해없음,승용,남,49세,경상
2021043000100235,2021년 4월 30일 12시,금요일,충청북도 진천군 덕산읍,중상사고,0,1,0,0,차대차 - 측면충돌,안전운전불이행,건조,맑음,교차로 - 교차로안,화물,남,37세,상해없음,승용,남,29세,중상
2021043000100264,2021년 4월 30일 13시,금요일,충청북도 청주시 청원구 북이면,경상사고,0,0,1,0,차대차 - 추돌,안전거리미확보,건조,맑음,교차로 - 교차로부근,화물,남,64세,상해없음,승용,여,58세,경상
2021043000100265,2021년 4월 30일 13시,금요일,충청북도 영동군 영동읍,경상사고,0,0,1,0,차대차 - 측면충돌,안전운전불이행,건조,맑음,단일로 - 기타,자전거,남,62세,경상,승용,여,47세,상해없음
2021043000100266,2021년 4월 30일 13시,금요일,충청북도 괴산군 사리면,중상사고,0,1,1,0,차대차 - 측면충돌,기타,건조,맑음,교차로 - 교차로안,승용,여,46세,상해없음,화물,남,64세,경상
2021043000100267,2021년 4월 30일 13시,금요일,충청북도 음성군 금왕읍,중상사고,0,1,0,0,차대사람 - 길가장자리구역통행중,안전운전불이행,건조,맑음,교차로 - 교차로부근,화물,남,54세,상해없음,보행자,여,65세,중상
2021043000100347,2021년 4월 30일 15시,금요일,충청북도 충주시 성남동,중상사고,0,1,1,0,차대차 - 정면충돌,중앙선침범,건조,맑음,교차로 - 교차로부근,개인형이동수단(PM),남,14세,중상,승용,남,60세,상해없음
2021043000100348,2021년 4월 30일 15시,금요일,충청북도 충주시 교현동,경상사고,0,0,4,0,차대차 - 측면충돌,직진우회전진행방해,건조,맑음,교차로 - 교차로안,이륜,남,39세,경상,승용,남,52세,상해없음
2021043000100381,2021년 4월 30일 16시,금요일,충청북도 청주시 청원구 내덕동,중상사고,0,1,0,0,차대차 - 기타,안전거리미확보,건조,맑음,단일로 - 기타,승용,남,73세,상해없음,이륜,남,57세,중상
2021043000100435,2021년 4월 30일 17시,금요일,충청북도 충주시 살미면,중상사고,0,1,0,0,차량단독 - 기타,안전운전불이행,건조,맑음,단일로 - 기타,자전거,남,59세,중상,,,,
2021043000100489,2021년 4월 30일 18시,금요일,충청북도 청주시 청원구 오창읍,경상사고,0,0,1,0,차대차 - 측면충돌,안전거리미확보,건조,맑음,단일로 - 기타,승용,남,34세,상해없음,승용,남,44세,경상
2021043000100490,2021년 4월 30일 18시,금요일,충청북도 청주시 흥덕구 복대동,경상사고,0,0,3,0,차대차 - 측면충돌,기타,건조,맑음,단일로 - 기타,승용,남,59세,상해없음,이륜,남,18세,경상
2021043000100491,2021년 4월 30일 18시,금요일,충청북도 청주시 흥덕구 신전동,경상사고,0,0,1,0,차대차 - 추돌,안전운전불이행,건조,맑음,단일로 - 기타,화물,남,38세,상해없음,승용,여,30세,경상
2021043000100492,2021년 4월 30일 18시,금요일,충청북도 청주시 상당구 용담동,경상사고,0,0,1,0,차대차 - 측면충돌,교차로운행방법위반,건조,맑음,교차로 - 교차로안,승용,여,39세,경상,승용,남,73세,상해없음
2021043000100539,2021년 4월 30일 19시,금요일,충청북도 청주시 청원구 오창읍,경상사고,0,0,2,0,차대차 - 기타,안전운전불이행,건조,맑음,교차로 - 교차로안,승용,남,40세,기타불명,승용,남,38세,경상
2021043000100585,2021년 4월 30일 20시,금요일,충청북도 음성군 맹동면,경상사고,0,0,2,0,차대차 - 추돌,안전운전불이행,건조,맑음,교차로 - 교차로부근,승용,남,34세,상해없음,승용,남,24세,경상
2021043000100586,2021년 4월 30일 20시,금요일,충청북도 청주시 흥덕구 송정동,경상사고,0,0,2,0,차대차 - 추돌,안전운전불이행,건조,맑음,교차로 - 교차로부근,승용,남,43세,상해없음,승용,남,59세,경상
2021043000100663,2021년 4월 30일 22시,금요일,충청북도 청주시 흥덕구 복대동,경상사고,0,0,1,0,차대차 - 기타,중앙선침범,건조,맑음,단일로 - 기타,승용,남,43세,상해없음,승합,남,64세,경상
2021050100100059,2021년 5월 1일 05시,토요일,충청북도 청주시 청원구 율량동,경상사고,0,0,1,0,차대차 - 측면충돌,신호위반,젖음/습기,비,교차로 - 교차로부근,승용,여,46세,상해없음,승용,남,36세,경상
2021050100100098,2021년 5월 1일 09시,토요일,충청북도 청주시 상당구 북문로2가,중상사고,0,1,0,0,차대차 - 측면충돌,신호위반,건조,맑음,단일로 - 기타,승용,남,23세,상해없음,자전거,여,72세,중상
2021050100100121,2021년 5월 1일 10시,토요일,충청북도 제천시 봉양읍,경상사고,0,0,1,0,차대차 - 측면충돌,직진우회전진행방해,젖음/습기,비,교차로 - 교차로안,승용,남,49세,상해없음,이륜,남,24세,경상