사고번호,사고일시,요일,시군구,사고내용,사망자수,중상자수,경상자수,부상신고자수,사고유형,법규위반,노면상태,기상상태,도로형태,가해운전자 차종,가해운전자 성별,가해운전자 연령,가해운전자 상해정도,피해운전자 차종,피해운전자 성별,피해운전자 연령,피해운전자 상해정도
2021050100100122,2021년 5월 1일 10시,토요일,충청북도 청주시 흥덕구 강내면,경상사고,0,0,1,0,차대사람 - 기타,안전운전불이행,건조,맑음,기타 - 기타,승용,남,23세,상해없음,보행자,남,67세,경상
2021050100100147,2021년 5월 1일 11시,토요일,충청북도 제천시 신백동,경상사고,0,0,1,0,차대사람 - 길가장자리구역통행중,안전운전불이행,젖음/습기,비,단일로 - 기타,승용,남,55세,기타불명,보행자,여,41세,경상
2021050100100179,2021년 5월 1일 12시,토요일,충청북도 청주시 청원구 오창읍,중상사고,0,1,2,0,차대차 - 정면충돌,신호위반,건조,맑음,교차로 - 교차로안,승용,여,66세,경상,화물,남,67세,경상
2021050100100264,2021년 5월 1일 14시,토요일,충청북도 제천시 신월동,중상사고,0,1,1,0,차대차 - 측면충돌,신호위반,젖음/습기,비,교차로 - 교차로안,승용,남,76세,상해없음,승용,남,76세,경상
2021050100100265,2021년 5월 1일 14시,토요일,충청북도 청주시 흥덕구 가경동,경상사고,0,0,1,0,차대차 - 측면충돌,안전운전불이행,건조,맑음,단일로 - 기타,승용,남,67세,상해없음,승용,남,56세,경상
2021050100100266,2021년 5월 1일 14시,토요일,충청북도 청주시 흥덕구 옥산면,경상사고,0,0,1,0,차대차 - 측면충돌,안전운전불이행,건조,맑음,교차로 - 교차로안,승합,남,60세,상해없음,승용,여,26세,경상
2021050100100298,2021년 5월 1일 15시,토요일,충청북도 괴산군 사리면,경상사고,0,0,3,0,차대차 - 정면충돌,안전운전불이행,젖음/습기,흐림,교차로 - 교차로안,화물,남,53세,상해없음,승합,남,52세,경상
2021050100100329,2021년 5월 1일 16시,토요일,충청북도 청주시 서원구 분평동,경상사고,0,0,1,0,차대차 - 측면충돌,안전운전불이행,건조,맑음,교차로 - 교차로부근,승용,여,25세,상해없음,승용,남,70세,경상
2021050100100367,2021년 5월 1일 17시,토요일,충청북도 청주시 청원구 율량동,경상사고,0,0,1,0,차대차 - 기타,안전운전불이행,건조,맑음,기타 - 기타,원동기,남,30세,경상,승용,여,56세,상해없음
2021050100100402,2021년 5월 1일 18시,토요일,충청북도 청주시 상당구 수동,경상사고,0,0,1,0,차대차 - 기타,안전거리미확보,젖음/습기,비,단일로 - 기타,승용,남,28세,상해없음,이륜,남,19세,경상
2021050100100403,2021년 5월 1일 18시,토요일,충청북도 충주시 연수동,경상사고,0,0,1,0,차대차 - 추돌,안전운전불이행,건조,맑음,단일로 - 기타,승용,남,58세,상해없음,승용,남,51세,경상
2021050100100404,2021년 5월 1일 18시,토요일,충청북도 청주시 흥덕구 복대동,경상사고,0,0,1,0,차대차 - 측면충돌,안전운전불이행,건조,맑음,단일로 - 기타,승용,여,33세,상해없음,승용,남,19세,경상
2021050100100440,2021년 5월 1일 19시,토요일,충청북도 충주시 대소원면,경상사고,0,0,2,0,차대차 - 기타,안전운전불이행,건조,맑음,교차로 - 교차로안,승용,남,31세,경상,승용,여,63세,경상
2021050100100441,2021년 5월 1일 19시,토요일,충청북도 청주시 흥덕구 오송읍,중상사고,0,1,0,0,차대차 - 기타,안전거리미확보,건조,맑음,단일로 - 기타,승용,남,42세,상해없음,이륜,남,51세,중상
2021050100100442,2021년 5월 1일 19시,토요일,충청북도 청주시 상당구 용암동,부상신고사고,0,0,0,1,차량단독 - 공작물충돌,안전운전불이행,젖음/습기,흐림,단일로 - 기타,이륜,남,16세,부상신고,,,,
2021050100100497,2021년 5월 1일 21시,토요일,충청북도 청주시 청원구 오창읍,경상사고,0,0,1,0,차대차 - 기타,안전거리미확보,젖음/습기,비,단일로 - 기타,승용,남,55세,상해없음,승용,남,26세,상해없음
2021050100100498,2021년 5월 1일 21시,토요일,충청북도 괴산군 괴산읍,경상사고,0,0,2,0,차대차 - 추돌,안전운전불이행,건조,맑음,교차로 - 교차로부근,승용,남,38세,상해없음,승용,남,25세,경상
2021050100100551,2021년 5월 1일 23시,토요일,충청북도 청주시 흥덕구 복대동,경상사고,0,0,1,0,차대사람 - 기타,안전운전불이행,건조,맑음,교차로 - 교차로안,승용,남,37세,상해없음,보행자,남,39세,경상
2021050200100007,2021년 5월 2일 00시,일요일,충청북도 청주시 흥덕구 신촌동,중상사고,0,1,0,0,차대차 - 기타,안전운전불이행,건조,맑음,교차로 - 교차로부근,승용,남,28세,기타불명,승용,남,29세,중상
2021050200100024,2021년 5월 2일 02시,일요일,충청북도 청주시 흥덕구 비하동,경상사고,0,0,1,0,차대차 - 추돌,안전운전불이행,건조,맑음,교차로 - 교차로안,승용,남,36세,상해없음,승용,남,49세,경상
2021050200100029,2021년 5월 2일 03시,일요일,충청북도 충주시 대소원면,중상사고,0,1,0,0,차량단독 - 공작물충돌,안전운전불이행,젖음/습기,비,단일로 - 기타,승용,남,60세,상해없음,,,,
2021050200100030,2021년 5월 2일 03시,일요일,충청북도 보은군 보은읍,경상사고,0,0,1,0,차대차 - 측면충돌,안전운전불이행,건조,맑음,교차로 - 교차로부근,승용,여,40세,상해없음,승용,남,39세,경상
2021050200100037,2021년 5월 2일 04시,일요일,충청북도 청주시 청원구 사천동,중상사고,0,1,0,0,차대사람 - 차도통행중,안전운전불이행,젖음/습기,비,단일로 - 기타,승용,남,39세,상해없음,보행자,남,32세,중상
2021050200100062,2021년 5월 2일 08시,일요일,충청북도 진천군 진천읍,경상사고,0,0,1,0,차대차 - 추돌,안전거리미확보,건조,맑음,교차로 - 교차로부근,승용,남,31세,상해없음,승용,여,65세,경상
2021050200100101,2021년 5월 2일 10시,일요일,충청북도 단양군 매포읍,경상사고,0,0,1,0,차대차 - 측면충돌,안전운전불이행,건조,맑음,교차로 - 교차로부근,승용,남,32세,상해없음,승용,여,22세,경상
2021050200100128,2021년 5월 2일 11시,일요일,충청북도 보은군 내북면,사망사고,1,0,0,0,차량단독 - 기타,안전운전불이행,건조,맑음,단일로 - 기타,농기계,남,76세,사망,,,,
2021050200100129,2021년 5월 2일 11시,일요일,충청북도 청주시 흥덕구 가경동,경상사고,0,0,1,0,차대차 - 측면충돌,안전운전불이행,건조,맑음,교차로 - 교차로안,승용,남,40세,상해없음,승용,남,59세,상해없음
2021050200100158,2021년 5월 2일 12시,일요일,충청북도 청주시 흥덕구 복대동,경상사고,0,0,1,0,차대차 - 측면충돌,안전운전불이행,건조,맑음,기타 - 기타,승용,남,46세,상해없음,자전거,남,12세,경상
2021050200100193,2021년 5월 2일 13시,일요일,충청북도 충주시 성서동,경상사고,0,0,1,0,차대사람 - 횡단중,보행자보호의무위반,건조,맑음,교차로 - 교차로부근,승용,남,63세,상해없음,보행자,여,58세,경상
2021050200100194,2021년 5월 2일 13시,일요일,충청북도 충주시 교현동,경상사고,0,0,2,0,차대차 - 기타,직진우회전진행방해,건조,맑음,교차로 - 교차로안,화물,남,48세,상해없음,승용,남,29세,경상
2021050200100260,2021년 5월 2일 15시,일요일,충청북도 충주시 성서동,경상사고,0,0,1,0,차대차 - 추돌,안전운전불이행,건조,맑음,교차로 - 교차로안,승용,남,19세,상해없음,원동기,남,63세,경상
2021050200100297,2021년 5월 2일 16시,일요일,충청북도 청주시 서원구 수곡동,경상사고,0,0,1,0,차대차 - 측면충돌,안전운전불이행,건조,맑음,교차로 - 교차로안,이륜,남,48세,상해없음,승합,여,52세,경상
2021050200100405,2021년 5월 2일 20시,일요일,충청북도 청주시 청원구 율량동,중상사고,0,2,0,0,차대차 - 측면충돌,직진우회전진행방해,건조,맑음,교차로 - 교차로안,승용,여,23세,상해없음,승용,남,63세,중상
2021050200100406,2021년 5월 2일 20시,일요일,충청북도 청주시 상당구 서문동,중상사고,0,1,1,0,차대차 - 정면충돌,신호위반,건조,맑음,교차로 - 교차로안,승용,남,63세,상해없음,이륜,남,34세,중상
2021050200100427,2021년 5월 2일 21시,일요일,충청북도 괴산군 사리면,경상사고,0,0,2,0,차대차 - 측면충돌,직진우회전진행방해,건조,맑음,교차로 - 교차로안,승용,남,44세,상해없음,승용,남,63세,경상
2021050300100089,2021년 5월 3일 08시,월요일,충청북도 청주시 청원구 오창읍,중상사고,0,2,1,0,차대차 - 측면충돌,직진우회전진행방해,건조,맑음,교차로 - 교차로안,승용,여,43세,경상,승용,여,46세,중상
2021050300100090,2021년 5월 3일 08시,월요일,충청북도 청주시 청원구 오동동,경상사고,0,0,2,0,차대차 - 측면충돌,안전거리미확보,건조,맑음,교차로 - 교차로부근,승용,여,19세,상해없음,승용,여,41세,경상
2021050300100091,2021년 5월 3일 08시,월요일,충청북도 청주시 흥덕구 강내면,경상사고,0,0,2,0,차대차 - 추돌,안전거리미확보,건조,맑음,단일로 - 기타,승용,여,48세,상해없음,승용,남,25세,경상
2021050300100126,2021년 5월 3일 09시,월요일,충청북도 증평군 증평읍,부상신고사고,0,0,0,1,차대차 - 측면충돌,신호위반,건조,맑음,교차로 - 교차로안,이륜,남,75세,부상신고,승합,남,21세,상해없음
2021050300100167,2021년 5월 3일 10시,월요일,충청북도 청주시 청원구 율량동,중상사고,0,1,0,0,차대차 - 측면충돌,안전운전불이행,건조,맑음,교차로 - 교차로안,개인형이동수단(PM),남,60세,상해없음,이륜,남,33세,중상
2021050300100209,2021년 5월 3일 11시,월요일,충청북도 진천군 광혜원면,경상사고,0,0,1,0,차대차 - 측면충돌,직진우회전진행방해,건조,맑음,교차로 - 교차로안,농기계,남,76세,상해없음,승용,여,37세,경상
2021050300100210,2021년 5월 3일 11시,월요일,충청북도 청주시 흥덕구 강내면,중상사고,0,1,0,0,차대차 - 기타,안전운전불이행,건조,맑음,단일로 - 기타,기타불명,기타불명,미분류,기타불명,이륜,여,59세,중상
2021050300100254,2021년 5월 3일 12시,월요일,충청북도 청주시 서원구 모충동,경상사고,0,0,3,0,차대차 - 측면충돌,교차로운행방법위반,건조,맑음,교차로 - 교차로안,승용,남,21세,상해없음,승용,남,38세,경상
2021050300100290,2021년 5월 3일 13시,월요일,충청북도 진천군 이월면,경상사고,0,0,2,0,차대차 - 추돌,안전거리미확보,건조,맑음,단일로 - 기타,화물,남,42세,상해없음,승용,여,54세,경상
2021050300100291,2021년 5월 3일 13시,월요일,충청북도 청주시 흥덕구 복대동,중상사고,0,1,0,0,차대차 - 측면충돌,기타,건조,맑음,단일로 - 기타,승용,남,55세,상해없음,이륜,남,29세,중상
2021050300100371,2021년 5월 3일 15시,월요일,충청북도 청주시 서원구 모충동,중상사고,0,1,0,0,차대사람 - 횡단중,안전운전불이행,건조,맑음,단일로 - 지하차도(도로)내,승용,남,23세,상해없음,보행자,여,10세,중상
2021050300100372,2021년 5월 3일 15시,월요일,충청북도 충주시 앙성면,경상사고,0,0,5,1,차대차 - 추돌,안전운전불이행,건조,맑음,단일로 - 터널,화물,남,33세,경상,승용,남,25세,경상
2021050300100414,2021년 5월 3일 16시,월요일,충청북도 제천시 왕암동,경상사고,0,0,2,0,차대차 - 추돌,안전운전불이행,건조,맑음,단일로 - 지하차도(도로)내,승용,남,24세,상해없음,승용,여,55세,경상
2021050300100415,2021년 5월 3일 16시,월요일,충청북도 청주시 흥덕구 오송읍,경상사고,0,0,1,0,차대사람 - 횡단중,안전운전불이행,건조,맑음,단일로 - 기타,기타불명,기타불명,미분류,기타불명,보행자,여,29세,경상
2021050300100510,2021년 5월 3일 18시,월요일,충청북도 청주시 서원구 사창동,중상사고,0,1,0,0,차대사람 - 횡단중,중앙선침범,건조,맑음,단일로 - 기타,화물,남,59세,상해없음,보행자,여,42세,중상
2021050300100547,2021년 5월 3일 19시,월요일,충청북도 제천시 신월동,경상사고,0,0,1,0,차대차 - 측면충돌,안전운전불이행,건조,흐림,기타 - 기타,화물,남,42세,상해없음,개인형이동수단(PM),남,34세,경상
2021050300100548,2021년 5월 3일 19시,월요일,충청북도 증평군 증평읍,경상사고,0,0,1,0,차대차 - 측면충돌,안전운전불이행,건조,맑음,단일로 - 기타,특수,남,61세,상해없음,승용,남,66세,경상
2021050300100576,2021년 5월 3일 20시,월요일,충청북도 청주시 청원구 오창읍,중상사고,0,1,1,0,차대차 - 측면충돌,신호위반,건조,맑음,교차로 - 교차로부근,이륜,남,42세,중상,승용,여,28세,경상
2021050400100028,2021년 5월 4일 05시,화요일,충청북도 청주시 흥덕구 가경동,경상사고,0,0,1,0,차대차 - 측면충돌,안전운전불이행,건조,맑음,단일로 - 기타,승용,남,68세,경상,승용,남,75세,상해없음
2021050400100034,2021년 5월 4일 06시,화요일,충청북도 제천시 천남동,경상사고,0,0,1,0,차량단독 - 공작물충돌,안전운전불이행,젖음/습기,흐림,단일로 - 지하차도(도로)내,승용,여,20세,경상,,,,
2021050400100079,2021년 5월 4일 08시,화요일,충청북도 청주시 청원구 오동동,경상사고,0,0,1,0,차대차 - 측면충돌,안전거리미확보,건조,맑음,단일로 - 기타,승용,남,37세,상해없음,승용,여,65세,경상
2021050400100080,2021년 5월 4일 08시,화요일,충청북도 청주시 흥덕구 가경동,중상사고,0,1,0,0,차대사람 - 차도통행중,안전운전불이행,건조,맑음,단일로 - 기타,승용,남,34세,상해없음,보행자,남,59세,중상
2021050400100106,2021년 5월 4일 09시,화요일,충청북도 증평군 증평읍,경상사고,0,0,1,0,차대차 - 측면충돌,기타,건조,맑음,교차로 - 교차로안,이륜,남,81세,경상,승용,남,42세,상해없음
2021050400100107,2021년 5월 4일 09시,화요일,충청북도 청주시 흥덕구 봉명동,중상사고,0,1,0,0,차량단독 - 기타,안전운전불이행,건조,맑음,기타 - 기타,승합,남,53세,상해없음,,,,
2021050400100131,2021년 5월 4일 10시,화요일,충청북도 청주시 청원구 외남동,경상사고,0,0,2,0,차대차 - 기타,차로위반,건조,맑음,단일로 - 기타,승용,남,51세,상해없음,승용,여,43세,경상
2021050400100132,2021년 5월 4일 10시,화요일,충청북도 청주시 흥덕구 복대동,중상사고,0,1,0,0,차대차 - 기타,안전운전불이행,젖음/습기,비,교차로 - 교차로부근,승용,남,27세,상해없음,승합,남,55세,상해없음
2021050400100162,2021년 5월 4일 11시,화요일,충청북도 청주시 서원구 모충동,부상신고사고,0,0,0,1,차대차 - 측면충돌,교차로운행방법위반,건조,맑음,교차로 - 교차로안,원동기,남,64세,부상신고,승용,남,77세,상해없음
2021050400100183,2021년 5월 4일 12시,화요일,충청북도 증평군 증평읍,경상사고,0,0,1,0,차대차 - 측면충돌,안전운전불이행,건조,맑음,교차로 - 교차로안,승용,남,83세,상해없음,승용,남,47세,경상
2021050400100254,2021년 5월 4일 14시,화요일,충청북도 청주시 흥덕구 오송읍,경상사고,0,0,1,0,차대차 - 기타,안전거리미확보,건조,맑음,교차로 - 교차로부근,승용,남,50세,상해없음,건설기계,남,53세,상해없음
2021050400100255,2021년 5월 4일 14시,화요일,충청북도 청주시 상당구 금천동,중상사고,0,1,2,0,차대차 - 측면충돌,교차로운행방법위반,건조,맑음,교차로 - 교차로안,승합,여,41세,기타불명,승용,여,23세,경상
2021050400100297,2021년 5월 4일 15시,화요일,충청북도 청주시 서원구 죽림동,경상사고,0,0,1,0,차대사람 - 길가장자리구역통행중,안전운전불이행,건조,맑음,기타 - 기타,승용,여,59세,상해없음,보행자,남,34세,경상
2021050400100338,2021년 5월 4일 16시,화요일,충청북도 충주시 칠금동,경상사고,0,0,1,0,차대차 - 추돌,안전운전불이행,젖음/습기,비,교차로 - 교차로부근,승용,남,47세,기타불명,승용,남,50세,경상
2021050400100339,2021년 5월 4일 16시,화요일,충청북도 청주시 상당구 지북동,경상사고,0,0,1,0,차대차 - 추돌,안전운전불이행,건조,흐림,교차로 - 교차로부근,승용,남,34세,상해없음,승합,남,41세,상해없음
2021050400100424,2021년 5월 4일 18시,화요일,충청북도 청주시 청원구 내덕동,경상사고,0,0,1,0,차대차 - 기타,신호위반,건조,맑음,교차로 - 교차로안,승용,여,51세,상해없음,이륜,남,27세,경상
2021050400100425,2021년 5월 4일 18시,화요일,충청북도 음성군 음성읍,경상사고,0,0,1,0,차대차 - 측면충돌,안전운전불이행,젖음/습기,비,교차로 - 교차로안,승용,여,32세,상해없음,승용,여,30세,경상
2021050400100426,2021년 5월 4일 18시,화요일,충청북도 단양군 단양읍,중상사고,0,1,0,0,차대사람 - 횡단중,보행자보호의무위반,건조,맑음,교차로 - 교차로횡단보도내,승용,여,69세,상해없음,보행자,여,51세,중상
2021050400100427,2021년 5월 4일 18시,화요일,충청북도 청주시 흥덕구 복대동,경상사고,0,0,1,0,차대차 - 측면충돌,안전운전불이행,젖음/습기,흐림,기타 - 기타,이륜,남,28세,상해없음,승용,여,40세,경상
2021050400100544,2021년 5월 4일 20시,화요일,충청북도 충주시 교현동,경상사고,0,0,3,0,차대차 - 정면충돌,안전거리미확보,젖음/습기,흐림,교차로 - 교차로안,승용,남,54세,상해없음,승용,남,25세,경상
2021050400100660,2021년 5월 4일 22시,화요일,충청북도 청주시 청원구 내수읍,경상사고,0,0,1,0,차대사람 - 기타,안전운전불이행,젖음/습기,비,단일로 - 기타,승용,여,35세,상해없음,보행자,남,31세,경상
2021050400100661,2021년 5월 4일 22시,화요일,충청북도 제천시 고암동,경상사고,0,0,1,0,차대차 - 추돌,안전운전불이행,젖음/습기,비,기타 - 기타,승용,여,45세,경상,화물,남,41세,상해없음
2021050500100004,2021년 5월 5일 00시,수요일,충청북도 제천시 청전동,경상사고,0,0,1,0,차대차 - 추돌,안전운전불이행,젖음/습기,비,단일로 - 지하차도(도로)내,승용,여,46세,상해없음,승용,남,18세,상해없음
2021050500100005,2021년 5월 5일 00시,수요일,충청북도 진천군 덕산읍,경상사고,0,0,1,0,차대차 - 정면충돌,신호위반,건조,맑음,교차로 - 교차로안,승용,남,27세,상해없음,화물,남,58세,경상
2021050500100006,2021년 5월 5일 00시,수요일,충청북도 청주시 서원구 개신동,경상사고,0,0,1,0,차대차 - 기타,안전운전불이행,젖음/습기,비,단일로 - 기타,승용,여,50세,상해없음,승용,남,28세,경상
2021050500100059,2021년 5월 5일 06시,수요일,충청북도 청주시 서원구 모충동,경상사고,0,0,1,0,차대차 - 측면충돌,안전운전불이행,건조,맑음,교차로 - 교차로안,승용,남,31세,기타불명,승용,남,69세,경상
2021050500100074,2021년 5월 5일 08시,수요일,충청북도 제천시 고암동,중상사고,0,1,2,0,차대차 - 측면충돌,직진우회전진행방해,건조,맑음,교차로 - 교차로안,화물,남,71세,경상,화물,여,60세,중상
2021050500100091,2021년 5월 5일 09시,수요일,충청북도 보은군 보은읍,중상사고,0,1,3,0,차대차 - 측면충돌,교차로운행방법위반,건조,맑음,교차로 - 교차로안,이륜,남,60세,중상,승용,여,45세,경상
2021050500100116,2021년 5월 5일 10시,수요일,충청북도 충주시 문화동,경상사고,0,0,1,0,차대사람 - 기타,안전운전불이행,건조,맑음,단일로 - 기타,승용,남,79세,상해없음,보행자,여,50세,경상
2021050500100117,2021년 5월 5일 10시,수요일,충청북도 제천시 고명동,경상사고,0,0,2,0,차대차 - 추돌,안전거리미확보,건조,맑음,기타 - 기타,화물,남,58세,상해없음,화물,남,56세,경상
2021050500100118,2021년 5월 5일 10시,수요일,충청북도 증평군 증평읍,경상사고,0,0,2,0,차대차 - 추돌,안전운전불이행,건조,맑음,교차로 - 교차로부근,승용,남,24세,상해없음,승용,여,38세,경상
2021050500100186,2021년 5월 5일 12시,수요일,충청북도 충주시 신니면,중상사고,0,1,6,0,차대차 - 추돌,안전운전불이행,건조,맑음,단일로 - 기타,승용,남,42세,상해없음,승용,남,61세,경상
2021050500100187,2021년 5월 5일 12시,수요일,충청북도 진천군 진천읍,중상사고,0,1,0,0,차대차 - 측면충돌,신호위반,건조,맑음,교차로 - 교차로안,승용,남,61세,상해없음,승용,여,53세,중상
2021050500100188,2021년 5월 5일 12시,수요일,충청북도 청주시 흥덕구 강내면,경상사고,0,0,1,0,차대차 - 기타,신호위반,건조,맑음,교차로 - 교차로횡단보도내,승용,남,63세,상해없음,자전거,남,20세,경상
2021050500100189,2021년 5월 5일 12시,수요일,충청북도 청주시 흥덕구 봉명동,중상사고,0,3,2,0,차대차 - 측면충돌,안전거리미확보,건조,맑음,단일로 - 기타,승용,남,55세,중상,승용,남,29세,경상
2021050500100190,2021년 5월 5일 12시,수요일,충청북도 청주시 서원구 분평동,경상사고,0,0,1,0,차대차 - 측면충돌,교차로운행방법위반,건조,맑음,교차로 - 교차로부근,승용,남,32세,상해없음,이륜,남,45세,경상
2021050500100270,2021년 5월 5일 14시,수요일,충청북도 충주시 연수동,중상사고,0,1,0,0,차대차 - 정면충돌,중앙선침범,건조,맑음,단일로 - 기타,승용,남,44세,상해없음,승용,여,23세,중상
2021050500100271,2021년 5월 5일 14시,수요일,충청북도 청주시 흥덕구 강내면,경상사고,0,0,8,0,차대차 - 추돌,안전거리미확보,건조,맑음,단일로 - 기타,화물,남,63세,상해없음,승용,여,29세,경상
2021050500100318,2021년 5월 5일 15시,수요일,충청북도 청주시 서원구 성화동,경상사고,0,0,2,0,차대차 - 추돌,불법유턴,건조,맑음,교차로 - 교차로부근,승용,기타불명,미분류,기타불명,승용,여,25세,경상
2021050500100319,2021년 5월 5일 15시,수요일,충청북도 청주시 흥덕구 복대동,경상사고,0,0,1,0,차대차 - 추돌,안전운전불이행,건조,맑음,단일로 - 기타,자전거,남,6세,경상,승용,남,21세,상해없음
2021050500100354,2021년 5월 5일 16시,수요일,충청북도 충주시 살미면,경상사고,0,0,2,0,차대차 - 정면충돌,불법유턴,건조,맑음,단일로 - 기타,승용,여,40세,상해없음,특수,여,30세,경상
2021050500100355,2021년 5월 5일 16시,수요일,충청북도 제천시 하소동,경상사고,0,0,2,0,차대차 - 측면충돌,중앙선침범,건조,맑음,단일로 - 기타,승용,여,26세,상해없음,승용,남,29세,경상
2021050500100400,2021년 5월 5일 17시,수요일,충청북도 제천시 장락동,경상사고,0,0,1,0,차대차 - 측면충돌,차로위반,건조,맑음,기타 - 기타,승용,여,61세,상해없음,원동기,남,19세,경상
2021050500100401,2021년 5월 5일 17시,수요일,충청북도 괴산군 감물면,중상사고,0,1,0,0,차대차 - 측면충돌,중앙선침범,건조,맑음,단일로 - 기타,승용,여,65세,상해없음,승용,남,45세,중상
2021050500100402,2021년 5월 5일 17시,수요일,충청북도 보은군 탄부면,경상사고,0,0,5,0,차대차 - 추돌,안전운전불이행,건조,맑음,단일로 - 기타,승용,남,52세,상해없음,승용,남,47세,경상
2021050500100403,2021년 5월 5일 17시,수요일,충청북도 청주시 서원구 분평동,경상사고,0,0,3,0,차대차 - 측면충돌,기타,건조,맑음,교차로 - 교차로부근,화물,남,49세,상해없음,승용,남,71세,상해없음
2021050500100404,2021년 5월 5일 17시,수요일,충청북도 청주시 상당구 금천동,중상사고,0,1,0,0,차량단독 - 전도전복 - 전도,안전운전불이행,건조,맑음,단일로 - 기타,이륜,남,65세,중상,,,,
2021050500100475,2021년 5월 5일 19시,수요일,충청북도 청주시 청원구 오창읍,경상사고,0,0,1,0,차대차 - 기타,안전운전불이행,건조,맑음,교차로 - 교차로부근,승용,여,44세,상해없음,승용,여,29세,경상
2021050500100476,2021년 5월 5일 19시,수요일,충청북도 청주시 흥덕구 강서동,경상사고,0,0,1,0,차대차 - 측면충돌,신호위반,건조,맑음,교차로 - 교차로안,승합,남,57세,상해없음,이륜,남,37세,경상
2021050500100477,2021년 5월 5일 19시,수요일,충청북도 청주시 흥덕구 비하동,경상사고,0,0,1,0,차대차 - 기타,안전운전불이행,건조,맑음,교차로 - 교차로안,승용,남,51세,상해없음,이륜,남,18세,경상
2021050500100507,2021년 5월 5일 20시,수요일,충청북도 제천시 청전동,중상사고,0,1,0,0,차대차 - 측면충돌,신호위반,건조,맑음,교차로 - 교차로부근,승용,여,46세,상해없음,이륜,남,25세,중상
2021050500100508,2021년 5월 5일 20시,수요일,충청북도 청주시 흥덕구 봉명동,경상사고,0,0,1,0,차대차 - 기타,안전운전불이행,건조,맑음,교차로 - 교차로부근,승용,남,65세,상해없음,이륜,남,19세,경상
2021050500100509,2021년 5월 5일 20시,수요일,충청북도 청주시 흥덕구 옥산면,경상사고,0,0,1,0,차대차 - 측면충돌,직진우회전진행방해,건조,맑음,교차로 - 교차로안,승용,여,51세,기타불명,승용,남,62세,경상
2021050600100010,2021년 5월 6일 01시,목요일,충청북도 충주시 대소원면,경상사고,0,0,3,0,차대차 - 기타,안전운전불이행,건조,맑음,단일로 - 기타,승용,남,19세,경상,승용,여,48세,경상
2021050600100053,2021년 5월 6일 07시,목요일,충청북도 증평군 증평읍,중상사고,0,1,0,0,차대차 - 추돌,안전운전불이행,건조,맑음,교차로 - 교차로부근,승용,남,70세,상해없음,화물,남,49세,중상
2021050600100111,2021년 5월 6일 09시,목요일,충청북도 증평군 증평읍,경상사고,0,0,1,0,차대차 - 측면충돌,안전운전불이행,건조,맑음,단일로 - 기타,승용,남,46세,상해없음,승용,여,60세,경상
2021050600100112,2021년 5월 6일 09시,목요일,충청북도 청주시 상당구 용암동,경상사고,0,0,1,0,차대차 - 측면충돌,안전운전불이행,건조,맑음,단일로 - 기타,승용,남,50세,상해없음,승용,여,36세,경상
2021050600100147,2021년 5월 6일 10시,목요일,충청북도 보은군 보은읍,경상사고,0,0,1,0,차대차 - 측면충돌,교차로운행방법위반,건조,맑음,교차로 - 교차로안,이륜,남,79세,상해없음,승용,여,29세,상해없음
2021050600100148,2021년 5월 6일 10시,목요일,충청북도 청주시 흥덕구 옥산면,경상사고,0,0,3,0,차대차 - 측면충돌,안전운전불이행,건조,맑음,교차로 - 교차로부근,화물,남,53세,상해없음,승용,남,52세,상해없음
2021050600100183,2021년 5월 6일 11시,목요일,충청북도 청주시 흥덕구 운천동,경상사고,0,0,2,0,차대차 - 측면충돌,안전운전불이행,건조,맑음,교차로 - 교차로안,승용,남,46세,상해없음,개인형이동수단(PM),남,13세,경상
2021050600100209,2021년 5월 6일 12시,목요일,충청북도 제천시 강제동,경상사고,0,0,2,0,차대차 - 측면충돌,신호위반,건조,맑음,단일로 - 지하차도(도로)내,이륜,남,53세,경상,화물,남,74세,상해없음
2021050600100210,2021년 5월 6일 12시,목요일,충청북도 청주시 흥덕구 석곡동,경상사고,0,0,1,0,차대차 - 측면충돌,안전운전불이행,건조,맑음,교차로 - 교차로부근,승용,여,34세,상해없음,승용,남,44세,경상
2021050600100270,2021년 5월 6일 14시,목요일,충청북도 청주시 흥덕구 강내면,경상사고,0,0,1,0,차대차 - 기타,교차로운행방법위반,건조,맑음,교차로 - 교차로횡단보도내,승용,여,52세,상해없음,자전거,남,9세,경상
2021050600100309,2021년 5월 6일 15시,목요일,충청북도 청주시 흥덕구 가경동,경상사고,0,0,1,0,차대차 - 측면충돌,안전운전불이행,건조,맑음,기타 - 기타,승용,여,27세,상해없음,개인형이동수단(PM),남,18세,경상
2021050600100310,2021년 5월 6일 15시,목요일,충청북도 청주시 흥덕구 봉명동,경상사고,0,0,1,0,차대차 - 측면충돌,안전운전불이행,건조,맑음,교차로 - 교차로안,자전거,여,34세,경상,승합,남,65세,상해없음
2021050600100341,2021년 5월 6일 16시,목요일,충청북도 진천군 덕산읍,경상사고,0,0,1,0,차대차 - 측면충돌,교차로운행방법위반,건조,맑음,교차로 - 교차로안,승합,남,49세,경상,화물,남,62세,상해없음
2021050600100372,2021년 5월 6일 17시,목요일,충청북도 음성군 금왕읍,중상사고,0,2,1,0,차대차 - 정면충돌,신호위반,건조,맑음,교차로 - 교차로안,승용,남,52세,경상,화물,남,59세,중상
2021050600100414,2021년 5월 6일 18시,목요일,충청북도 청주시 서원구 사직동,경상사고,0,0,1,0,차대사람 - 길가장자리구역통행중,안전운전불이행,건조,맑음,단일로 - 기타,승용,남,62세,상해없음,보행자,여,60세,경상