사고번호,사고일시,요일,시군구,사고내용,사망자수,중상자수,경상자수,부상신고자수,사고유형,법규위반,노면상태,기상상태,도로형태,가해운전자 차종,가해운전자 성별,가해운전자 연령,가해운전자 상해정도,피해운전자 차종,피해운전자 성별,피해운전자 연령,피해운전자 상해정도
2021051600100168,2021년 5월 16일 13시,일요일,충청북도 청주시 흥덕구 송절동,경상사고,0,0,2,0,차대차 - 추돌,안전운전불이행,젖음/습기,비,단일로 - 기타,화물,남,47세,상해없음,승용,여,61세,경상
2021051600100169,2021년 5월 16일 13시,일요일,충청북도 청주시 서원구 미평동,경상사고,0,0,2,0,차대차 - 추돌,안전운전불이행,젖음/습기,비,교차로 - 교차로안,승용,남,56세,상해없음,승용,여,54세,경상
2021051600100204,2021년 5월 16일 14시,일요일,충청북도 청주시 청원구 오창읍,중상사고,0,1,0,0,차대차 - 기타,안전거리미확보,젖음/습기,비,교차로 - 교차로부근,승용,남,65세,상해없음,이륜,남,40세,중상
2021051600100205,2021년 5월 16일 14시,일요일,충청북도 충주시 문화동,경상사고,0,0,2,0,차대차 - 측면충돌,안전거리미확보,젖음/습기,비,교차로 - 교차로안,승합,남,33세,상해없음,승용,여,24세,경상
2021051600100262,2021년 5월 16일 16시,일요일,충청북도 청주시 흥덕구 오송읍,경상사고,0,0,1,0,차대차 - 추돌,신호위반,젖음/습기,비,교차로 - 교차로안,이륜,남,26세,경상,승용,남,65세,상해없음
2021051600100283,2021년 5월 16일 17시,일요일,충청북도 충주시 문화동,경상사고,0,0,1,0,차대차 - 추돌,안전운전불이행,젖음/습기,비,단일로 - 기타,승용,남,48세,상해없음,승용,여,34세,경상
2021051600100284,2021년 5월 16일 17시,일요일,충청북도 충주시 성내동,경상사고,0,0,1,0,차대차 - 정면충돌,안전거리미확보,젖음/습기,비,교차로 - 교차로안,승용,남,64세,상해없음,승용,남,22세,경상
2021051600100339,2021년 5월 16일 19시,일요일,충청북도 제천시 왕암동,중상사고,0,2,1,0,차대차 - 정면충돌,중앙선침범,젖음/습기,비,기타 - 기타,승용,남,25세,경상,승용,남,63세,중상
2021051600100372,2021년 5월 16일 20시,일요일,충청북도 충주시 봉방동,경상사고,0,0,1,0,차대사람 - 기타,안전운전불이행,젖음/습기,비,교차로 - 교차로안,승용,여,34세,상해없음,보행자,남,54세,경상
2021051600100373,2021년 5월 16일 20시,일요일,충청북도 제천시 하소동,중상사고,0,1,0,0,차대사람 - 차도통행중,안전운전불이행,젖음/습기,비,교차로 - 교차로안,화물,남,63세,상해없음,보행자,여,54세,중상
2021051600100374,2021년 5월 16일 20시,일요일,충청북도 증평군 증평읍,중상사고,0,2,0,0,차대차 - 추돌,안전운전불이행,젖음/습기,비,교차로 - 교차로부근,승용,여,34세,상해없음,승용,남,31세,중상
2021051600100375,2021년 5월 16일 20시,일요일,충청북도 진천군 진천읍,경상사고,0,0,1,0,차대사람 - 횡단중,보행자보호의무위반,젖음/습기,비,교차로 - 교차로안,승용,남,54세,상해없음,보행자,남,30세,경상
2021051600100451,2021년 5월 16일 23시,일요일,충청북도 음성군 금왕읍,중상사고,0,1,0,0,차량단독 - 도로외이탈 - 추락,안전운전불이행,젖음/습기,비,단일로 - 기타,승용,남,60세,중상,,,,
2021051600100452,2021년 5월 16일 23시,일요일,충청북도 청주시 상당구 용암동,중상사고,0,1,0,0,차대차 - 측면충돌,신호위반,젖음/습기,비,교차로 - 교차로안,승용,여,29세,상해없음,승용,여,25세,중상
2021051700100006,2021년 5월 17일 00시,월요일,충청북도 충주시 대소원면,경상사고,0,0,1,0,차대차 - 측면충돌,신호위반,젖음/습기,비,교차로 - 교차로안,승용,남,22세,상해없음,특수,남,38세,경상
2021051700100007,2021년 5월 17일 00시,월요일,충청북도 청주시 상당구 용암동,중상사고,0,1,0,0,차대차 - 추돌,안전운전불이행,젖음/습기,비,교차로 - 교차로부근,승용,남,31세,상해없음,승용,남,29세,중상
2021051700100012,2021년 5월 17일 01시,월요일,충청북도 충주시 중앙탑면,경상사고,0,0,1,0,차대차 - 기타,교차로운행방법위반,젖음/습기,비,교차로 - 교차로안,승용,여,55세,상해없음,승용,남,56세,경상
2021051700100013,2021년 5월 17일 01시,월요일,충청북도 충주시 대소원면,경상사고,0,0,1,0,차대차 - 추돌,안전운전불이행,젖음/습기,비,기타 - 기타,승용,남,21세,상해없음,승용,남,32세,경상
2021051700100061,2021년 5월 17일 07시,월요일,충청북도 청주시 청원구 오동동,경상사고,0,0,6,0,차대차 - 기타,직진우회전진행방해,젖음/습기,비,교차로 - 교차로안,승용,남,41세,상해없음,승용,남,62세,경상
2021051700100141,2021년 5월 17일 10시,월요일,충청북도 청주시 청원구 율량동,중상사고,0,1,0,0,차대사람 - 기타,안전운전불이행,젖음/습기,비,단일로 - 기타,승합,남,38세,상해없음,보행자,여,76세,중상
2021051700100142,2021년 5월 17일 10시,월요일,충청북도 제천시 중앙로2가,경상사고,0,0,2,0,차대차 - 추돌,안전거리미확보,건조,맑음,교차로 - 교차로안,승용,남,76세,상해없음,승용,남,51세,경상
2021051700100170,2021년 5월 17일 11시,월요일,충청북도 제천시 명지동,경상사고,0,0,1,0,차대차 - 측면충돌,안전거리미확보,젖음/습기,비,교차로 - 교차로부근,승용,남,69세,상해없음,승용,남,53세,경상
2021051700100192,2021년 5월 17일 12시,월요일,충청북도 청주시 청원구 정상동,사망사고,1,0,0,0,차량단독 - 기타,안전운전불이행,젖음/습기,비,단일로 - 기타,사륜오토바이(ATV),남,71세,사망,,,,
2021051700100251,2021년 5월 17일 14시,월요일,충청북도 충주시 연수동,경상사고,0,0,1,0,차대차 - 기타,직진우회전진행방해,건조,맑음,교차로 - 교차로안,화물,남,62세,상해없음,승용,남,43세,경상
2021051700100286,2021년 5월 17일 15시,월요일,충청북도 청주시 청원구 사천동,경상사고,0,0,1,0,차대차 - 측면충돌,직진우회전진행방해,건조,맑음,교차로 - 교차로안,자전거,남,12세,경상,화물,남,29세,상해없음
2021051700100287,2021년 5월 17일 15시,월요일,충청북도 청주시 상당구 용암동,경상사고,0,0,1,0,차대차 - 기타,안전거리미확보,젖음/습기,비,교차로 - 교차로부근,화물,남,39세,상해없음,승용,여,31세,경상
2021051700100318,2021년 5월 17일 16시,월요일,충청북도 충주시 중앙탑면,경상사고,0,0,1,0,차대차 - 측면충돌,안전거리미확보,젖음/습기,비,단일로 - 기타,승용,남,65세,상해없음,특수,남,60세,경상
2021051700100319,2021년 5월 17일 16시,월요일,충청북도 청주시 상당구 가덕면,경상사고,0,0,1,0,차대차 - 측면충돌,교차로운행방법위반,건조,맑음,교차로 - 교차로안,승용,여,34세,상해없음,승합,남,47세,경상
2021051700100353,2021년 5월 17일 17시,월요일,충청북도 제천시 금성면,중상사고,0,1,1,0,차대차 - 기타,안전운전불이행,젖음/습기,비,단일로 - 기타,승용,여,59세,상해없음,승용,남,50세,중상
2021051700100397,2021년 5월 17일 18시,월요일,충청북도 청주시 서원구 사창동,경상사고,0,0,2,0,차대차 - 기타,안전운전불이행,젖음/습기,비,단일로 - 기타,승용,남,55세,상해없음,승용,남,29세,경상
2021051700100398,2021년 5월 17일 18시,월요일,충청북도 증평군 증평읍,경상사고,0,0,1,0,차대사람 - 횡단중,안전운전불이행,건조,맑음,교차로 - 교차로안,이륜,남,22세,기타불명,보행자,여,6세,경상
2021051700100399,2021년 5월 17일 18시,월요일,충청북도 청주시 흥덕구 봉명동,경상사고,0,0,2,0,차대차 - 측면충돌,안전운전불이행,건조,맑음,단일로 - 기타,승용,남,55세,상해없음,승용,남,71세,기타불명
2021051700100428,2021년 5월 17일 19시,월요일,충청북도 제천시 신백동,경상사고,0,0,1,0,차대차 - 측면충돌,기타,젖음/습기,흐림,교차로 - 교차로안,이륜,남,48세,경상,승용,남,42세,상해없음
2021051700100429,2021년 5월 17일 19시,월요일,충청북도 청주시 상당구 용암동,경상사고,0,0,1,0,차대차 - 후진중충돌,안전운전불이행,젖음/습기,비,교차로 - 교차로안,승용,남,73세,상해없음,승용,남,41세,경상
2021051700100457,2021년 5월 17일 20시,월요일,충청북도 충주시 대소원면,경상사고,0,0,1,0,차대차 - 측면충돌,안전거리미확보,건조,맑음,단일로 - 기타,화물,남,22세,상해없음,승용,남,24세,경상
2021051700100458,2021년 5월 17일 20시,월요일,충청북도 단양군 매포읍,경상사고,0,0,1,0,차대차 - 측면충돌,안전운전불이행,젖음/습기,비,기타 - 기타,건설기계,남,59세,상해없음,승용,여,43세,경상
2021051700100490,2021년 5월 17일 21시,월요일,충청북도 음성군 원남면,경상사고,0,0,2,0,차대차 - 추돌,안전운전불이행,건조,맑음,교차로 - 교차로부근,승용,남,40세,상해없음,승합,남,47세,경상
2021051700100491,2021년 5월 17일 21시,월요일,충청북도 청주시 흥덕구 가경동,중상사고,0,2,0,0,차대사람 - 횡단중,보행자보호의무위반,건조,맑음,교차로 - 교차로안,이륜,남,52세,상해없음,보행자,남,57세,중상
2021051700100519,2021년 5월 17일 22시,월요일,충청북도 청주시 청원구 오창읍,중상사고,0,1,0,0,차대차 - 기타,안전운전불이행,젖음/습기,흐림,단일로 - 기타,이륜,남,58세,중상,승용,남,36세,상해없음
2021051800100005,2021년 5월 18일 00시,화요일,충청북도 청주시 서원구 개신동,부상신고사고,0,0,0,1,차량단독 - 기타,안전운전불이행,건조,맑음,단일로 - 기타,승용,여,24세,부상신고,,,,
2021051800100015,2021년 5월 18일 01시,화요일,충청북도 청주시 서원구 남이면,중상사고,0,1,0,0,차대차 - 측면충돌,안전운전불이행,건조,맑음,단일로 - 기타,화물,남,54세,상해없음,화물,남,65세,중상
2021051800100079,2021년 5월 18일 08시,화요일,충청북도 충주시 대소원면,경상사고,0,0,2,0,차대차 - 측면충돌,직진우회전진행방해,건조,맑음,교차로 - 교차로안,화물,남,59세,경상,승용,여,20세,경상
2021051800100080,2021년 5월 18일 08시,화요일,충청북도 제천시 강제동,경상사고,0,0,3,0,차대차 - 측면충돌,안전운전불이행,건조,맑음,교차로 - 교차로안,승용,여,23세,경상,화물,남,31세,경상
2021051800100110,2021년 5월 18일 09시,화요일,충청북도 충주시 종민동,중상사고,0,1,0,0,차대차 - 기타,안전운전불이행,건조,맑음,교차로 - 교차로안,승용,남,70세,상해없음,자전거,남,53세,중상
2021051800100111,2021년 5월 18일 09시,화요일,충청북도 괴산군 괴산읍,경상사고,0,0,3,0,차대차 - 측면충돌,신호위반,건조,맑음,교차로 - 교차로안,승용,남,80세,상해없음,승합,남,55세,경상
2021051800100136,2021년 5월 18일 10시,화요일,충청북도 청주시 청원구 오창읍,경상사고,0,0,2,0,차대차 - 기타,교차로운행방법위반,건조,맑음,교차로 - 교차로안,화물,남,54세,상해없음,승용,남,26세,경상
2021051800100137,2021년 5월 18일 10시,화요일,충청북도 청주시 서원구 사창동,중상사고,0,1,0,0,차대차 - 기타,안전거리미확보,건조,맑음,교차로 - 교차로부근,승용,남,75세,상해없음,승합,남,57세,상해없음
2021051800100138,2021년 5월 18일 10시,화요일,충청북도 제천시 명동,경상사고,0,0,1,0,차대차 - 측면충돌,교차로운행방법위반,건조,맑음,교차로 - 교차로안,승용,여,61세,상해없음,승용,여,58세,경상
2021051800100158,2021년 5월 18일 11시,화요일,충청북도 청주시 청원구 주중동,경상사고,0,0,1,0,차대차 - 기타,안전운전불이행,건조,맑음,교차로 - 교차로안,화물,남,45세,상해없음,승용,남,34세,경상
2021051800100159,2021년 5월 18일 11시,화요일,충청북도 진천군 진천읍,경상사고,0,0,1,0,차대차 - 기타,중앙선침범,건조,맑음,기타 - 기타,승용,여,52세,상해없음,승용,남,42세,경상
2021051800100185,2021년 5월 18일 12시,화요일,충청북도 괴산군 칠성면,경상사고,0,0,2,0,차대차 - 추돌,기타,건조,맑음,단일로 - 기타,승용,여,24세,경상,화물,남,31세,경상
2021051800100186,2021년 5월 18일 12시,화요일,충청북도 청주시 서원구 성화동,중상사고,0,1,0,0,차대차 - 측면충돌,안전운전불이행,건조,맑음,단일로 - 기타,승용,남,61세,상해없음,자전거,남,53세,중상
2021051800100220,2021년 5월 18일 13시,화요일,충청북도 증평군 증평읍,중상사고,0,1,0,0,차대사람 - 기타,안전운전불이행,건조,맑음,단일로 - 기타,화물,남,78세,상해없음,보행자,남,77세,중상
2021051800100221,2021년 5월 18일 13시,화요일,충청북도 청주시 서원구 모충동,중상사고,0,1,0,0,차대차 - 정면충돌,안전운전불이행,건조,맑음,교차로 - 교차로횡단보도내,승용,남,55세,상해없음,자전거,남,76세,중상
2021051800100222,2021년 5월 18일 13시,화요일,충청북도 보은군 장안면,중상사고,0,1,0,0,차대차 - 추돌,안전거리미확보,건조,맑음,단일로 - 지하차도(도로)내,승용,여,51세,상해없음,승용,남,47세,중상
2021051800100256,2021년 5월 18일 14시,화요일,충청북도 청주시 상당구 남일면,중상사고,0,1,0,0,차대차 - 측면충돌,안전운전불이행,건조,맑음,단일로 - 기타,이륜,남,85세,중상,화물,남,51세,상해없음
2021051800100306,2021년 5월 18일 15시,화요일,충청북도 청주시 서원구 현도면,중상사고,0,1,0,0,차대차 - 측면충돌,안전운전불이행,건조,맑음,교차로 - 교차로안,자전거,여,53세,중상,화물,남,72세,상해없음
2021051800100349,2021년 5월 18일 16시,화요일,충청북도 충주시 엄정면,부상신고사고,0,0,0,1,차대차 - 추돌,안전운전불이행,건조,맑음,단일로 - 교량,화물,남,71세,부상신고,건설기계,남,65세,상해없음
2021051800100350,2021년 5월 18일 16시,화요일,충청북도 충주시 산척면,경상사고,0,0,4,0,차대차 - 추돌,안전거리미확보,건조,맑음,교차로 - 교차로부근,건설기계,남,36세,상해없음,승합,남,55세,경상
2021051800100439,2021년 5월 18일 18시,화요일,충청북도 청주시 흥덕구 가경동,경상사고,0,0,1,0,차대사람 - 횡단중,보행자보호의무위반,건조,맑음,교차로 - 교차로안,승용,여,54세,상해없음,보행자,남,72세,경상
2021051800100521,2021년 5월 18일 20시,화요일,충청북도 청주시 상당구 석교동,중상사고,0,1,0,0,차대차 - 측면충돌,신호위반,건조,맑음,교차로 - 교차로안,승합,남,47세,상해없음,승용,남,43세,중상
2021051800100560,2021년 5월 18일 21시,화요일,충청북도 청주시 서원구 모충동,중상사고,0,1,0,0,차대차 - 측면충돌,안전운전불이행,건조,맑음,교차로 - 교차로안,승용,여,53세,상해없음,이륜,남,28세,중상
2021051800100584,2021년 5월 18일 22시,화요일,충청북도 충주시 교현동,중상사고,0,1,0,0,차대차 - 기타,직진우회전진행방해,건조,맑음,교차로 - 교차로안,이륜,남,66세,중상,이륜,남,26세,상해없음
2021051800100585,2021년 5월 18일 22시,화요일,충청북도 제천시 의림동,중상사고,0,1,0,0,차대차 - 정면충돌,직진우회전진행방해,건조,맑음,교차로 - 교차로안,승용,남,25세,중상,승용,남,48세,상해없음
2021051900100016,2021년 5월 19일 01시,수요일,충청북도 청주시 청원구 내덕동,경상사고,0,0,1,0,차대차 - 기타,안전운전불이행,건조,맑음,교차로 - 교차로부근,승용,남,48세,상해없음,승용,남,51세,경상
2021051900100064,2021년 5월 19일 07시,수요일,충청북도 충주시 칠금동,중상사고,0,1,0,0,차대차 - 측면충돌,안전거리미확보,건조,맑음,단일로 - 기타,화물,남,46세,상해없음,승용,남,29세,중상
2021051900100103,2021년 5월 19일 09시,수요일,충청북도 청주시 서원구 모충동,경상사고,0,0,1,0,차대사람 - 횡단중,안전운전불이행,건조,맑음,교차로 - 교차로안,승용,남,31세,상해없음,보행자,여,62세,경상
2021051900100132,2021년 5월 19일 10시,수요일,충청북도 청주시 흥덕구 옥산면,중상사고,0,1,0,0,차대차 - 측면충돌,안전운전불이행,건조,맑음,교차로 - 교차로부근,승용,여,49세,상해없음,이륜,남,83세,중상
2021051900100133,2021년 5월 19일 10시,수요일,충청북도 청주시 서원구 남이면,경상사고,0,0,4,0,차대차 - 측면충돌,안전거리미확보,건조,맑음,교차로 - 교차로부근,승용,여,34세,경상,승용,남,49세,경상
2021051900100134,2021년 5월 19일 10시,수요일,충청북도 청주시 흥덕구 송정동,경상사고,0,0,1,0,차대차 - 측면충돌,안전운전불이행,건조,맑음,교차로 - 교차로안,화물,남,56세,상해없음,승용,남,53세,경상
2021051900100207,2021년 5월 19일 12시,수요일,충청북도 청주시 상당구 용담동,중상사고,0,1,0,0,차대차 - 측면충돌,안전운전불이행,건조,맑음,교차로 - 교차로횡단보도내,승용,여,61세,상해없음,자전거,남,13세,중상
2021051900100245,2021년 5월 19일 13시,수요일,충청북도 청주시 흥덕구 옥산면,경상사고,0,0,1,0,차대차 - 추돌,안전운전불이행,건조,맑음,교차로 - 교차로부근,화물,남,74세,상해없음,승용,남,61세,경상
2021051900100277,2021년 5월 19일 14시,수요일,충청북도 청주시 청원구 오창읍,중상사고,0,2,0,0,차대차 - 측면충돌,안전거리미확보,건조,맑음,단일로 - 기타,건설기계,남,53세,상해없음,승용,여,42세,중상
2021051900100278,2021년 5월 19일 14시,수요일,충청북도 충주시 산척면,중상사고,0,1,0,0,차대차 - 측면충돌,안전운전불이행,건조,맑음,단일로 - 기타,화물,남,59세,기타불명,승용,여,50세,중상
2021051900100279,2021년 5월 19일 14시,수요일,충청북도 제천시 청전동,중상사고,0,1,2,0,차대차 - 추돌,안전운전불이행,건조,맑음,기타 - 기타,이륜,남,22세,중상,승용,남,34세,경상
2021051900100280,2021년 5월 19일 14시,수요일,충청북도 청주시 서원구 성화동,경상사고,0,0,1,1,차대차 - 측면충돌,안전운전불이행,건조,맑음,교차로 - 교차로부근,승용,여,65세,부상신고,승용,남,61세,경상
2021051900100315,2021년 5월 19일 15시,수요일,충청북도 진천군 진천읍,중상사고,0,1,0,0,차대차 - 측면충돌,중앙선침범,건조,맑음,단일로 - 기타,화물,남,47세,상해없음,농기계,남,73세,중상
2021051900100339,2021년 5월 19일 16시,수요일,충청북도 진천군 초평면,사망사고,1,0,0,0,차대차 - 추돌,안전거리미확보,건조,맑음,단일로 - 기타,화물,남,42세,상해없음,이륜,남,39세,사망
2021051900100386,2021년 5월 19일 17시,수요일,충청북도 충주시 문화동,중상사고,0,3,1,0,차대차 - 추돌,안전운전불이행,건조,맑음,교차로 - 교차로안,승용,남,25세,경상,승용,여,40세,상해없음
2021051900100483,2021년 5월 19일 20시,수요일,충청북도 충주시 종민동,경상사고,0,0,1,0,차대차 - 측면충돌,중앙선침범,건조,흐림,단일로 - 기타,승용,남,53세,상해없음,승용,남,51세,경상
2021051900100484,2021년 5월 19일 20시,수요일,충청북도 제천시 신월동,경상사고,0,0,1,0,차대사람 - 기타,안전운전불이행,건조,맑음,주차장 - 주차장,승용,남,39세,상해없음,보행자,여,23세,경상
2021051900100502,2021년 5월 19일 21시,수요일,충청북도 청주시 서원구 성화동,경상사고,0,0,2,0,차대차 - 측면충돌,안전운전불이행,건조,맑음,단일로 - 기타,승용,여,49세,상해없음,승용,남,30세,경상
2021051900100519,2021년 5월 19일 22시,수요일,충청북도 청주시 청원구 오창읍,경상사고,0,0,1,0,차대차 - 기타,안전거리미확보,건조,맑음,단일로 - 기타,화물,남,40세,경상,화물,남,48세,기타불명
2021051900100520,2021년 5월 19일 22시,수요일,충청북도 청주시 청원구 오창읍,경상사고,0,0,1,0,차대차 - 기타,신호위반,건조,맑음,교차로 - 교차로안,승용,여,32세,상해없음,승용,남,22세,경상
2021052000100021,2021년 5월 20일 04시,목요일,충청북도 충주시 중앙탑면,경상사고,0,0,3,0,차대차 - 기타,신호위반,건조,맑음,교차로 - 교차로안,승용,남,40세,상해없음,승용,여,22세,경상
2021052000100214,2021년 5월 20일 13시,목요일,충청북도 충주시 주덕읍,사망사고,1,0,0,0,차량단독 - 전도전복 - 전도,안전운전불이행,건조,흐림,단일로 - 기타,농기계,남,79세,사망,,,,
2021052000100215,2021년 5월 20일 13시,목요일,충청북도 청주시 흥덕구 복대동,경상사고,0,0,1,0,차대차 - 추돌,안전운전불이행,젖음/습기,비,교차로 - 교차로부근,화물,남,63세,상해없음,승용,여,65세,경상
2021052000100216,2021년 5월 20일 13시,목요일,충청북도 청주시 상당구 용담동,경상사고,0,0,3,0,차대차 - 정면충돌,교차로운행방법위반,젖음/습기,비,교차로 - 교차로안,승용,여,60세,상해없음,승용,남,70세,경상
2021052000100246,2021년 5월 20일 14시,목요일,충청북도 괴산군 감물면,경상사고,0,0,1,0,차대차 - 정면충돌,중앙선침범,젖음/습기,비,단일로 - 기타,화물,남,72세,상해없음,승용,남,50세,경상
2021052000100247,2021년 5월 20일 14시,목요일,충청북도 청주시 흥덕구 복대동,경상사고,0,0,1,0,차대차 - 기타,안전거리미확보,젖음/습기,비,교차로 - 교차로부근,화물,남,31세,상해없음,승용,여,54세,경상
2021052000100248,2021년 5월 20일 14시,목요일,충청북도 청주시 흥덕구 복대동,경상사고,0,0,2,1,차대차 - 추돌,안전운전불이행,젖음/습기,흐림,단일로 - 기타,승용,여,60세,상해없음,승용,여,36세,부상신고
2021052000100300,2021년 5월 20일 16시,목요일,충청북도 청주시 서원구 사직동,경상사고,0,0,4,0,차대차 - 측면충돌,안전거리미확보,젖음/습기,비,단일로 - 기타,승합,남,61세,상해없음,승용,남,24세,경상
2021052000100301,2021년 5월 20일 16시,목요일,충청북도 청주시 흥덕구 복대동,부상신고사고,0,0,0,1,차대차 - 측면충돌,안전운전불이행,건조,맑음,교차로 - 교차로안,이륜,남,27세,부상신고,승용,여,54세,상해없음
2021052000100350,2021년 5월 20일 17시,목요일,충청북도 음성군 대소면,경상사고,0,0,1,0,차대차 - 측면충돌,중앙선침범,젖음/습기,비,교차로 - 교차로부근,승용,남,62세,상해없음,화물,남,54세,경상
2021052000100351,2021년 5월 20일 17시,목요일,충청북도 청주시 흥덕구 봉명동,경상사고,0,0,1,0,차대차 - 측면충돌,안전운전불이행,젖음/습기,흐림,교차로 - 교차로안,승용,남,46세,상해없음,이륜,남,38세,경상
2021052000100376,2021년 5월 20일 18시,목요일,충청북도 음성군 금왕읍,중상사고,0,2,1,0,차대차 - 측면충돌,교차로운행방법위반,건조,맑음,교차로 - 교차로안,승합,여,53세,경상,승합,남,74세,중상
2021052000100377,2021년 5월 20일 18시,목요일,충청북도 진천군 광혜원면,경상사고,0,0,4,0,차대차 - 측면충돌,안전운전불이행,젖음/습기,비,단일로 - 기타,승용,여,22세,기타불명,승용,여,28세,경상
2021052000100421,2021년 5월 20일 19시,목요일,충청북도 청주시 청원구 율량동,경상사고,0,0,2,0,차대사람 - 기타,안전운전불이행,젖음/습기,흐림,교차로 - 교차로안,승용,남,22세,상해없음,보행자,여,27세,경상
2021052000100422,2021년 5월 20일 19시,목요일,충청북도 청주시 흥덕구 복대동,경상사고,0,0,1,0,차대차 - 측면충돌,안전운전불이행,젖음/습기,비,단일로 - 기타,승용,여,31세,상해없음,승용,남,27세,경상
2021052000100423,2021년 5월 20일 19시,목요일,충청북도 청주시 흥덕구 비하동,경상사고,0,0,2,0,차대차 - 기타,신호위반,젖음/습기,비,교차로 - 교차로안,승용,남,68세,상해없음,승용,남,25세,경상
2021052000100424,2021년 5월 20일 19시,목요일,충청북도 청주시 서원구 개신동,부상신고사고,0,0,0,1,차대차 - 기타,교차로운행방법위반,젖음/습기,비,교차로 - 교차로안,이륜,남,22세,부상신고,승용,여,51세,상해없음
2021052000100544,2021년 5월 20일 22시,목요일,충청북도 충주시 교현동,중상사고,0,1,0,0,차대사람 - 기타,안전운전불이행,건조,맑음,교차로 - 교차로부근,승용,남,63세,상해없음,보행자,남,51세,중상
2021052000100545,2021년 5월 20일 22시,목요일,충청북도 음성군 삼성면,중상사고,0,1,0,0,차대사람 - 기타,안전운전불이행,젖음/습기,비,단일로 - 기타,화물,남,30세,상해없음,보행자,남,66세,중상
2021052100100008,2021년 5월 21일 00시,금요일,충청북도 청주시 서원구 남이면,사망사고,1,0,0,0,차대사람 - 횡단중,안전운전불이행,젖음/습기,비,단일로 - 기타,화물,남,35세,상해없음,보행자,남,93세,사망
2021052100100079,2021년 5월 21일 08시,금요일,충청북도 제천시 강제동,경상사고,0,0,1,0,차대차 - 기타,신호위반,젖음/습기,비,교차로 - 교차로안,승용,여,42세,상해없음,승용,남,39세,상해없음
2021052100100080,2021년 5월 21일 08시,금요일,충청북도 증평군 증평읍,경상사고,0,0,1,0,차대차 - 측면충돌,직진우회전진행방해,건조,맑음,교차로 - 교차로안,승용,여,28세,상해없음,승용,남,35세,경상
2021052100100142,2021년 5월 21일 10시,금요일,충청북도 청주시 상당구 탑동,경상사고,0,0,1,0,차대차 - 추돌,안전운전불이행,건조,맑음,교차로 - 교차로안,승용,남,29세,기타불명,승합,남,49세,경상
2021052100100193,2021년 5월 21일 12시,금요일,충청북도 충주시 교현동,경상사고,0,0,2,0,차대차 - 측면충돌,교차로운행방법위반,젖음/습기,비,교차로 - 교차로안,승용,여,59세,경상,승용,여,71세,경상
2021052100100194,2021년 5월 21일 12시,금요일,충청북도 단양군 단양읍,경상사고,0,0,2,0,차대차 - 측면충돌,안전운전불이행,건조,맑음,기타 - 기타,승용,남,20세,경상,승용,남,61세,경상
2021052100100219,2021년 5월 21일 13시,금요일,충청북도 청주시 청원구 주중동,경상사고,0,0,1,0,차대차 - 기타,교차로운행방법위반,건조,맑음,기타 - 기타,승용,남,63세,상해없음,화물,남,26세,경상
2021052100100220,2021년 5월 21일 13시,금요일,충청북도 음성군 대소면,경상사고,0,0,1,0,차대차 - 추돌,차로위반,건조,흐림,단일로 - 기타,승용,남,53세,상해없음,화물,여,57세,경상
2021052100100221,2021년 5월 21일 13시,금요일,충청북도 청주시 흥덕구 비하동,경상사고,0,0,1,0,차대차 - 측면충돌,안전운전불이행,건조,맑음,교차로 - 교차로안,화물,남,42세,상해없음,승용,여,40세,경상
2021052100100261,2021년 5월 21일 14시,금요일,충청북도 청주시 청원구 주중동,경상사고,0,0,1,0,차대차 - 기타,안전운전불이행,젖음/습기,비,단일로 - 기타,이륜,남,29세,경상,승용,여,53세,상해없음
2021052100100262,2021년 5월 21일 14시,금요일,충청북도 제천시 왕암동,경상사고,0,0,1,0,차대차 - 측면충돌,신호위반,젖음/습기,비,교차로 - 교차로안,승용,남,55세,상해없음,승용,남,60세,경상
2021052100100263,2021년 5월 21일 14시,금요일,충청북도 영동군 학산면,중상사고,0,1,0,0,차량단독 - 공작물충돌,안전운전불이행,젖음/습기,흐림,교차로 - 교차로부근,화물,남,45세,중상,,,,
2021052100100310,2021년 5월 21일 15시,금요일,충청북도 제천시 강제동,경상사고,0,0,1,0,차대차 - 측면충돌,중앙선침범,건조,흐림,단일로 - 기타,특수,남,64세,상해없음,승용,남,39세,경상
2021052100100387,2021년 5월 21일 17시,금요일,충청북도 충주시 앙성면,경상사고,0,0,2,0,차대차 - 기타,직진우회전진행방해,젖음/습기,비,교차로 - 교차로안,승용,남,62세,상해없음,화물,남,56세,경상
2021052100100388,2021년 5월 21일 17시,금요일,충청북도 청주시 흥덕구 봉명동,경상사고,0,0,1,0,차대차 - 후진중충돌,안전운전불이행,건조,흐림,교차로 - 교차로안,화물,남,62세,상해없음,승용,남,41세,경상
2021052100100439,2021년 5월 21일 18시,금요일,충청북도 청주시 청원구 우암동,경상사고,0,0,1,0,차대차 - 기타,안전운전불이행,젖음/습기,비,주차장 - 주차장,승용,남,75세,상해없음,승용,여,32세,경상
2021052100100484,2021년 5월 21일 19시,금요일,충청북도 청주시 청원구 외남동,경상사고,0,0,1,0,차대차 - 기타,안전운전불이행,젖음/습기,비,교차로 - 교차로부근,승용,남,39세,경상,승용,여,64세,기타불명