사고번호,사고일시,요일,시군구,사고내용,사망자수,중상자수,경상자수,부상신고자수,사고유형,법규위반,노면상태,기상상태,도로형태,가해운전자 차종,가해운전자 성별,가해운전자 연령,가해운전자 상해정도,피해운전자 차종,피해운전자 성별,피해운전자 연령,피해운전자 상해정도
2021052100100485,2021년 5월 21일 19시,금요일,충청북도 충주시 교현동,중상사고,0,1,0,0,차대차 - 측면충돌,안전운전불이행,건조,맑음,단일로 - 기타,자전거,남,60세,중상,승용,여,43세,상해없음
2021052100100486,2021년 5월 21일 19시,금요일,충청북도 청주시 상당구 탑동,경상사고,0,0,1,0,차대차 - 측면충돌,신호위반,젖음/습기,비,교차로 - 교차로안,승용,여,25세,상해없음,이륜,남,32세,경상
2021052100100541,2021년 5월 21일 21시,금요일,충청북도 충주시 금릉동,경상사고,0,0,2,0,차대차 - 추돌,안전운전불이행,건조,흐림,단일로 - 기타,승용,남,37세,상해없음,승용,여,43세,경상
2021052100100571,2021년 5월 21일 22시,금요일,충청북도 청주시 서원구 수곡동,경상사고,0,0,1,0,차대차 - 기타,교차로운행방법위반,젖음/습기,비,교차로 - 교차로안,승용,남,19세,상해없음,이륜,남,47세,경상
2021052100100592,2021년 5월 21일 23시,금요일,충청북도 진천군 이월면,경상사고,0,0,4,0,차대차 - 측면충돌,기타,건조,흐림,단일로 - 기타,승용,남,38세,상해없음,승용,남,28세,경상
2021052200100003,2021년 5월 22일 00시,토요일,충청북도 청주시 흥덕구 수의동,부상신고사고,0,0,0,1,차량단독 - 공작물충돌,안전운전불이행,건조,맑음,교차로 - 교차로부근,승용,남,34세,부상신고,,,,
2021052200100040,2021년 5월 22일 04시,토요일,충청북도 청주시 흥덕구 복대동,경상사고,0,0,1,0,차대차 - 기타,안전거리미확보,건조,맑음,교차로 - 교차로부근,승용,남,33세,상해없음,승용,남,58세,경상
2021052200100053,2021년 5월 22일 06시,토요일,충청북도 청주시 흥덕구 봉명동,경상사고,0,0,1,0,차대차 - 기타,안전운전불이행,건조,맑음,교차로 - 교차로안,승용,남,63세,상해없음,승용,남,55세,경상
2021052200100066,2021년 5월 22일 07시,토요일,충청북도 영동군 영동읍,중상사고,0,1,0,0,차대차 - 측면충돌,안전운전불이행,건조,맑음,교차로 - 교차로부근,승용,여,48세,상해없음,자전거,여,67세,중상
2021052200100075,2021년 5월 22일 08시,토요일,충청북도 충주시 주덕읍,경상사고,0,0,2,0,차대차 - 기타,안전거리미확보,건조,맑음,단일로 - 기타,승용,남,40세,경상,화물,남,58세,경상
2021052200100095,2021년 5월 22일 09시,토요일,충청북도 충주시 용두동,중상사고,0,1,0,0,차대사람 - 횡단중,신호위반,건조,맑음,교차로 - 교차로횡단보도내,건설기계,남,55세,상해없음,보행자,여,65세,중상
2021052200100096,2021년 5월 22일 09시,토요일,충청북도 영동군 영동읍,중상사고,0,2,1,0,차대차 - 측면충돌,중앙선침범,건조,맑음,단일로 - 기타,승용,여,23세,경상,화물,남,36세,중상
2021052200100124,2021년 5월 22일 10시,토요일,충청북도 옥천군 옥천읍,경상사고,0,0,2,0,차대차 - 기타,안전운전불이행,건조,맑음,교차로 - 교차로안,승용,남,62세,상해없음,이륜,남,67세,경상
2021052200100125,2021년 5월 22일 10시,토요일,충청북도 청주시 서원구 장성동,경상사고,0,0,3,0,차대차 - 추돌,안전운전불이행,건조,맑음,단일로 - 기타,승용,남,66세,상해없음,승용,남,35세,경상
2021052200100163,2021년 5월 22일 11시,토요일,충청북도 충주시 성내동,부상신고사고,0,0,0,1,차대사람 - 보도통행중,안전운전불이행,건조,맑음,단일로 - 기타,기타불명,기타불명,미분류,기타불명,보행자,남,85세,부상신고
2021052200100164,2021년 5월 22일 11시,토요일,충청북도 청주시 상당구 영운동,부상신고사고,0,0,0,1,차대차 - 측면충돌,신호위반,건조,맑음,교차로 - 교차로안,이륜,남,31세,부상신고,승용,여,61세,상해없음
2021052200100198,2021년 5월 22일 12시,토요일,충청북도 청주시 서원구 사직동,경상사고,0,0,1,0,차대사람 - 기타,안전운전불이행,건조,맑음,단일로 - 기타,승용,남,61세,상해없음,보행자,남,41세,경상
2021052200100199,2021년 5월 22일 12시,토요일,충청북도 충주시 교현동,중상사고,0,1,0,0,차대차 - 정면충돌,중앙선침범,건조,맑음,단일로 - 기타,자전거,남,79세,중상,승용,남,62세,상해없음
2021052200100200,2021년 5월 22일 12시,토요일,충청북도 제천시 명동,중상사고,0,1,0,2,차대차 - 측면충돌,안전운전불이행,건조,맑음,교차로 - 교차로안,이륜,남,45세,중상,승용,여,39세,부상신고
2021052200100242,2021년 5월 22일 13시,토요일,충청북도 청주시 흥덕구 봉명동,경상사고,0,0,3,0,차대차 - 측면충돌,안전운전불이행,건조,맑음,단일로 - 기타,승용,남,26세,상해없음,승용,남,47세,경상
2021052200100291,2021년 5월 22일 14시,토요일,충청북도 음성군 맹동면,경상사고,0,0,1,0,차대차 - 측면충돌,차로위반,건조,맑음,단일로 - 기타,화물,남,58세,상해없음,승용,남,61세,경상
2021052200100292,2021년 5월 22일 14시,토요일,충청북도 청주시 서원구 장암동,경상사고,0,0,1,0,차대차 - 후진중충돌,안전운전불이행,건조,맑음,기타 - 기타,화물,남,70세,상해없음,승용,남,64세,기타불명
2021052200100293,2021년 5월 22일 14시,토요일,충청북도 청주시 상당구 남문로1가,경상사고,0,0,2,0,차대차 - 추돌,안전운전불이행,건조,맑음,교차로 - 교차로부근,승용,남,64세,상해없음,승용,여,26세,경상
2021052200100343,2021년 5월 22일 15시,토요일,충청북도 청주시 상당구 문화동,경상사고,0,0,2,0,차대차 - 측면충돌,신호위반,건조,맑음,교차로 - 교차로안,승용,여,69세,상해없음,승용,남,31세,경상
2021052200100344,2021년 5월 22일 15시,토요일,충청북도 청주시 상당구 석교동,경상사고,0,0,1,0,차대차 - 추돌,안전운전불이행,건조,맑음,단일로 - 기타,승용,여,52세,상해없음,승용,여,38세,경상
2021052200100470,2021년 5월 22일 18시,토요일,충청북도 음성군 맹동면,경상사고,0,0,2,0,차대차 - 정면충돌,안전운전불이행,건조,맑음,교차로 - 교차로안,승용,여,31세,상해없음,승용,남,29세,경상
2021052200100584,2021년 5월 22일 22시,토요일,충청북도 청주시 서원구 현도면,경상사고,0,0,2,0,차대차 - 측면충돌,안전운전불이행,건조,맑음,단일로 - 지하차도(도로)내,승용,남,28세,경상,승용,남,51세,경상
2021052200100607,2021년 5월 22일 23시,토요일,충청북도 청주시 청원구 오창읍,중상사고,0,1,0,0,차대차 - 기타,신호위반,건조,맑음,교차로 - 교차로부근,원동기,남,19세,중상,승용,남,23세,상해없음
2021052300100014,2021년 5월 23일 01시,일요일,충청북도 청주시 서원구 산남동,경상사고,0,0,1,0,차대사람 - 기타,안전운전불이행,건조,맑음,단일로 - 지하차도(도로)내,승용,여,42세,상해없음,보행자,남,47세,경상
2021052300100047,2021년 5월 23일 08시,일요일,충청북도 청주시 흥덕구 복대동,경상사고,0,0,2,0,차대차 - 측면충돌,안전운전불이행,건조,맑음,교차로 - 교차로부근,승용,남,60세,상해없음,승용,여,49세,경상
2021052300100077,2021년 5월 23일 10시,일요일,충청북도 제천시 청전동,경상사고,0,0,1,0,차대차 - 측면충돌,안전운전불이행,건조,맑음,단일로 - 지하차도(도로)내,자전거,남,12세,경상,승용,남,57세,상해없음
2021052300100078,2021년 5월 23일 10시,일요일,충청북도 단양군 단양읍,경상사고,0,0,2,0,차대차 - 측면충돌,안전운전불이행,건조,맑음,기타 - 기타,승용,남,31세,상해없음,승용,남,28세,경상
2021052300100099,2021년 5월 23일 11시,일요일,충청북도 음성군 금왕읍,경상사고,0,0,1,0,차대차 - 측면충돌,기타,건조,맑음,단일로 - 교량,승용,남,36세,상해없음,자전거,남,10세,경상
2021052300100100,2021년 5월 23일 11시,일요일,충청북도 청주시 서원구 산남동,경상사고,0,0,1,0,차대차 - 측면충돌,안전운전불이행,건조,맑음,교차로 - 교차로부근,이륜,남,26세,상해없음,자전거,남,10세,경상
2021052300100122,2021년 5월 23일 12시,일요일,충청북도 청주시 서원구 분평동,경상사고,0,0,4,0,차대차 - 측면충돌,안전운전불이행,건조,맑음,단일로 - 기타,승용,남,28세,상해없음,승용,남,49세,경상
2021052300100195,2021년 5월 23일 14시,일요일,충청북도 청주시 청원구 주중동,경상사고,0,0,1,0,차대차 - 측면충돌,신호위반,건조,맑음,단일로 - 기타,승용,여,46세,상해없음,이륜,남,39세,경상
2021052300100225,2021년 5월 23일 15시,일요일,충청북도 괴산군 칠성면,경상사고,0,0,1,0,차대차 - 측면충돌,안전운전불이행,건조,맑음,단일로 - 기타,사륜오토바이(ATV),남,78세,경상,승용,남,55세,상해없음
2021052300100247,2021년 5월 23일 16시,일요일,충청북도 충주시 문화동,경상사고,0,0,5,0,차대차 - 측면충돌,안전거리미확보,건조,맑음,교차로 - 교차로부근,승용,여,57세,상해없음,승용,남,19세,경상
2021052300100248,2021년 5월 23일 16시,일요일,충청북도 청주시 서원구 성화동,경상사고,0,0,3,0,차대차 - 기타,교차로운행방법위반,건조,맑음,교차로 - 교차로안,승용,여,59세,경상,승용,남,66세,경상
2021052300100249,2021년 5월 23일 16시,일요일,충청북도 청주시 흥덕구 신봉동,중상사고,0,1,0,0,차대차 - 측면충돌,안전운전불이행,건조,맑음,단일로 - 기타,자전거,남,78세,상해없음,자전거,여,57세,중상
2021052300100276,2021년 5월 23일 17시,일요일,충청북도 청주시 청원구 율량동,경상사고,0,0,1,0,차대차 - 기타,안전운전불이행,건조,맑음,교차로 - 교차로안,승용,남,36세,상해없음,승용,남,66세,경상
2021052300100277,2021년 5월 23일 17시,일요일,충청북도 청주시 청원구 오창읍,중상사고,0,1,0,0,차대차 - 측면충돌,중앙선침범,건조,맑음,교차로 - 교차로부근,승용,남,36세,상해없음,이륜,남,44세,중상
2021052300100299,2021년 5월 23일 18시,일요일,충청북도 제천시 명동,경상사고,0,0,1,0,차대차 - 기타,안전거리미확보,건조,맑음,기타 - 기타,승용,남,43세,상해없음,승용,남,61세,상해없음
2021052300100332,2021년 5월 23일 19시,일요일,충청북도 청주시 청원구 율량동,중상사고,0,2,0,0,차대차 - 기타,신호위반,건조,맑음,교차로 - 교차로안,이륜,남,18세,중상,이륜,남,23세,중상
2021052300100333,2021년 5월 23일 19시,일요일,충청북도 청주시 상당구 용암동,경상사고,0,0,1,0,차대차 - 정면충돌,교차로운행방법위반,건조,맑음,교차로 - 교차로안,화물,남,51세,상해없음,승용,여,32세,경상
2021052300100361,2021년 5월 23일 20시,일요일,충청북도 음성군 원남면,경상사고,0,0,1,0,차대사람 - 차도통행중,안전운전불이행,건조,맑음,단일로 - 기타,기타불명,기타불명,미분류,기타불명,보행자,남,29세,경상
2021052300100362,2021년 5월 23일 20시,일요일,충청북도 진천군 광혜원면,경상사고,0,0,2,0,차대차 - 측면충돌,안전거리미확보,건조,맑음,단일로 - 기타,화물,남,57세,상해없음,승용,여,48세,경상
2021052300100363,2021년 5월 23일 20시,일요일,충청북도 청주시 상당구 용정동,경상사고,0,0,2,0,차대차 - 측면충돌,안전운전불이행,건조,맑음,단일로 - 기타,승용,남,68세,상해없음,승합,남,47세,경상
2021052300100424,2021년 5월 23일 23시,일요일,충청북도 청주시 서원구 사창동,경상사고,0,0,1,0,차대사람 - 기타,안전운전불이행,건조,맑음,단일로 - 기타,승용,남,20세,상해없음,보행자,남,30세,경상
2021052300100425,2021년 5월 23일 23시,일요일,충청북도 보은군 보은읍,중상사고,0,1,0,0,차대차 - 측면충돌,교차로운행방법위반,건조,맑음,교차로 - 교차로안,승용,여,45세,상해없음,이륜,남,22세,중상
2021052400100007,2021년 5월 24일 02시,월요일,충청북도 청주시 상당구 가덕면,중상사고,0,1,1,0,차대차 - 추돌,안전운전불이행,건조,맑음,기타 - 기타,화물,남,69세,상해없음,화물,남,26세,상해없음
2021052400100073,2021년 5월 24일 08시,월요일,충청북도 제천시 신백동,중상사고,0,1,0,0,차대차 - 측면충돌,안전거리미확보,건조,맑음,기타 - 기타,승용,여,41세,상해없음,승용,남,48세,중상
2021052400100074,2021년 5월 24일 08시,월요일,충청북도 음성군 맹동면,중상사고,0,1,1,0,차대차 - 정면충돌,신호위반,건조,맑음,교차로 - 교차로안,승용,남,25세,상해없음,승용,여,34세,경상
2021052400100111,2021년 5월 24일 09시,월요일,충청북도 음성군 대소면,경상사고,0,0,2,0,차대차 - 측면충돌,교차로운행방법위반,건조,맑음,교차로 - 교차로안,승용,여,66세,상해없음,승용,남,63세,경상
2021052400100112,2021년 5월 24일 09시,월요일,충청북도 청주시 흥덕구 오송읍,경상사고,0,0,2,0,차대차 - 측면충돌,중앙선침범,건조,맑음,단일로 - 기타,승용,남,52세,상해없음,승용,남,52세,경상
2021052400100135,2021년 5월 24일 10시,월요일,충청북도 단양군 대강면,경상사고,0,0,1,0,차대차 - 측면충돌,기타,건조,맑음,교차로 - 교차로안,승용,여,65세,경상,승용,남,68세,상해없음
2021052400100169,2021년 5월 24일 11시,월요일,충청북도 제천시 신백동,중상사고,0,1,0,0,차대차 - 측면충돌,직진우회전진행방해,건조,맑음,교차로 - 교차로안,승합,남,54세,상해없음,화물,여,68세,중상
2021052400100199,2021년 5월 24일 12시,월요일,충청북도 영동군 영동읍,중상사고,0,1,0,0,차대차 - 측면충돌,신호위반,건조,흐림,교차로 - 교차로안,화물,남,72세,상해없음,승용,여,76세,중상
2021052400100200,2021년 5월 24일 12시,월요일,충청북도 청주시 흥덕구 옥산면,중상사고,0,1,0,0,차대사람 - 횡단중,안전운전불이행,건조,맑음,교차로 - 교차로안,건설기계,남,52세,상해없음,보행자,남,23세,중상
2021052400100234,2021년 5월 24일 13시,월요일,충청북도 청주시 상당구 용암동,경상사고,0,0,1,0,차대차 - 추돌,안전운전불이행,건조,맑음,교차로 - 교차로부근,승용,남,56세,상해없음,이륜,남,46세,경상
2021052400100267,2021년 5월 24일 14시,월요일,충청북도 음성군 맹동면,경상사고,0,0,1,0,차대차 - 측면충돌,신호위반,건조,맑음,교차로 - 교차로안,승용,여,69세,상해없음,승용,여,20세,경상
2021052400100268,2021년 5월 24일 14시,월요일,충청북도 청주시 서원구 남이면,중상사고,0,1,0,0,차대차 - 측면충돌,중앙선침범,건조,맑음,단일로 - 기타,승용,여,63세,상해없음,이륜,남,23세,중상
2021052400100311,2021년 5월 24일 15시,월요일,충청북도 충주시 대소원면,경상사고,0,0,2,0,차대차 - 기타,중앙선침범,건조,맑음,단일로 - 기타,승용,여,65세,경상,승용,남,61세,경상
2021052400100312,2021년 5월 24일 15시,월요일,충청북도 제천시 장락동,경상사고,0,0,2,0,차대차 - 측면충돌,기타,건조,맑음,교차로 - 교차로안,승용,남,30세,경상,승용,남,24세,경상
2021052400100351,2021년 5월 24일 16시,월요일,충청북도 음성군 삼성면,부상신고사고,0,0,0,1,차대차 - 측면충돌,교차로운행방법위반,건조,맑음,교차로 - 교차로안,자전거,남,77세,부상신고,화물,남,38세,상해없음
2021052400100352,2021년 5월 24일 16시,월요일,충청북도 진천군 진천읍,중상사고,0,1,0,0,차대차 - 측면충돌,안전운전불이행,건조,맑음,단일로 - 기타,화물,남,50세,상해없음,이륜,여,75세,중상
2021052400100353,2021년 5월 24일 16시,월요일,충청북도 청주시 상당구 용암동,경상사고,0,0,1,0,차대차 - 추돌,안전운전불이행,건조,맑음,단일로 - 기타,이륜,남,16세,경상,화물,기타불명,미분류,기타불명
2021052400100354,2021년 5월 24일 16시,월요일,충청북도 청주시 상당구 용담동,경상사고,0,0,1,0,차대사람 - 기타,안전운전불이행,건조,맑음,기타 - 기타,개인형이동수단(PM),남,19세,상해없음,보행자,여,48세,경상
2021052400100406,2021년 5월 24일 17시,월요일,충청북도 괴산군 청안면,경상사고,0,0,2,0,차대차 - 측면충돌,안전운전불이행,건조,맑음,단일로 - 기타,사륜오토바이(ATV),남,79세,경상,승용,남,32세,경상
2021052400100407,2021년 5월 24일 17시,월요일,충청북도 음성군 대소면,경상사고,0,0,1,0,차대차 - 추돌,안전거리미확보,건조,맑음,교차로 - 교차로부근,승합,남,33세,상해없음,승용,여,54세,경상
2021052400100408,2021년 5월 24일 17시,월요일,충청북도 음성군 대소면,경상사고,0,0,1,0,차대차 - 측면충돌,안전운전불이행,건조,맑음,교차로 - 교차로안,화물,남,24세,상해없음,승용,남,55세,상해없음
2021052400100409,2021년 5월 24일 17시,월요일,충청북도 음성군 음성읍,경상사고,0,0,2,0,차대차 - 측면충돌,안전거리미확보,건조,맑음,미분류 - 미분류,승용,남,74세,상해없음,화물,남,68세,경상
2021052400100447,2021년 5월 24일 18시,월요일,충청북도 청주시 서원구 사창동,중상사고,0,1,0,0,차대차 - 기타,안전운전불이행,건조,맑음,단일로 - 기타,승용,남,31세,상해없음,자전거,남,21세,중상
2021052400100472,2021년 5월 24일 19시,월요일,충청북도 청주시 흥덕구 복대동,중상사고,0,1,0,0,차대차 - 측면충돌,안전운전불이행,건조,맑음,기타 - 기타,승용,남,27세,상해없음,개인형이동수단(PM),남,21세,중상
2021052500100006,2021년 5월 25일 00시,화요일,충청북도 청주시 상당구 영운동,중상사고,0,1,0,0,차대차 - 기타,안전운전불이행,건조,맑음,교차로 - 교차로안,승용,남,60세,상해없음,이륜,남,27세,중상
2021052500100020,2021년 5월 25일 02시,화요일,충청북도 옥천군 군북면,사망사고,2,2,1,0,차대차 - 추돌,안전운전불이행,건조,맑음,단일로 - 기타,특수,남,52세,사망,특수,남,50세,중상
2021052500100021,2021년 5월 25일 02시,화요일,충청북도 옥천군 군북면,경상사고,0,0,1,0,차대차 - 추돌,안전운전불이행,건조,흐림,단일로 - 지하차도(도로)내,화물,남,50세,상해없음,화물,남,57세,경상
2021052500100060,2021년 5월 25일 07시,화요일,충청북도 청주시 서원구 개신동,경상사고,0,0,1,1,차대차 - 측면충돌,안전거리미확보,젖음/습기,비,단일로 - 기타,승용,남,54세,부상신고,승용,남,64세,경상
2021052500100096,2021년 5월 25일 08시,화요일,충청북도 충주시 교현동,경상사고,0,0,2,0,차대차 - 정면충돌,안전운전불이행,젖음/습기,비,교차로 - 교차로안,승용,여,48세,상해없음,승용,남,28세,경상
2021052500100097,2021년 5월 25일 08시,화요일,충청북도 청주시 흥덕구 강서동,중상사고,0,1,5,0,차대차 - 추돌,안전운전불이행,젖음/습기,비,기타 - 기타,승용,여,55세,중상,승용,여,38세,경상
2021052500100133,2021년 5월 25일 09시,화요일,충청북도 청주시 상당구 용암동,경상사고,0,0,1,0,차대사람 - 횡단중,안전운전불이행,건조,맑음,단일로 - 기타,승용,남,54세,상해없음,보행자,여,50세,경상
2021052500100164,2021년 5월 25일 10시,화요일,충청북도 충주시 교현동,중상사고,0,1,0,0,차대사람 - 횡단중,보행자보호의무위반,건조,맑음,교차로 - 교차로안,승용,여,25세,상해없음,보행자,여,67세,중상
2021052500100165,2021년 5월 25일 10시,화요일,충청북도 청주시 흥덕구 외북동,중상사고,0,1,0,0,차대차 - 측면충돌,신호위반,건조,맑음,교차로 - 교차로부근,승합,남,61세,상해없음,승용,남,41세,중상
2021052500100203,2021년 5월 25일 11시,화요일,충청북도 충주시 칠금동,중상사고,0,1,0,0,차대차 - 측면충돌,교차로운행방법위반,건조,맑음,교차로 - 교차로안,화물,남,80세,상해없음,이륜,남,73세,중상
2021052500100333,2021년 5월 25일 15시,화요일,충청북도 충주시 대소원면,경상사고,0,0,3,0,차대차 - 후진중충돌,불법유턴,건조,맑음,단일로 - 기타,특수,남,49세,상해없음,승용,여,61세,경상
2021052500100378,2021년 5월 25일 16시,화요일,충청북도 영동군 황간면,경상사고,0,0,2,0,차대차 - 측면충돌,안전운전불이행,건조,흐림,교차로 - 교차로안,화물,남,60세,상해없음,승용,남,65세,경상
2021052500100379,2021년 5월 25일 16시,화요일,충청북도 청주시 상당구 금천동,경상사고,0,0,1,0,차대차 - 측면충돌,안전운전불이행,건조,맑음,교차로 - 교차로안,승용,여,46세,경상,승용,남,23세,상해없음
2021052500100423,2021년 5월 25일 17시,화요일,충청북도 청주시 서원구 현도면,사망사고,1,0,8,0,차대차 - 측면충돌,안전운전불이행,건조,맑음,단일로 - 지하차도(도로)내,화물,남,57세,상해없음,화물,남,44세,사망
2021052500100470,2021년 5월 25일 18시,화요일,충청북도 음성군 금왕읍,중상사고,0,1,0,0,차대차 - 추돌,안전거리미확보,건조,맑음,교차로 - 교차로안,이륜,남,40세,상해없음,이륜,남,56세,중상
2021052500100471,2021년 5월 25일 18시,화요일,충청북도 청주시 흥덕구 복대동,부상신고사고,0,0,0,1,차대차 - 측면충돌,안전운전불이행,건조,맑음,교차로 - 교차로부근,개인형이동수단(PM),남,27세,부상신고,승용,남,28세,상해없음
2021052500100472,2021년 5월 25일 18시,화요일,충청북도 청주시 상당구 용암동,중상사고,0,1,0,0,차대차 - 측면충돌,안전운전불이행,건조,맑음,교차로 - 교차로안,승용,여,41세,상해없음,이륜,남,31세,중상
2021052500100508,2021년 5월 25일 19시,화요일,충청북도 청주시 흥덕구 복대동,경상사고,0,0,1,0,차대차 - 측면충돌,안전운전불이행,건조,맑음,교차로 - 교차로안,승용,남,37세,상해없음,자전거,남,25세,경상
2021052500100509,2021년 5월 25일 19시,화요일,충청북도 청주시 상당구 금천동,경상사고,0,0,1,0,차대차 - 기타,안전운전불이행,건조,맑음,교차로 - 교차로안,이륜,남,32세,상해없음,원동기,남,50세,경상
2021052500100530,2021년 5월 25일 20시,화요일,충청북도 청주시 청원구 오창읍,중상사고,0,1,0,0,차대차 - 기타,안전운전불이행,건조,맑음,단일로 - 기타,승용,남,24세,상해없음,이륜,여,18세,중상
2021052500100556,2021년 5월 25일 21시,화요일,충청북도 청주시 흥덕구 송정동,경상사고,0,0,1,0,차대차 - 추돌,안전운전불이행,건조,맑음,교차로 - 교차로부근,승용,여,64세,상해없음,승용,남,36세,경상
2021052500100603,2021년 5월 25일 23시,화요일,충청북도 음성군 맹동면,경상사고,0,0,3,0,차대차 - 추돌,안전운전불이행,건조,맑음,교차로 - 교차로부근,승용,남,29세,상해없음,승용,남,40세,경상
2021052600100002,2021년 5월 26일 00시,수요일,충청북도 제천시 강제동,사망사고,1,0,0,0,차대사람 - 기타,기타,건조,맑음,교차로 - 교차로안,승용,여,34세,상해없음,보행자,여,65세,사망
2021052600100042,2021년 5월 26일 06시,수요일,충청북도 충주시 문화동,중상사고,0,1,0,0,차대차 - 측면충돌,신호위반,건조,맑음,단일로 - 기타,자전거,여,20세,중상,화물,남,60세,상해없음
2021052600100057,2021년 5월 26일 07시,수요일,충청북도 괴산군 칠성면,중상사고,0,1,1,0,차대차 - 측면충돌,안전거리미확보,건조,맑음,단일로 - 기타,화물,남,72세,중상,화물,남,46세,경상
2021052600100090,2021년 5월 26일 08시,수요일,충청북도 충주시 주덕읍,중상사고,0,1,0,0,차대차 - 측면충돌,안전거리미확보,건조,맑음,단일로 - 기타,화물,남,52세,상해없음,승용,여,26세,중상
2021052600100128,2021년 5월 26일 09시,수요일,충청북도 청주시 흥덕구 복대동,경상사고,0,0,2,0,차대차 - 측면충돌,신호위반,건조,맑음,교차로 - 교차로안,승용,여,56세,상해없음,승용,남,63세,경상
2021052600100129,2021년 5월 26일 09시,수요일,충청북도 청주시 상당구 영운동,경상사고,0,0,1,0,차대차 - 측면충돌,교차로운행방법위반,건조,맑음,교차로 - 교차로안,승용,남,22세,상해없음,승용,여,58세,경상
2021052600100180,2021년 5월 26일 11시,수요일,충청북도 청주시 청원구 내덕동,중상사고,0,1,0,0,차대사람 - 횡단중,안전운전불이행,건조,맑음,교차로 - 교차로횡단보도내,승용,여,51세,상해없음,보행자,남,21세,중상
2021052600100181,2021년 5월 26일 11시,수요일,충청북도 청주시 흥덕구 지동동,경상사고,0,0,1,0,차대차 - 측면충돌,기타,건조,맑음,단일로 - 기타,승용,남,62세,상해없음,승용,남,67세,상해없음
2021052600100210,2021년 5월 26일 12시,수요일,충청북도 충주시 금가면,중상사고,0,1,0,0,차대차 - 기타,직진우회전진행방해,건조,맑음,단일로 - 기타,승용,남,52세,상해없음,승용,여,24세,중상
2021052600100211,2021년 5월 26일 12시,수요일,충청북도 괴산군 괴산읍,경상사고,0,0,1,0,차대차 - 정면충돌,중앙선침범,건조,맑음,교차로 - 교차로부근,화물,남,48세,상해없음,승용,남,28세,경상
2021052600100232,2021년 5월 26일 13시,수요일,충청북도 청주시 청원구 우암동,중상사고,0,2,0,0,차대차 - 기타,중앙선침범,건조,맑음,교차로 - 교차로부근,승용,남,51세,상해없음,승용,여,44세,중상
2021052600100233,2021년 5월 26일 13시,수요일,충청북도 단양군 단양읍,중상사고,0,1,0,0,차대차 - 추돌,안전운전불이행,건조,맑음,교차로 - 교차로부근,이륜,남,41세,중상,승용,남,65세,상해없음
2021052600100264,2021년 5월 26일 14시,수요일,충청북도 옥천군 옥천읍,중상사고,0,1,0,0,차대차 - 측면충돌,안전운전불이행,건조,맑음,단일로 - 기타,승용,여,53세,상해없음,이륜,남,77세,중상
2021052600100328,2021년 5월 26일 16시,수요일,충청북도 보은군 보은읍,중상사고,0,1,0,0,차대차 - 측면충돌,안전운전불이행,건조,맑음,교차로 - 교차로부근,화물,남,36세,상해없음,자전거,여,9세,중상
2021052600100370,2021년 5월 26일 17시,수요일,충청북도 청주시 흥덕구 봉명동,경상사고,0,0,1,0,차대차 - 추돌,안전운전불이행,건조,맑음,단일로 - 기타,승용,남,34세,상해없음,자전거,남,70세,경상
2021052600100371,2021년 5월 26일 17시,수요일,충청북도 청주시 상당구 용암동,경상사고,0,0,1,0,차대차 - 추돌,안전운전불이행,건조,맑음,교차로 - 교차로부근,이륜,남,33세,상해없음,승용,남,36세,경상
2021052600100419,2021년 5월 26일 18시,수요일,충청북도 제천시 강제동,경상사고,0,0,5,0,차대차 - 측면충돌,안전거리미확보,건조,맑음,단일로 - 지하차도(도로)내,승용,남,62세,상해없음,승용,여,22세,경상
2021052600100420,2021년 5월 26일 18시,수요일,충청북도 청주시 서원구 현도면,경상사고,0,0,1,0,차대차 - 측면충돌,안전운전불이행,건조,맑음,기타 - 기타,승용,남,30세,상해없음,화물,남,49세,상해없음
2021052600100477,2021년 5월 26일 20시,수요일,충청북도 청주시 흥덕구 오송읍,경상사고,0,0,1,0,차대차 - 측면충돌,신호위반,건조,맑음,교차로 - 교차로안,승용,남,37세,상해없음,화물,남,43세,경상
2021052600100536,2021년 5월 26일 22시,수요일,충청북도 청주시 흥덕구 옥산면,경상사고,0,0,1,0,차대차 - 측면충돌,안전거리미확보,건조,맑음,기타 - 기타,이륜,남,22세,상해없음,승용,여,54세,경상
2021052700100004,2021년 5월 27일 00시,목요일,충청북도 청주시 청원구 우암동,중상사고,0,1,0,0,차대사람 - 기타,안전운전불이행,건조,맑음,단일로 - 기타,이륜,남,19세,기타불명,보행자,남,42세,중상
2021052700100029,2021년 5월 27일 05시,목요일,충청북도 청주시 흥덕구 강내면,경상사고,0,0,1,0,차대차 - 측면충돌,신호위반,건조,맑음,교차로 - 교차로안,승용,남,32세,상해없음,승용,여,58세,경상
2021052700100043,2021년 5월 27일 06시,목요일,충청북도 청주시 청원구 율량동,경상사고,0,0,3,0,차대차 - 추돌,안전운전불이행,건조,맑음,교차로 - 교차로부근,화물,남,55세,상해없음,승용,남,53세,경상
2021052700100050,2021년 5월 27일 07시,목요일,충청북도 청주시 흥덕구 복대동,경상사고,0,0,1,0,차대차 - 측면충돌,안전운전불이행,건조,맑음,단일로 - 기타,승용,여,29세,상해없음,승용,여,33세,경상
2021052700100086,2021년 5월 27일 08시,목요일,충청북도 옥천군 옥천읍,경상사고,0,0,1,0,차대차 - 추돌,안전운전불이행,건조,흐림,기타 - 기타,승용,남,69세,상해없음,화물,남,30세,경상