사고번호,사고일시,요일,시군구,사고내용,사망자수,중상자수,경상자수,부상신고자수,사고유형,법규위반,노면상태,기상상태,도로형태,가해운전자 차종,가해운전자 성별,가해운전자 연령,가해운전자 상해정도,피해운전자 차종,피해운전자 성별,피해운전자 연령,피해운전자 상해정도
2021052700100122,2021년 5월 27일 09시,목요일,충청북도 청주시 흥덕구 강내면,중상사고,0,1,3,0,차대차 - 측면충돌,교차로운행방법위반,건조,맑음,교차로 - 교차로안,승용,남,71세,경상,승용,여,33세,중상
2021052700100155,2021년 5월 27일 10시,목요일,충청북도 충주시 엄정면,경상사고,0,0,1,0,차대차 - 측면충돌,직진우회전진행방해,건조,맑음,교차로 - 교차로안,화물,남,78세,상해없음,승용,여,71세,경상
2021052700100180,2021년 5월 27일 11시,목요일,충청북도 충주시 용두동,경상사고,0,0,1,0,차대차 - 추돌,안전운전불이행,젖음/습기,맑음,교차로 - 교차로부근,승용,남,64세,상해없음,승용,여,60세,경상
2021052700100245,2021년 5월 27일 13시,목요일,충청북도 옥천군 청성면,사망사고,1,1,0,0,차대차 - 정면충돌,중앙선침범,건조,맑음,단일로 - 기타,화물,남,52세,상해없음,특수,남,57세,사망
2021052700100246,2021년 5월 27일 13시,목요일,충청북도 청주시 흥덕구 오송읍,경상사고,0,0,2,0,차대차 - 정면충돌,안전운전불이행,건조,맑음,교차로 - 교차로횡단보도내,화물,남,67세,상해없음,승용,남,31세,경상
2021052700100352,2021년 5월 27일 16시,목요일,충청북도 청주시 흥덕구 가경동,경상사고,0,0,1,0,차대차 - 측면충돌,신호위반,건조,맑음,교차로 - 교차로안,승용,여,64세,상해없음,승용,여,61세,경상
2021052700100384,2021년 5월 27일 17시,목요일,충청북도 청주시 청원구 오창읍,중상사고,0,1,2,0,차대차 - 기타,차로위반,건조,맑음,교차로 - 교차로부근,승용,여,40세,중상,승용,남,37세,경상
2021052700100427,2021년 5월 27일 18시,목요일,충청북도 충주시 교현동,부상신고사고,0,0,0,1,차대차 - 측면충돌,안전운전불이행,건조,맑음,교차로 - 교차로횡단보도내,이륜,남,19세,상해없음,자전거,남,55세,부상신고
2021052700100428,2021년 5월 27일 18시,목요일,충청북도 청주시 서원구 현도면,중상사고,0,1,0,0,차량단독 - 공작물충돌,안전운전불이행,건조,맑음,단일로 - 지하차도(도로)내,승용,남,54세,중상,,,,
2021052700100466,2021년 5월 27일 19시,목요일,충청북도 청주시 청원구 율량동,중상사고,0,2,0,0,차대차 - 기타,중앙선침범,건조,맑음,단일로 - 기타,승용,남,35세,상해없음,승용,남,25세,중상
2021052700100467,2021년 5월 27일 19시,목요일,충청북도 청주시 흥덕구 옥산면,중상사고,0,1,0,0,차대차 - 측면충돌,직진우회전진행방해,건조,맑음,교차로 - 교차로안,화물,남,64세,상해없음,이륜,여,64세,중상
2021052700100468,2021년 5월 27일 19시,목요일,충청북도 청주시 흥덕구 봉명동,경상사고,0,0,1,0,차대사람 - 횡단중,보행자보호의무위반,건조,맑음,교차로 - 교차로부근,승용,남,60세,상해없음,보행자,남,19세,경상
2021052700100500,2021년 5월 27일 20시,목요일,충청북도 음성군 금왕읍,경상사고,0,0,2,0,차대차 - 측면충돌,교차로운행방법위반,건조,맑음,교차로 - 교차로안,승용,여,28세,경상,승용,남,22세,경상
2021052700100501,2021년 5월 27일 20시,목요일,충청북도 청주시 서원구 개신동,중상사고,0,1,0,0,차대차 - 측면충돌,안전운전불이행,건조,맑음,교차로 - 교차로부근,이륜,남,50세,중상,승합,남,56세,상해없음
2021052700100502,2021년 5월 27일 20시,목요일,충청북도 청주시 상당구 금천동,경상사고,0,0,1,0,차대사람 - 길가장자리구역통행중,안전운전불이행,건조,맑음,교차로 - 교차로횡단보도내,기타불명,기타불명,미분류,기타불명,보행자,남,48세,경상
2021052700100539,2021년 5월 27일 21시,목요일,충청북도 청주시 상당구 남일면,경상사고,0,0,1,0,차대차 - 측면충돌,안전운전불이행,건조,맑음,교차로 - 교차로부근,승용,여,42세,상해없음,승용,여,26세,경상
2021052800100012,2021년 5월 28일 01시,금요일,충청북도 청주시 상당구 운동동,경상사고,0,0,2,0,차대차 - 기타,안전운전불이행,건조,맑음,교차로 - 교차로안,승용,남,21세,상해없음,승용,남,69세,경상
2021052800100060,2021년 5월 28일 07시,금요일,충청북도 충주시 금릉동,중상사고,0,1,0,0,차대차 - 추돌,신호위반,젖음/습기,흐림,교차로 - 교차로안,승용,남,53세,상해없음,승용,여,53세,중상
2021052800100061,2021년 5월 28일 07시,금요일,충청북도 제천시 청전동,경상사고,0,0,1,0,차대차 - 추돌,안전거리미확보,젖음/습기,비,교차로 - 교차로부근,승용,남,55세,상해없음,승용,남,65세,경상
2021052800100096,2021년 5월 28일 08시,금요일,충청북도 청주시 상당구 북문로3가,경상사고,0,0,2,0,차대차 - 후진중충돌,안전운전불이행,건조,맑음,단일로 - 기타,승용,여,53세,상해없음,이륜,남,21세,경상
2021052800100097,2021년 5월 28일 08시,금요일,충청북도 음성군 금왕읍,중상사고,0,1,0,0,차량단독 - 공작물충돌,안전운전불이행,젖음/습기,비,미분류 - 미분류,승용,남,26세,중상,,,,
2021052800100137,2021년 5월 28일 09시,금요일,충청북도 충주시 연수동,경상사고,0,0,2,0,차대차 - 정면충돌,안전운전불이행,젖음/습기,비,단일로 - 기타,승용,남,55세,상해없음,승용,여,32세,경상
2021052800100138,2021년 5월 28일 09시,금요일,충청북도 괴산군 괴산읍,경상사고,0,0,1,0,차대차 - 측면충돌,안전운전불이행,건조,흐림,교차로 - 교차로안,승용,여,39세,상해없음,자전거,남,71세,경상
2021052800100154,2021년 5월 28일 10시,금요일,충청북도 단양군 단양읍,중상사고,0,1,0,0,차대사람 - 기타,기타,건조,맑음,단일로 - 기타,승합,남,57세,상해없음,보행자,여,81세,중상
2021052800100220,2021년 5월 28일 12시,금요일,충청북도 청주시 흥덕구 옥산면,중상사고,0,3,0,0,차대차 - 정면충돌,중앙선침범,젖음/습기,비,단일로 - 기타,화물,남,20세,중상,화물,남,64세,중상
2021052800100258,2021년 5월 28일 13시,금요일,충청북도 옥천군 옥천읍,중상사고,0,1,0,0,차대사람 - 기타,안전운전불이행,젖음/습기,비,단일로 - 기타,기타불명,기타불명,미분류,기타불명,보행자,여,89세,중상
2021052800100297,2021년 5월 28일 14시,금요일,충청북도 제천시 수산면,경상사고,0,0,2,0,차대차 - 측면충돌,기타,젖음/습기,비,교차로 - 교차로안,승용,남,78세,상해없음,승용,여,72세,경상
2021052800100298,2021년 5월 28일 14시,금요일,충청북도 음성군 금왕읍,경상사고,0,0,2,0,차대차 - 추돌,안전운전불이행,건조,맑음,교차로 - 교차로안,승용,남,32세,경상,승용,여,43세,경상
2021052800100416,2021년 5월 28일 17시,금요일,충청북도 진천군 문백면,중상사고,0,1,1,0,차대차 - 측면충돌,교차로운행방법위반,건조,맑음,교차로 - 교차로안,승용,여,63세,상해없음,승용,여,53세,경상
2021052800100417,2021년 5월 28일 17시,금요일,충청북도 청주시 상당구 용암동,경상사고,0,0,1,0,차대차 - 측면충돌,안전운전불이행,건조,맑음,기타 - 기타,승용,여,60세,상해없음,승용,남,40세,경상
2021052800100418,2021년 5월 28일 17시,금요일,충청북도 음성군 대소면,경상사고,0,0,1,0,차대차 - 추돌,안전거리미확보,건조,맑음,단일로 - 지하차도(도로)내,승용,여,34세,기타불명,승용,남,29세,경상
2021052800100466,2021년 5월 28일 18시,금요일,충청북도 청주시 흥덕구 복대동,중상사고,0,1,0,0,차대차 - 측면충돌,안전운전불이행,젖음/습기,비,교차로 - 교차로안,이륜,남,45세,중상,승용,남,29세,상해없음
2021052800100548,2021년 5월 28일 20시,금요일,충청북도 청주시 상당구 대성동,경상사고,0,0,1,0,차대차 - 기타,교차로운행방법위반,젖음/습기,비,교차로 - 교차로부근,승용,여,60세,상해없음,이륜,남,21세,경상
2021052800100549,2021년 5월 28일 20시,금요일,충청북도 청주시 상당구 문의면,경상사고,0,0,1,0,차대차 - 측면충돌,안전운전불이행,건조,맑음,단일로 - 기타,승용,여,23세,상해없음,승용,남,47세,경상
2021052800100571,2021년 5월 28일 21시,금요일,충청북도 음성군 감곡면,경상사고,0,0,2,0,차대차 - 측면충돌,신호위반,건조,맑음,교차로 - 교차로안,승용,남,26세,상해없음,승용,남,58세,경상
2021052800100572,2021년 5월 28일 21시,금요일,충청북도 진천군 진천읍,중상사고,0,1,0,0,차대사람 - 횡단중,안전운전불이행,건조,맑음,교차로 - 교차로안,승용,여,41세,상해없음,보행자,여,62세,중상
2021052800100573,2021년 5월 28일 21시,금요일,충청북도 청주시 상당구 문의면,중상사고,0,1,1,0,차대차 - 정면충돌,신호위반,건조,맑음,교차로 - 교차로안,승용,남,27세,상해없음,승합,남,39세,중상
2021052800100596,2021년 5월 28일 22시,금요일,충청북도 청주시 흥덕구 봉명동,중상사고,0,2,1,0,차대차 - 추돌,안전운전불이행,건조,맑음,단일로 - 기타,승용,남,37세,상해없음,승용,남,61세,중상
2021052800100620,2021년 5월 28일 23시,금요일,충청북도 충주시 연수동,경상사고,0,0,3,0,차대차 - 추돌,안전운전불이행,건조,흐림,교차로 - 교차로부근,승용,남,44세,상해없음,승용,여,39세,경상
2021052800100621,2021년 5월 28일 23시,금요일,충청북도 충주시 목행동,경상사고,0,0,1,0,차대사람 - 횡단중,보행자보호의무위반,건조,흐림,단일로 - 기타,기타불명,기타불명,미분류,기타불명,보행자,남,50세,경상
2021052900100038,2021년 5월 29일 04시,토요일,충청북도 음성군 원남면,중상사고,0,1,3,0,차대차 - 추돌,안전거리미확보,건조,맑음,미분류 - 미분류,화물,남,61세,경상,승용,남,54세,중상
2021052900100071,2021년 5월 29일 07시,토요일,충청북도 충주시 교현동,경상사고,0,0,5,0,차대차 - 측면충돌,안전운전불이행,건조,맑음,단일로 - 기타,승용,남,45세,상해없음,승용,여,43세,경상
2021052900100084,2021년 5월 29일 08시,토요일,충청북도 청주시 청원구 오창읍,경상사고,0,0,2,0,차대차 - 추돌,안전운전불이행,건조,맑음,단일로 - 기타,화물,남,46세,상해없음,승용,남,60세,경상
2021052900100108,2021년 5월 29일 09시,토요일,충청북도 제천시 남천동,중상사고,0,1,0,0,차대차 - 기타,안전거리미확보,건조,맑음,교차로 - 교차로부근,승용,남,67세,상해없음,이륜,남,37세,중상
2021052900100131,2021년 5월 29일 10시,토요일,충청북도 제천시 왕암동,중상사고,0,1,3,0,차대차 - 측면충돌,신호위반,건조,맑음,교차로 - 교차로안,승용,여,19세,경상,승용,남,34세,경상
2021052900100132,2021년 5월 29일 10시,토요일,충청북도 진천군 진천읍,중상사고,0,2,0,0,차대차 - 정면충돌,중앙선침범,건조,맑음,단일로 - 기타,승용,여,50세,상해없음,승용,남,25세,중상
2021052900100133,2021년 5월 29일 10시,토요일,충청북도 청주시 상당구 석교동,중상사고,0,1,0,0,차대차 - 측면충돌,신호위반,건조,맑음,교차로 - 교차로안,승용,남,36세,상해없음,이륜,여,46세,중상
2021052900100162,2021년 5월 29일 11시,토요일,충청북도 제천시 고암동,부상신고사고,0,0,0,1,차대차 - 추돌,안전운전불이행,건조,맑음,교차로 - 교차로안,화물,남,79세,상해없음,승용,남,45세,부상신고
2021052900100163,2021년 5월 29일 11시,토요일,충청북도 청주시 상당구 용담동,경상사고,0,0,1,0,차대차 - 측면충돌,차로위반,건조,맑음,교차로 - 교차로횡단보도내,이륜,남,45세,경상,승용,여,47세,기타불명
2021052900100210,2021년 5월 29일 12시,토요일,충청북도 청주시 청원구 사천동,경상사고,0,0,2,0,차대차 - 추돌,안전운전불이행,건조,맑음,단일로 - 기타,승용,여,37세,상해없음,승용,남,63세,경상
2021052900100211,2021년 5월 29일 12시,토요일,충청북도 청주시 상당구 용암동,경상사고,0,0,2,0,차대차 - 측면충돌,안전운전불이행,건조,맑음,교차로 - 교차로안,승용,남,39세,상해없음,승용,여,55세,경상
2021052900100249,2021년 5월 29일 13시,토요일,충청북도 청주시 서원구 산남동,경상사고,0,0,1,0,차대차 - 측면충돌,교차로운행방법위반,건조,맑음,주차장 - 주차장,승용,여,22세,경상,승용,남,60세,상해없음
2021052900100287,2021년 5월 29일 14시,토요일,충청북도 충주시 대소원면,중상사고,0,2,0,1,차대차 - 정면충돌,직진우회전진행방해,건조,맑음,교차로 - 교차로안,화물,남,60세,부상신고,승용,남,21세,중상
2021052900100288,2021년 5월 29일 14시,토요일,충청북도 음성군 음성읍,경상사고,0,0,1,0,차량단독 - 공작물충돌,안전운전불이행,건조,흐림,미분류 - 미분류,승용,여,27세,경상,,,,
2021052900100289,2021년 5월 29일 14시,토요일,충청북도 청주시 상당구 용암동,경상사고,0,0,1,0,차대사람 - 횡단중,보행자보호의무위반,건조,맑음,교차로 - 교차로부근,승용,남,61세,상해없음,보행자,여,72세,경상
2021052900100317,2021년 5월 29일 15시,토요일,충청북도 청주시 서원구 사직동,중상사고,0,1,0,0,차대사람 - 기타,안전운전불이행,건조,맑음,단일로 - 기타,자전거,남,29세,상해없음,보행자,여,63세,중상
2021052900100393,2021년 5월 29일 17시,토요일,충청북도 청주시 서원구 사직동,경상사고,0,0,1,0,차대차 - 기타,안전운전불이행,건조,맑음,교차로 - 교차로안,화물,남,62세,상해없음,승용,여,50세,경상
2021052900100394,2021년 5월 29일 17시,토요일,충청북도 제천시 동현동,경상사고,0,0,2,0,차대차 - 측면충돌,안전운전불이행,젖음/습기,흐림,교차로 - 교차로안,화물,남,69세,상해없음,승용,남,39세,상해없음
2021052900100395,2021년 5월 29일 17시,토요일,충청북도 청주시 흥덕구 봉명동,중상사고,0,1,0,0,차대차 - 측면충돌,중앙선침범,건조,맑음,단일로 - 기타,승용,남,59세,상해없음,이륜,남,15세,중상
2021052900100431,2021년 5월 29일 18시,토요일,충청북도 청주시 상당구 북문로2가,경상사고,0,0,1,0,차대차 - 측면충돌,안전거리미확보,건조,맑음,단일로 - 기타,승용,남,63세,상해없음,승용,남,36세,경상
2021052900100468,2021년 5월 29일 19시,토요일,충청북도 충주시 신니면,경상사고,0,0,1,0,차대차 - 측면충돌,교차로운행방법위반,건조,맑음,교차로 - 교차로안,승용,여,53세,상해없음,승용,남,24세,경상
2021052900100469,2021년 5월 29일 19시,토요일,충청북도 증평군 증평읍,경상사고,0,0,1,0,차대차 - 측면충돌,직진우회전진행방해,건조,맑음,교차로 - 교차로안,이륜,남,55세,경상,승용,남,46세,상해없음
2021052900100470,2021년 5월 29일 19시,토요일,충청북도 진천군 덕산읍,경상사고,0,0,1,0,차대차 - 정면충돌,안전운전불이행,건조,맑음,교차로 - 교차로안,승용,남,40세,상해없음,이륜,남,48세,경상
2021052900100524,2021년 5월 29일 21시,토요일,충청북도 제천시 모산동,중상사고,0,1,0,0,차량단독 - 기타,안전운전불이행,건조,맑음,단일로 - 기타,자전거,남,14세,중상,,,,
2021052900100576,2021년 5월 29일 23시,토요일,충청북도 괴산군 괴산읍,경상사고,0,0,1,0,차대차 - 추돌,안전운전불이행,건조,맑음,교차로 - 교차로부근,승용,남,62세,상해없음,승용,남,33세,경상
2021053000100043,2021년 5월 30일 07시,일요일,충청북도 청주시 흥덕구 운천동,중상사고,0,1,1,0,차대차 - 기타,중앙선침범,건조,맑음,단일로 - 고가도로위,승용,여,28세,상해없음,승용,남,71세,경상
2021053000100052,2021년 5월 30일 08시,일요일,충청북도 청주시 서원구 모충동,경상사고,0,0,1,0,차대차 - 측면충돌,안전운전불이행,건조,맑음,교차로 - 교차로안,화물,남,50세,상해없음,자전거,남,4세,경상
2021053000100061,2021년 5월 30일 09시,일요일,충청북도 청주시 흥덕구 오송읍,경상사고,0,0,1,0,차대차 - 추돌,안전운전불이행,건조,맑음,교차로 - 교차로부근,승용,남,39세,상해없음,화물,남,55세,경상
2021053000100140,2021년 5월 30일 12시,일요일,충청북도 증평군 증평읍,경상사고,0,0,2,0,차대차 - 후진중충돌,불법유턴,건조,맑음,교차로 - 교차로안,승용,여,60세,기타불명,승용,남,52세,경상
2021053000100173,2021년 5월 30일 13시,일요일,충청북도 음성군 대소면,경상사고,0,0,1,0,차대차 - 측면충돌,교차로운행방법위반,건조,맑음,교차로 - 교차로안,승용,여,44세,상해없음,이륜,남,29세,경상
2021053000100174,2021년 5월 30일 13시,일요일,충청북도 청주시 흥덕구 가경동,경상사고,0,0,5,0,차대차 - 측면충돌,교차로운행방법위반,건조,맑음,교차로 - 교차로안,화물,남,58세,상해없음,승합,여,47세,상해없음
2021053000100209,2021년 5월 30일 14시,일요일,충청북도 청주시 서원구 사직동,중상사고,0,1,0,0,차대사람 - 기타,안전운전불이행,건조,맑음,기타 - 기타,자전거,남,12세,상해없음,보행자,남,61세,중상
2021053000100210,2021년 5월 30일 14시,일요일,충청북도 충주시 연수동,경상사고,0,0,1,0,차대차 - 정면충돌,중앙선침범,건조,맑음,단일로 - 기타,승용,남,66세,상해없음,이륜,남,46세,경상
2021053000100245,2021년 5월 30일 15시,일요일,충청북도 제천시 청전동,경상사고,0,0,1,0,차대차 - 측면충돌,안전거리미확보,건조,맑음,교차로 - 교차로부근,승용,남,78세,기타불명,승용,남,38세,경상
2021053000100318,2021년 5월 30일 17시,일요일,충청북도 제천시 봉양읍,경상사고,0,0,1,0,차량단독 - 전도전복 - 전도,안전운전불이행,건조,맑음,단일로 - 기타,화물,남,48세,경상,,,,
2021053000100319,2021년 5월 30일 17시,일요일,충청북도 제천시 봉양읍,경상사고,0,0,1,0,차대차 - 측면충돌,기타,건조,맑음,교차로 - 교차로안,승용,남,25세,상해없음,승용,남,53세,경상
2021053000100320,2021년 5월 30일 17시,일요일,충청북도 증평군 증평읍,경상사고,0,0,1,0,차대차 - 측면충돌,안전거리미확보,건조,맑음,단일로 - 기타,승용,여,37세,상해없음,승용,여,41세,경상
2021053000100321,2021년 5월 30일 17시,일요일,충청북도 청주시 흥덕구 봉명동,부상신고사고,0,0,0,1,차대차 - 추돌,안전운전불이행,건조,맑음,교차로 - 교차로안,이륜,남,25세,부상신고,이륜,남,24세,상해없음
2021053000100356,2021년 5월 30일 18시,일요일,충청북도 청주시 서원구 산남동,중상사고,0,1,0,0,차대사람 - 보도통행중,안전운전불이행,건조,맑음,단일로 - 기타,자전거,남,14세,기타불명,보행자,여,76세,중상
2021053000100415,2021년 5월 30일 20시,일요일,충청북도 진천군 진천읍,경상사고,0,0,1,0,차대차 - 추돌,안전운전불이행,젖음/습기,흐림,단일로 - 기타,승용,남,59세,상해없음,이륜,남,21세,경상
2021053000100416,2021년 5월 30일 20시,일요일,충청북도 진천군 진천읍,중상사고,0,1,0,0,차대차 - 측면충돌,직진우회전진행방해,젖음/습기,흐림,교차로 - 교차로안,승용,여,46세,상해없음,이륜,남,24세,중상
2021053000100472,2021년 5월 30일 22시,일요일,충청북도 청주시 청원구 오창읍,중상사고,0,1,0,0,차대차 - 추돌,안전운전불이행,젖음/습기,비,교차로 - 교차로부근,승용,남,34세,상해없음,승용,남,63세,중상
2021053000100473,2021년 5월 30일 22시,일요일,충청북도 청주시 상당구 용암동,중상사고,0,1,0,0,차대사람 - 횡단중,신호위반,젖음/습기,비,교차로 - 교차로횡단보도내,승용,남,25세,상해없음,보행자,남,68세,중상
2021053000100497,2021년 5월 30일 23시,일요일,충청북도 충주시 대소원면,중상사고,0,1,3,0,차대차 - 측면충돌,안전운전불이행,젖음/습기,흐림,교차로 - 교차로안,승용,남,38세,경상,승용,남,62세,경상
2021053000100498,2021년 5월 30일 23시,일요일,충청북도 청주시 서원구 개신동,중상사고,0,1,0,0,차대사람 - 횡단중,신호위반,젖음/습기,비,교차로 - 교차로안,승용,남,29세,기타불명,보행자,남,41세,중상
2021053100100030,2021년 5월 31일 06시,월요일,충청북도 진천군 문백면,경상사고,0,0,1,1,차대차 - 측면충돌,안전운전불이행,건조,맑음,단일로 - 기타,승용,여,29세,경상,화물,남,42세,부상신고
2021053100100105,2021년 5월 31일 09시,월요일,충청북도 영동군 양강면,경상사고,0,0,2,0,차대차 - 기타,안전운전불이행,건조,흐림,단일로 - 기타,건설기계,남,60세,상해없음,승용,남,59세,경상
2021053100100135,2021년 5월 31일 10시,월요일,충청북도 제천시 강제동,경상사고,0,0,1,0,차대차 - 측면충돌,안전거리미확보,건조,맑음,단일로 - 기타,화물,남,50세,경상,승용,남,42세,상해없음
2021053100100190,2021년 5월 31일 12시,월요일,충청북도 제천시 동현동,경상사고,0,0,2,0,차대차 - 측면충돌,교차로운행방법위반,건조,맑음,교차로 - 교차로안,화물,남,63세,상해없음,화물,남,55세,경상
2021053100100191,2021년 5월 31일 12시,월요일,충청북도 음성군 음성읍,경상사고,0,0,1,0,차대차 - 측면충돌,안전운전불이행,건조,맑음,미분류 - 미분류,원동기,여,59세,경상,승용,여,23세,상해없음
2021053100100192,2021년 5월 31일 12시,월요일,충청북도 청주시 서원구 현도면,경상사고,0,0,1,0,차대사람 - 기타,안전운전불이행,건조,맑음,단일로 - 기타,승용,남,65세,상해없음,보행자,남,54세,경상
2021053100100217,2021년 5월 31일 13시,월요일,충청북도 청주시 청원구 오창읍,경상사고,0,0,1,0,차대차 - 기타,안전운전불이행,건조,맑음,기타 - 기타,승합,남,68세,상해없음,승용,남,24세,경상
2021053100100251,2021년 5월 31일 14시,월요일,충청북도 청주시 청원구 주성동,경상사고,0,0,1,0,차대차 - 후진중충돌,안전운전불이행,건조,맑음,교차로 - 교차로부근,승용,남,52세,상해없음,승용,여,39세,경상
2021053100100252,2021년 5월 31일 14시,월요일,충청북도 증평군 증평읍,경상사고,0,0,3,0,차대차 - 측면충돌,직진우회전진행방해,건조,맑음,교차로 - 교차로부근,화물,남,34세,경상,승용,여,40세,경상
2021053100100292,2021년 5월 31일 15시,월요일,충청북도 증평군 증평읍,중상사고,0,1,0,0,차대사람 - 기타,안전운전불이행,건조,맑음,단일로 - 기타,승용,여,32세,상해없음,보행자,남,6세,중상
2021053100100332,2021년 5월 31일 16시,월요일,충청북도 청주시 서원구 사직동,경상사고,0,0,1,0,차대차 - 기타,안전운전불이행,건조,맑음,기타 - 기타,승용,여,55세,상해없음,개인형이동수단(PM),남,26세,경상
2021053100100371,2021년 5월 31일 17시,월요일,충청북도 음성군 삼성면,사망사고,1,0,0,0,차량단독 - 전도전복 - 전도,안전운전불이행,건조,맑음,미분류 - 미분류,자전거,남,66세,사망,,,,
2021053100100372,2021년 5월 31일 17시,월요일,충청북도 청주시 상당구 용암동,경상사고,0,0,1,0,차대차 - 측면충돌,안전운전불이행,건조,맑음,단일로 - 기타,승용,여,59세,상해없음,자전거,남,12세,경상
2021053100100416,2021년 5월 31일 18시,월요일,충청북도 제천시 청전동,경상사고,0,0,1,0,차대차 - 측면충돌,차로위반,건조,맑음,단일로 - 기타,승용,여,55세,상해없음,승용,여,51세,경상
2021053100100417,2021년 5월 31일 18시,월요일,충청북도 청주시 상당구 금천동,경상사고,0,0,1,0,차대차 - 측면충돌,안전운전불이행,건조,맑음,단일로 - 기타,승용,여,26세,경상,승합,남,55세,상해없음
2021053100100448,2021년 5월 31일 19시,월요일,충청북도 충주시 금릉동,경상사고,0,0,1,0,차대사람 - 기타,안전운전불이행,건조,맑음,교차로 - 교차로안,화물,남,40세,상해없음,보행자,남,19세,경상
2021053100100449,2021년 5월 31일 19시,월요일,충청북도 충주시 중앙탑면,경상사고,0,0,1,0,차대차 - 정면충돌,안전운전불이행,건조,맑음,교차로 - 교차로안,승용,여,52세,상해없음,원동기,남,41세,경상
2021053100100450,2021년 5월 31일 19시,월요일,충청북도 제천시 장락동,경상사고,0,0,1,0,차대차 - 측면충돌,신호위반,건조,맑음,교차로 - 교차로안,승용,여,60세,상해없음,승용,여,42세,경상
2021053100100451,2021년 5월 31일 19시,월요일,충청북도 제천시 강제동,중상사고,0,1,1,0,차대차 - 측면충돌,직진우회전진행방해,건조,맑음,교차로 - 교차로안,승용,여,33세,상해없음,이륜,남,75세,중상
2021053100100452,2021년 5월 31일 19시,월요일,충청북도 보은군 회인면,경상사고,0,0,1,0,차대차 - 측면충돌,중앙선침범,건조,맑음,단일로 - 기타,승용,남,55세,상해없음,화물,남,61세,경상
2021053100100475,2021년 5월 31일 20시,월요일,충청북도 괴산군 괴산읍,경상사고,0,0,1,0,차대차 - 측면충돌,안전운전불이행,건조,기타,교차로 - 교차로안,승용,여,52세,상해없음,승용,남,52세,경상
2021053100100476,2021년 5월 31일 20시,월요일,충청북도 청주시 상당구 남일면,중상사고,0,1,0,0,차대차 - 측면충돌,안전운전불이행,건조,맑음,교차로 - 교차로안,승용,여,58세,상해없음,이륜,남,60세,중상
2021053100100539,2021년 5월 31일 23시,월요일,충청북도 제천시 서부동,중상사고,0,3,0,0,차대차 - 측면충돌,신호위반,건조,맑음,교차로 - 교차로안,승용,남,24세,중상,승용,여,39세,중상
2021053100100540,2021년 5월 31일 23시,월요일,충청북도 청주시 흥덕구 운천동,경상사고,0,0,1,0,차대차 - 측면충돌,교차로운행방법위반,건조,맑음,교차로 - 교차로안,승용,남,28세,상해없음,이륜,남,23세,경상
2021060100100030,2021년 6월 1일 03시,화요일,충청북도 충주시 안림동,중상사고,0,1,0,0,차대차 - 정면충돌,신호위반,젖음/습기,흐림,교차로 - 교차로안,화물,남,42세,상해없음,승용,여,50세,중상
2021060100100063,2021년 6월 1일 07시,화요일,충청북도 청주시 청원구 율량동,경상사고,0,0,1,0,차대차 - 측면충돌,직진우회전진행방해,건조,맑음,교차로 - 교차로안,승용,여,42세,기타불명,화물,남,45세,경상
2021060100100064,2021년 6월 1일 07시,화요일,충청북도 충주시 봉방동,경상사고,0,0,1,0,차대차 - 추돌,안전운전불이행,건조,맑음,단일로 - 기타,승용,남,59세,상해없음,승용,여,20세,경상
2021060100100065,2021년 6월 1일 07시,화요일,충청북도 음성군 대소면,경상사고,0,0,3,0,차대차 - 측면충돌,교차로운행방법위반,건조,맑음,교차로 - 교차로안,승용,여,50세,경상,화물,여,61세,경상
2021060100100066,2021년 6월 1일 07시,화요일,충청북도 청주시 흥덕구 휴암동,경상사고,0,0,11,1,차대차 - 추돌,안전운전불이행,건조,맑음,단일로 - 기타,승용,남,38세,기타불명,승용,남,54세,경상
2021060100100098,2021년 6월 1일 08시,화요일,충청북도 충주시 주덕읍,중상사고,0,1,0,1,차대차 - 기타,직진우회전진행방해,건조,맑음,교차로 - 교차로안,승용,여,29세,부상신고,이륜,여,62세,중상
2021060100100133,2021년 6월 1일 09시,화요일,충청북도 청주시 서원구 죽림동,경상사고,0,0,1,0,차대차 - 측면충돌,안전운전불이행,건조,맑음,교차로 - 교차로부근,화물,남,53세,상해없음,승용,여,27세,경상
2021060100100189,2021년 6월 1일 11시,화요일,충청북도 진천군 광혜원면,경상사고,0,0,1,0,차대차 - 측면충돌,안전운전불이행,건조,맑음,단일로 - 기타,승용,남,83세,상해없음,화물,남,47세,경상
2021060100100223,2021년 6월 1일 12시,화요일,충청북도 충주시 문화동,중상사고,0,1,0,0,차대차 - 측면충돌,중앙선침범,건조,맑음,단일로 - 기타,자전거,여,72세,중상,승용,남,74세,상해없음
2021060100100224,2021년 6월 1일 12시,화요일,충청북도 음성군 금왕읍,중상사고,0,1,0,0,차대차 - 측면충돌,중앙선침범,건조,맑음,미분류 - 미분류,승용,남,72세,상해없음,이륜,남,84세,중상
2021060100100225,2021년 6월 1일 12시,화요일,충청북도 청주시 상당구 용담동,경상사고,0,0,1,0,차량단독 - 전도전복 - 전도,안전운전불이행,건조,맑음,단일로 - 기타,승용,남,18세,상해없음,,,,
2021060100100264,2021년 6월 1일 13시,화요일,충청북도 청주시 흥덕구 외북동,경상사고,0,0,2,0,차대차 - 측면충돌,안전운전불이행,건조,맑음,단일로 - 기타,승용,여,53세,상해없음,화물,남,40세,경상