사고번호,사고일시,요일,시군구,사고내용,사망자수,중상자수,경상자수,부상신고자수,사고유형,법규위반,노면상태,기상상태,도로형태,가해운전자 차종,가해운전자 성별,가해운전자 연령,가해운전자 상해정도,피해운전자 차종,피해운전자 성별,피해운전자 연령,피해운전자 상해정도
2021060700100413,2021년 6월 7일 17시,월요일,충청북도 보은군 삼승면,중상사고,0,1,0,0,차대사람 - 기타,안전운전불이행,건조,맑음,단일로 - 기타,승용,남,65세,상해없음,보행자,여,67세,중상
2021060700100462,2021년 6월 7일 18시,월요일,충청북도 청주시 서원구 사창동,경상사고,0,0,1,0,차대사람 - 기타,안전운전불이행,건조,맑음,기타 - 기타,승용,남,43세,경상,보행자,남,13세,기타불명
2021060700100509,2021년 6월 7일 19시,월요일,충청북도 충주시 교현동,경상사고,0,0,1,0,차대사람 - 기타,안전운전불이행,건조,맑음,단일로 - 기타,승용,남,54세,상해없음,보행자,여,16세,경상
2021060700100510,2021년 6월 7일 19시,월요일,충청북도 진천군 광혜원면,경상사고,0,0,1,0,차대사람 - 횡단중,보행자보호의무위반,건조,맑음,교차로 - 교차로횡단보도내,승용,남,25세,상해없음,보행자,남,55세,경상
2021060700100511,2021년 6월 7일 19시,월요일,충청북도 청주시 상당구 용암동,경상사고,0,0,1,0,차대차 - 측면충돌,안전운전불이행,건조,맑음,교차로 - 교차로안,화물,남,66세,상해없음,승용,남,22세,경상
2021060700100605,2021년 6월 7일 23시,월요일,충청북도 청주시 상당구 석교동,중상사고,0,1,0,0,차대사람 - 횡단중,안전운전불이행,건조,맑음,단일로 - 기타,승용,남,52세,상해없음,보행자,여,55세,중상
2021060800100045,2021년 6월 8일 07시,화요일,충청북도 청주시 흥덕구 오송읍,경상사고,0,0,1,0,차대차 - 측면충돌,차로위반,건조,맑음,단일로 - 지하차도(도로)내,승용,남,39세,상해없음,승용,여,43세,경상
2021060800100046,2021년 6월 8일 07시,화요일,충청북도 청주시 상당구 금천동,경상사고,0,0,1,0,차대차 - 측면충돌,차로위반,건조,맑음,교차로 - 교차로부근,승용,남,47세,상해없음,승용,남,24세,경상
2021060800100115,2021년 6월 8일 09시,화요일,충청북도 증평군 증평읍,중상사고,0,1,2,0,차대차 - 추돌,안전거리미확보,건조,맑음,교차로 - 교차로부근,화물,남,49세,상해없음,화물,남,60세,중상
2021060800100116,2021년 6월 8일 09시,화요일,충청북도 청주시 상당구 남문로1가,경상사고,0,0,1,0,차대사람 - 횡단중,신호위반,건조,맑음,교차로 - 교차로횡단보도내,원동기,남,71세,상해없음,보행자,여,23세,경상
2021060800100153,2021년 6월 8일 10시,화요일,충청북도 충주시 용산동,경상사고,0,0,2,0,차대차 - 추돌,안전운전불이행,건조,맑음,단일로 - 기타,화물,남,50세,상해없음,승용,남,33세,경상
2021060800100154,2021년 6월 8일 10시,화요일,충청북도 청주시 흥덕구 옥산면,중상사고,0,1,0,0,차대사람 - 기타,안전운전불이행,건조,맑음,단일로 - 기타,승용,남,37세,상해없음,보행자,여,61세,중상
2021060800100191,2021년 6월 8일 11시,화요일,충청북도 음성군 금왕읍,경상사고,0,0,1,0,차대차 - 측면충돌,중앙선침범,건조,맑음,교차로 - 교차로부근,화물,남,56세,상해없음,화물,남,59세,경상
2021060800100259,2021년 6월 8일 13시,화요일,충청북도 청주시 청원구 사천동,경상사고,0,0,1,0,차량단독 - 기타,안전운전불이행,건조,맑음,교차로 - 교차로부근,개인형이동수단(PM),남,44세,경상,,,,
2021060800100260,2021년 6월 8일 13시,화요일,충청북도 진천군 이월면,경상사고,0,0,2,0,차대차 - 측면충돌,안전거리미확보,건조,맑음,단일로 - 기타,승용,여,55세,상해없음,승용,여,43세,경상
2021060800100286,2021년 6월 8일 14시,화요일,충청북도 청주시 상당구 문화동,경상사고,0,0,2,0,차대차 - 측면충돌,안전운전불이행,건조,맑음,교차로 - 교차로안,승용,여,51세,상해없음,승용,남,29세,경상
2021060800100327,2021년 6월 8일 15시,화요일,충청북도 충주시 봉방동,경상사고,0,0,2,0,차대차 - 정면충돌,안전거리미확보,건조,맑음,단일로 - 기타,승용,남,34세,상해없음,승용,남,27세,경상
2021060800100328,2021년 6월 8일 15시,화요일,충청북도 청주시 흥덕구 신봉동,경상사고,0,0,1,0,차대차 - 측면충돌,안전운전불이행,건조,맑음,주차장 - 주차장,승용,남,48세,상해없음,승용,남,36세,경상
2021060800100364,2021년 6월 8일 16시,화요일,충청북도 청주시 흥덕구 운천동,부상신고사고,0,0,0,1,차대차 - 측면충돌,교차로운행방법위반,건조,맑음,교차로 - 교차로횡단보도내,승용,남,61세,상해없음,자전거,남,12세,부상신고
2021060800100401,2021년 6월 8일 17시,화요일,충청북도 청주시 흥덕구 가경동,경상사고,0,0,3,0,차대차 - 측면충돌,안전거리미확보,건조,맑음,단일로 - 기타,승용,남,66세,상해없음,승용,남,35세,경상
2021060800100453,2021년 6월 8일 18시,화요일,충청북도 청주시 흥덕구 송정동,경상사고,0,0,1,0,차대차 - 추돌,안전거리미확보,건조,맑음,교차로 - 교차로횡단보도내,승용,남,47세,상해없음,승용,여,40세,경상
2021060800100490,2021년 6월 8일 19시,화요일,충청북도 청주시 서원구 남이면,중상사고,0,1,0,0,차대차 - 측면충돌,교차로운행방법위반,건조,맑음,교차로 - 교차로부근,승용,남,40세,상해없음,이륜,남,68세,중상
2021060800100519,2021년 6월 8일 20시,화요일,충청북도 증평군 증평읍,경상사고,0,0,1,0,차대차 - 측면충돌,신호위반,건조,맑음,교차로 - 교차로안,승용,남,52세,상해없음,승용,남,38세,경상
2021060800100520,2021년 6월 8일 20시,화요일,충청북도 청주시 흥덕구 운천동,경상사고,0,0,2,0,차대차 - 측면충돌,신호위반,건조,맑음,교차로 - 교차로안,이륜,남,19세,경상,승용,여,38세,경상
2021060800100521,2021년 6월 8일 20시,화요일,충청북도 청주시 흥덕구 복대동,경상사고,0,0,1,0,차대차 - 추돌,기타,건조,맑음,단일로 - 기타,승용,남,37세,상해없음,개인형이동수단(PM),남,40세,경상
2021060800100542,2021년 6월 8일 21시,화요일,충청북도 충주시 용산동,중상사고,0,1,0,0,차대차 - 측면충돌,안전운전불이행,건조,흐림,단일로 - 기타,승용,남,58세,상해없음,승용,여,55세,중상
2021060800100543,2021년 6월 8일 21시,화요일,충청북도 진천군 이월면,중상사고,0,1,0,0,차대차 - 추돌,안전거리미확보,건조,맑음,단일로 - 기타,승용,남,41세,상해없음,농기계,남,57세,중상
2021060800100544,2021년 6월 8일 21시,화요일,충청북도 청주시 흥덕구 강서동,중상사고,0,2,0,0,차대사람 - 횡단중,신호위반,건조,맑음,교차로 - 교차로횡단보도내,승용,남,63세,상해없음,보행자,여,53세,중상
2021060900100024,2021년 6월 9일 05시,수요일,충청북도 청주시 청원구 우암동,중상사고,0,1,1,0,차대차 - 기타,교차로운행방법위반,건조,맑음,교차로 - 교차로안,승용,여,58세,중상,승용,남,50세,경상
2021060900100050,2021년 6월 9일 07시,수요일,충청북도 청주시 흥덕구 옥산면,중상사고,0,1,1,0,차대차 - 정면충돌,중앙선침범,건조,맑음,단일로 - 기타,승용,남,26세,상해없음,승용,남,56세,중상
2021060900100081,2021년 6월 9일 08시,수요일,충청북도 충주시 달천동,경상사고,0,0,1,0,차대차 - 기타,안전운전불이행,건조,맑음,교차로 - 교차로안,화물,남,28세,상해없음,승용,여,21세,경상
2021060900100082,2021년 6월 9일 08시,수요일,충청북도 충주시 봉방동,경상사고,0,0,1,0,차대차 - 측면충돌,안전운전불이행,건조,맑음,교차로 - 교차로부근,승용,여,40세,상해없음,승용,남,42세,경상
2021060900100083,2021년 6월 9일 08시,수요일,충청북도 청주시 서원구 죽림동,중상사고,0,1,0,0,차대차 - 측면충돌,안전운전불이행,건조,맑음,단일로 - 기타,화물,남,63세,상해없음,이륜,남,82세,중상
2021060900100084,2021년 6월 9일 08시,수요일,충청북도 청주시 서원구 산남동,경상사고,0,0,1,0,차대차 - 추돌,안전운전불이행,건조,맑음,단일로 - 지하차도(도로)내,승용,남,63세,경상,승용,여,28세,상해없음
2021060900100122,2021년 6월 9일 09시,수요일,충청북도 청주시 상당구 미원면,경상사고,0,0,1,0,차대차 - 정면충돌,중앙선침범,건조,맑음,단일로 - 기타,자전거,남,74세,경상,화물,남,71세,상해없음
2021060900100146,2021년 6월 9일 10시,수요일,충청북도 옥천군 군북면,경상사고,0,0,2,0,차대차 - 측면충돌,안전운전불이행,건조,맑음,기타 - 기타,건설기계,남,60세,경상,화물,남,30세,경상
2021060900100176,2021년 6월 9일 11시,수요일,충청북도 청주시 청원구 오창읍,경상사고,0,0,2,0,차대차 - 기타,안전거리미확보,건조,맑음,교차로 - 교차로부근,건설기계,남,42세,상해없음,승용,남,25세,경상
2021060900100213,2021년 6월 9일 12시,수요일,충청북도 진천군 이월면,중상사고,0,1,0,0,차대차 - 측면충돌,교차로운행방법위반,건조,맑음,교차로 - 교차로안,건설기계,남,55세,상해없음,승용,남,43세,중상
2021060900100278,2021년 6월 9일 14시,수요일,충청북도 청주시 청원구 내덕동,경상사고,0,0,2,0,차대차 - 정면충돌,중앙선침범,건조,맑음,교차로 - 교차로부근,승용,여,20세,상해없음,화물,남,33세,경상
2021060900100279,2021년 6월 9일 14시,수요일,충청북도 청주시 서원구 사직동,경상사고,0,0,1,0,차대차 - 추돌,안전거리미확보,건조,맑음,단일로 - 기타,승용,남,69세,상해없음,승용,남,28세,경상
2021060900100280,2021년 6월 9일 14시,수요일,충청북도 청주시 서원구 개신동,경상사고,0,0,1,0,차대차 - 기타,안전운전불이행,건조,맑음,기타 - 기타,승용,남,71세,상해없음,승용,여,29세,경상
2021060900100281,2021년 6월 9일 14시,수요일,충청북도 충주시 안림동,경상사고,0,0,2,0,차대차 - 측면충돌,안전거리미확보,건조,맑음,교차로 - 교차로부근,화물,남,62세,상해없음,승용,남,63세,경상
2021060900100282,2021년 6월 9일 14시,수요일,충청북도 충주시 봉방동,경상사고,0,0,1,0,차대차 - 측면충돌,신호위반,건조,맑음,교차로 - 교차로안,이륜,남,38세,상해없음,승용,남,55세,경상
2021060900100283,2021년 6월 9일 14시,수요일,충청북도 청주시 상당구 북문로2가,경상사고,0,0,2,0,차대차 - 추돌,안전운전불이행,건조,맑음,단일로 - 기타,승용,남,54세,상해없음,승용,남,48세,경상
2021060900100411,2021년 6월 9일 17시,수요일,충청북도 증평군 증평읍,중상사고,0,1,0,0,차대사람 - 횡단중,안전운전불이행,건조,맑음,교차로 - 교차로안,승용,여,58세,상해없음,보행자,여,79세,중상
2021060900100412,2021년 6월 9일 17시,수요일,충청북도 보은군 보은읍,중상사고,0,1,1,0,차대차 - 측면충돌,안전운전불이행,건조,맑음,단일로 - 기타,화물,남,67세,경상,승용,남,47세,중상
2021060900100413,2021년 6월 9일 17시,수요일,충청북도 진천군 진천읍,경상사고,0,0,1,0,차대차 - 측면충돌,안전운전불이행,건조,맑음,교차로 - 교차로안,승용,여,68세,상해없음,승용,여,47세,경상
2021060900100480,2021년 6월 9일 18시,수요일,충청북도 음성군 금왕읍,경상사고,0,0,2,0,차대차 - 측면충돌,안전거리미확보,건조,맑음,단일로 - 기타,승용,남,53세,상해없음,화물,남,62세,경상
2021060900100481,2021년 6월 9일 18시,수요일,충청북도 청주시 흥덕구 봉명동,경상사고,0,0,1,0,차대차 - 기타,직진우회전진행방해,건조,맑음,교차로 - 교차로안,화물,남,27세,상해없음,승용,여,38세,경상
2021060900100482,2021년 6월 9일 18시,수요일,충청북도 충주시 중앙탑면,경상사고,0,0,1,0,차대차 - 추돌,안전운전불이행,건조,맑음,단일로 - 기타,화물,남,60세,상해없음,승용,남,67세,상해없음
2021060900100614,2021년 6월 9일 22시,수요일,충청북도 청주시 청원구 오창읍,경상사고,0,0,2,0,차대차 - 추돌,안전운전불이행,건조,맑음,교차로 - 교차로부근,승용,남,26세,상해없음,승용,남,44세,경상
2021060900100615,2021년 6월 9일 22시,수요일,충청북도 청주시 청원구 오창읍,중상사고,0,1,0,0,차대차 - 측면충돌,안전거리미확보,건조,맑음,교차로 - 교차로부근,개인형이동수단(PM),남,28세,상해없음,이륜,남,42세,중상
2021060900100616,2021년 6월 9일 22시,수요일,충청북도 제천시 청전동,경상사고,0,0,1,0,차대차 - 후진중충돌,안전운전불이행,건조,맑음,교차로 - 교차로안,승합,남,57세,상해없음,승용,남,57세,경상
2021060900100630,2021년 6월 9일 23시,수요일,충청북도 진천군 광혜원면,경상사고,0,0,1,0,차대차 - 추돌,안전운전불이행,건조,맑음,교차로 - 교차로안,승용,남,40세,상해없음,승용,남,58세,경상
2021061000100008,2021년 6월 10일 01시,목요일,충청북도 청주시 상당구 수동,경상사고,0,0,1,0,차대차 - 기타,신호위반,건조,맑음,교차로 - 교차로안,화물,남,43세,상해없음,이륜,남,30세,경상
2021061000100009,2021년 6월 10일 01시,목요일,충청북도 청주시 흥덕구 비하동,경상사고,0,0,1,0,차대차 - 추돌,신호위반,건조,맑음,교차로 - 교차로안,승용,남,63세,상해없음,이륜,남,31세,경상
2021061000100041,2021년 6월 10일 06시,목요일,충청북도 증평군 증평읍,경상사고,0,0,2,0,차대차 - 측면충돌,안전운전불이행,건조,맑음,단일로 - 기타,승용,남,52세,경상,승용,남,74세,경상
2021061000100042,2021년 6월 10일 06시,목요일,충청북도 옥천군 옥천읍,경상사고,0,0,1,0,차대차 - 측면충돌,안전거리미확보,건조,맑음,단일로 - 기타,승용,여,54세,상해없음,특수,남,40세,경상
2021061000100062,2021년 6월 10일 07시,목요일,충청북도 옥천군 군북면,사망사고,1,0,2,0,차대차 - 정면충돌,중앙선침범,건조,맑음,단일로 - 기타,이륜,남,78세,사망,화물,남,78세,경상
2021061000100091,2021년 6월 10일 08시,목요일,충청북도 청주시 흥덕구 봉명동,경상사고,0,0,1,0,차대차 - 측면충돌,교차로운행방법위반,건조,맑음,교차로 - 교차로안,승용,여,60세,상해없음,승용,여,53세,경상
2021061000100168,2021년 6월 10일 10시,목요일,충청북도 청주시 흥덕구 옥산면,사망사고,1,3,4,0,차대차 - 추돌,안전운전불이행,건조,맑음,단일로 - 지하차도(도로)내,화물,남,61세,경상,화물,남,65세,사망
2021061000100207,2021년 6월 10일 11시,목요일,충청북도 청주시 청원구 내수읍,중상사고,0,1,2,0,차대차 - 추돌,안전운전불이행,건조,맑음,단일로 - 기타,화물,남,67세,상해없음,건설기계,남,64세,경상
2021061000100208,2021년 6월 10일 11시,목요일,충청북도 제천시 신월동,중상사고,0,1,1,0,차대차 - 정면충돌,기타,건조,맑음,교차로 - 교차로안,이륜,남,19세,중상,승용,여,47세,경상
2021061000100315,2021년 6월 10일 14시,목요일,충청북도 증평군 증평읍,부상신고사고,0,0,0,3,차대차 - 후진중충돌,안전운전불이행,건조,맑음,교차로 - 교차로부근,화물,남,49세,상해없음,승용,여,38세,부상신고
2021061000100316,2021년 6월 10일 14시,목요일,충청북도 청주시 상당구 석교동,경상사고,0,0,2,0,차대차 - 측면충돌,안전운전불이행,건조,맑음,교차로 - 교차로안,승용,여,65세,경상,승용,여,39세,경상
2021061000100349,2021년 6월 10일 15시,목요일,충청북도 청주시 청원구 율량동,경상사고,0,0,1,0,차대사람 - 기타,안전운전불이행,건조,맑음,기타 - 기타,승용,여,41세,상해없음,보행자,여,15세,경상
2021061000100350,2021년 6월 10일 15시,목요일,충청북도 단양군 어상천면,경상사고,0,0,1,0,차량단독 - 공작물충돌,안전운전불이행,건조,맑음,기타 - 기타,화물,남,38세,경상,,,,
2021061000100351,2021년 6월 10일 15시,목요일,충청북도 청주시 상당구 금천동,경상사고,0,0,5,0,차대차 - 측면충돌,안전운전불이행,건조,맑음,교차로 - 교차로부근,원동기,남,29세,경상,승용,여,46세,경상
2021061000100382,2021년 6월 10일 16시,목요일,충청북도 충주시 연수동,경상사고,0,0,1,0,차대차 - 측면충돌,신호위반,건조,맑음,단일로 - 기타,승용,남,24세,기타불명,승용,여,36세,경상
2021061000100383,2021년 6월 10일 16시,목요일,충청북도 청주시 서원구 현도면,경상사고,0,0,1,1,차대차 - 측면충돌,직진우회전진행방해,건조,맑음,교차로 - 교차로안,승용,여,59세,부상신고,승용,여,47세,경상
2021061000100426,2021년 6월 10일 17시,목요일,충청북도 청주시 흥덕구 운천동,경상사고,0,0,1,0,차대차 - 측면충돌,안전거리미확보,건조,맑음,교차로 - 교차로부근,승용,남,65세,상해없음,이륜,남,23세,경상
2021061000100475,2021년 6월 10일 18시,목요일,충청북도 청주시 청원구 율량동,경상사고,0,0,1,0,차대차 - 기타,안전운전불이행,건조,맑음,단일로 - 기타,승용,여,41세,상해없음,승용,남,38세,경상
2021061000100476,2021년 6월 10일 18시,목요일,충청북도 증평군 증평읍,경상사고,0,0,1,0,차대차 - 측면충돌,신호위반,건조,맑음,교차로 - 교차로안,승용,남,67세,상해없음,화물,남,66세,경상
2021061000100513,2021년 6월 10일 19시,목요일,충청북도 제천시 신월동,중상사고,0,1,1,0,차대차 - 추돌,안전거리미확보,건조,맑음,교차로 - 교차로부근,승용,여,54세,상해없음,승용,남,48세,경상
2021061000100551,2021년 6월 10일 20시,목요일,충청북도 청주시 흥덕구 가경동,경상사고,0,0,2,0,차대차 - 측면충돌,신호위반,건조,맑음,교차로 - 교차로안,이륜,남,59세,상해없음,승용,남,37세,경상
2021061000100585,2021년 6월 10일 21시,목요일,충청북도 진천군 진천읍,경상사고,0,0,2,0,차대차 - 추돌,안전운전불이행,건조,맑음,교차로 - 교차로부근,승용,남,45세,상해없음,승용,여,53세,경상
2021061000100615,2021년 6월 10일 22시,목요일,충청북도 청주시 청원구 내덕동,중상사고,0,1,0,0,차대사람 - 횡단중,신호위반,젖음/습기,비,교차로 - 교차로부근,이륜,남,47세,상해없음,보행자,여,16세,중상
2021061000100616,2021년 6월 10일 22시,목요일,충청북도 청주시 서원구 수곡동,경상사고,0,0,1,0,차대차 - 추돌,교차로운행방법위반,건조,맑음,교차로 - 교차로안,자전거,남,30세,경상,승용,남,65세,상해없음
2021061100100066,2021년 6월 11일 07시,금요일,충청북도 증평군 증평읍,경상사고,0,0,1,0,차대차 - 측면충돌,안전거리미확보,건조,맑음,단일로 - 기타,이륜,여,79세,경상,특수,남,47세,상해없음
2021061100100096,2021년 6월 11일 08시,금요일,충청북도 청주시 청원구 내덕동,경상사고,0,0,1,0,차대차 - 추돌,안전운전불이행,건조,맑음,교차로 - 교차로안,승용,여,25세,상해없음,승합,남,42세,경상
2021061100100097,2021년 6월 11일 08시,금요일,충청북도 충주시 칠금동,경상사고,0,0,2,0,차대차 - 추돌,안전운전불이행,건조,맑음,교차로 - 교차로부근,승용,여,41세,상해없음,승용,여,60세,경상
2021061100100158,2021년 6월 11일 10시,금요일,충청북도 음성군 금왕읍,경상사고,0,0,2,0,차대차 - 측면충돌,직진우회전진행방해,건조,흐림,교차로 - 교차로안,화물,남,37세,경상,승용,남,61세,경상
2021061100100194,2021년 6월 11일 11시,금요일,충청북도 청주시 청원구 오창읍,경상사고,0,0,1,0,차대차 - 정면충돌,안전운전불이행,건조,맑음,교차로 - 교차로안,승용,남,28세,상해없음,화물,남,53세,경상
2021061100100227,2021년 6월 11일 12시,금요일,충청북도 청주시 서원구 사창동,경상사고,0,0,1,0,차대차 - 기타,안전운전불이행,건조,맑음,기타 - 기타,승용,남,63세,상해없음,화물,남,30세,경상
2021061100100228,2021년 6월 11일 12시,금요일,충청북도 청주시 청원구 율량동,경상사고,0,0,1,0,차대사람 - 횡단중,보행자보호의무위반,건조,맑음,교차로 - 교차로안,승용,남,86세,상해없음,보행자,여,19세,경상
2021061100100229,2021년 6월 11일 12시,금요일,충청북도 청주시 청원구 오창읍,경상사고,0,0,1,0,차대차 - 기타,중앙선침범,건조,맑음,교차로 - 교차로부근,승용,여,41세,상해없음,승용,여,36세,경상
2021061100100261,2021년 6월 11일 13시,금요일,충청북도 제천시 청풍면,경상사고,0,0,2,0,차량단독 - 전도전복 - 전도,안전운전불이행,건조,맑음,단일로 - 기타,화물,남,80세,경상,,,,
2021061100100262,2021년 6월 11일 13시,금요일,충청북도 청주시 흥덕구 석소동,경상사고,0,0,1,0,차대차 - 측면충돌,안전운전불이행,건조,맑음,단일로 - 기타,특수,남,28세,상해없음,승용,여,69세,경상
2021061100100299,2021년 6월 11일 14시,금요일,충청북도 청주시 청원구 우암동,경상사고,0,0,2,0,차대차 - 기타,신호위반,건조,맑음,교차로 - 교차로안,승용,남,68세,상해없음,승용,여,40세,경상
2021061100100300,2021년 6월 11일 14시,금요일,충청북도 음성군 음성읍,경상사고,0,0,2,0,차대차 - 측면충돌,중앙선침범,건조,흐림,교차로 - 교차로부근,승용,남,69세,상해없음,승합,남,29세,경상
2021061100100301,2021년 6월 11일 14시,금요일,충청북도 청주시 상당구 남문로2가,경상사고,0,0,2,0,차대차 - 추돌,안전운전불이행,건조,맑음,교차로 - 교차로안,승용,남,23세,기타불명,승용,남,22세,경상
2021061100100371,2021년 6월 11일 16시,금요일,충청북도 충주시 칠금동,경상사고,0,0,3,0,차대차 - 기타,신호위반,건조,맑음,교차로 - 교차로안,승용,남,79세,경상,승용,여,53세,경상
2021061100100372,2021년 6월 11일 16시,금요일,충청북도 청주시 흥덕구 가경동,경상사고,0,0,2,0,차대차 - 측면충돌,신호위반,건조,맑음,교차로 - 교차로안,이륜,남,50세,상해없음,승용,남,32세,경상
2021061100100373,2021년 6월 11일 16시,금요일,충청북도 진천군 초평면,경상사고,0,0,1,0,차대차 - 추돌,안전거리미확보,건조,맑음,단일로 - 지하차도(도로)내,승용,남,21세,상해없음,승용,남,31세,경상
2021061100100411,2021년 6월 11일 17시,금요일,충청북도 청주시 흥덕구 봉명동,경상사고,0,0,2,0,차대차 - 측면충돌,안전운전불이행,건조,맑음,기타 - 기타,승용,남,57세,경상,승용,남,28세,경상
2021061100100412,2021년 6월 11일 17시,금요일,충청북도 청주시 서원구 수곡동,경상사고,0,0,1,0,차대차 - 측면충돌,교차로운행방법위반,건조,맑음,교차로 - 교차로안,승용,남,73세,상해없음,이륜,남,21세,경상
2021061100100463,2021년 6월 11일 18시,금요일,충청북도 청주시 청원구 율량동,중상사고,0,1,0,0,차대차 - 기타,교차로운행방법위반,건조,맑음,교차로 - 교차로안,화물,남,66세,상해없음,승용,남,38세,중상
2021061100100464,2021년 6월 11일 18시,금요일,충청북도 충주시 교현동,부상신고사고,0,0,0,2,차대차 - 추돌,안전운전불이행,건조,맑음,단일로 - 기타,이륜,남,37세,부상신고,승용,여,25세,부상신고
2021061100100465,2021년 6월 11일 18시,금요일,충청북도 영동군 추풍령면,중상사고,0,1,0,0,차대차 - 측면충돌,중앙선침범,건조,맑음,교차로 - 교차로안,화물,남,38세,상해없음,승용,남,72세,중상
2021061100100466,2021년 6월 11일 18시,금요일,충청북도 청주시 상당구 석교동,경상사고,0,0,2,0,차대차 - 추돌,안전운전불이행,건조,맑음,교차로 - 교차로부근,승용,여,50세,상해없음,승용,여,41세,경상
2021061100100541,2021년 6월 11일 20시,금요일,충청북도 제천시 왕암동,경상사고,0,0,1,0,차대차 - 추돌,안전거리미확보,건조,맑음,교차로 - 교차로안,승용,남,54세,상해없음,승용,여,34세,경상
2021061100100604,2021년 6월 11일 22시,금요일,충청북도 청주시 상당구 금천동,경상사고,0,0,1,0,차대차 - 측면충돌,안전운전불이행,건조,맑음,단일로 - 기타,승용,남,23세,상해없음,원동기,남,34세,경상
2021061100100605,2021년 6월 11일 22시,금요일,충청북도 청주시 상당구 용암동,경상사고,0,0,1,0,차대차 - 측면충돌,안전운전불이행,건조,맑음,교차로 - 교차로안,승용,남,34세,상해없음,승용,여,53세,경상
2021061100100638,2021년 6월 11일 23시,금요일,충청북도 청주시 상당구 탑동,경상사고,0,0,1,0,차대사람 - 횡단중,신호위반,건조,맑음,교차로 - 교차로안,이륜,남,21세,상해없음,보행자,남,51세,경상
2021061200100014,2021년 6월 12일 01시,토요일,충청북도 청주시 흥덕구 강서동,경상사고,0,0,1,0,차대차 - 측면충돌,신호위반,건조,맑음,교차로 - 교차로안,승용,남,36세,경상,승용,남,62세,상해없음
2021061200100021,2021년 6월 12일 02시,토요일,충청북도 청주시 흥덕구 복대동,부상신고사고,0,0,0,1,차대차 - 측면충돌,신호위반,건조,맑음,교차로 - 교차로안,개인형이동수단(PM),남,23세,부상신고,승용,남,49세,상해없음
2021061200100043,2021년 6월 12일 06시,토요일,충청북도 증평군 증평읍,경상사고,0,0,1,0,차대차 - 측면충돌,안전운전불이행,건조,맑음,교차로 - 교차로부근,자전거,남,72세,경상,화물,남,59세,상해없음
2021061200100056,2021년 6월 12일 07시,토요일,충청북도 청주시 청원구 오창읍,경상사고,0,0,1,0,차대차 - 기타,신호위반,건조,맑음,교차로 - 교차로안,건설기계,남,51세,상해없음,승용,남,46세,경상
2021061200100072,2021년 6월 12일 08시,토요일,충청북도 음성군 감곡면,사망사고,1,0,0,0,차대차 - 측면충돌,기타,건조,맑음,교차로 - 교차로안,승용,남,70세,상해없음,자전거,남,72세,사망
2021061200100102,2021년 6월 12일 09시,토요일,충청북도 청주시 청원구 오창읍,중상사고,0,1,0,0,차대차 - 기타,안전운전불이행,건조,맑음,단일로 - 기타,승용,남,63세,상해없음,사륜오토바이(ATV),남,84세,중상
2021061200100103,2021년 6월 12일 09시,토요일,충청북도 청주시 청원구 우암동,경상사고,0,0,1,0,차대차 - 기타,안전운전불이행,건조,맑음,교차로 - 교차로부근,승용,남,77세,상해없음,승용,남,25세,경상
2021061200100104,2021년 6월 12일 09시,토요일,충청북도 충주시 살미면,경상사고,0,0,1,0,차대차 - 측면충돌,안전운전불이행,건조,맑음,교차로 - 교차로안,승용,남,67세,상해없음,승용,남,35세,경상
2021061200100105,2021년 6월 12일 09시,토요일,충청북도 청주시 흥덕구 복대동,경상사고,0,0,1,0,차대차 - 측면충돌,교차로운행방법위반,건조,맑음,교차로 - 교차로안,승용,남,23세,상해없음,승용,남,30세,경상
2021061200100180,2021년 6월 12일 11시,토요일,충청북도 증평군 증평읍,중상사고,0,2,3,0,차대차 - 측면충돌,중앙선침범,건조,맑음,교차로 - 교차로안,승용,여,53세,상해없음,승용,남,49세,중상
2021061200100181,2021년 6월 12일 11시,토요일,충청북도 청주시 서원구 성화동,경상사고,0,0,1,0,차대차 - 측면충돌,중앙선침범,건조,맑음,단일로 - 기타,승용,남,61세,상해없음,승용,여,30세,경상
2021061200100182,2021년 6월 12일 11시,토요일,충청북도 청주시 흥덕구 복대동,중상사고,0,1,1,0,차대차 - 측면충돌,기타,건조,맑음,교차로 - 교차로부근,승용,남,63세,경상,원동기,남,55세,중상
2021061200100183,2021년 6월 12일 11시,토요일,충청북도 청주시 흥덕구 비하동,중상사고,0,1,0,0,차대차 - 측면충돌,기타,건조,맑음,단일로 - 기타,이륜,남,33세,중상,승용,남,51세,상해없음
2021061200100230,2021년 6월 12일 12시,토요일,충청북도 진천군 광혜원면,경상사고,0,0,1,0,차대차 - 측면충돌,안전운전불이행,건조,맑음,교차로 - 교차로안,승용,여,60세,기타불명,승용,남,35세,경상
2021061200100231,2021년 6월 12일 12시,토요일,충청북도 청주시 흥덕구 오송읍,경상사고,0,0,1,0,차대차 - 측면충돌,교차로운행방법위반,건조,맑음,교차로 - 교차로안,이륜,남,56세,경상,승용,남,40세,상해없음
2021061200100270,2021년 6월 12일 13시,토요일,충청북도 청주시 서원구 남이면,경상사고,0,0,2,0,차대차 - 측면충돌,차로위반,건조,맑음,단일로 - 기타,승용,남,42세,경상,승용,남,35세,경상
2021061200100271,2021년 6월 12일 13시,토요일,충청북도 청주시 흥덕구 가경동,경상사고,0,0,4,0,차대차 - 측면충돌,직진우회전진행방해,건조,맑음,교차로 - 교차로안,승용,여,36세,경상,승용,남,61세,경상