사고번호,사고일시,요일,시군구,사고내용,사망자수,중상자수,경상자수,부상신고자수,사고유형,법규위반,노면상태,기상상태,도로형태,가해운전자 차종,가해운전자 성별,가해운전자 연령,가해운전자 상해정도,피해운전자 차종,피해운전자 성별,피해운전자 연령,피해운전자 상해정도
2021062200100055,2021년 6월 22일 07시,화요일,충청북도 진천군 이월면,경상사고,0,0,1,0,차대차 - 정면충돌,안전운전불이행,건조,맑음,단일로 - 기타,승용,남,22세,상해없음,승용,남,54세,경상
2021062200100090,2021년 6월 22일 08시,화요일,충청북도 제천시 청전동,중상사고,0,1,0,0,차대차 - 측면충돌,안전운전불이행,건조,맑음,교차로 - 교차로횡단보도내,승용,여,70세,상해없음,자전거,남,12세,중상
2021062200100163,2021년 6월 22일 10시,화요일,충청북도 청주시 청원구 우암동,중상사고,0,1,0,0,차대차 - 기타,안전운전불이행,건조,맑음,교차로 - 교차로횡단보도내,승합,남,43세,상해없음,자전거,남,24세,중상
2021062200100164,2021년 6월 22일 10시,화요일,충청북도 영동군 용산면,중상사고,0,1,0,0,차대차 - 측면충돌,중앙선침범,건조,맑음,단일로 - 기타,건설기계,남,55세,상해없음,건설기계,남,38세,중상
2021062200100165,2021년 6월 22일 10시,화요일,충청북도 진천군 진천읍,경상사고,0,0,1,0,차대사람 - 차도통행중,안전운전불이행,건조,맑음,단일로 - 기타,승용,여,34세,상해없음,보행자,남,55세,경상
2021062200100166,2021년 6월 22일 10시,화요일,충청북도 청주시 서원구 현도면,중상사고,0,1,1,0,차대차 - 측면충돌,중앙선침범,건조,맑음,단일로 - 기타,승용,남,56세,경상,승용,여,56세,중상
2021062200100241,2021년 6월 22일 12시,화요일,충청북도 옥천군 옥천읍,중상사고,0,1,0,0,차대사람 - 횡단중,신호위반,건조,맑음,교차로 - 교차로횡단보도내,승용,여,59세,상해없음,보행자,여,48세,중상
2021062200100275,2021년 6월 22일 13시,화요일,충청북도 충주시 대소원면,중상사고,0,1,4,0,차대차 - 추돌,안전운전불이행,건조,맑음,단일로 - 기타,승합,남,56세,상해없음,화물,남,69세,경상
2021062200100306,2021년 6월 22일 14시,화요일,충청북도 진천군 초평면,경상사고,0,0,4,0,차대차 - 측면충돌,안전거리미확보,건조,맑음,단일로 - 기타,승용,여,66세,상해없음,승용,남,35세,경상
2021062200100372,2021년 6월 22일 16시,화요일,충청북도 청주시 청원구 율량동,경상사고,0,0,1,0,차대차 - 기타,중앙선침범,건조,맑음,교차로 - 교차로안,화물,여,47세,상해없음,이륜,남,49세,경상
2021062200100373,2021년 6월 22일 16시,화요일,충청북도 음성군 삼성면,경상사고,0,0,1,0,차대차 - 기타,기타,건조,맑음,미분류 - 미분류,화물,남,39세,상해없음,승용,여,61세,경상
2021062200100374,2021년 6월 22일 16시,화요일,충청북도 진천군 진천읍,경상사고,0,0,1,0,차대차 - 측면충돌,교차로운행방법위반,건조,맑음,교차로 - 교차로안,승용,여,63세,상해없음,화물,남,36세,경상
2021062200100414,2021년 6월 22일 17시,화요일,충청북도 제천시 영천동,경상사고,0,0,3,0,차대차 - 측면충돌,신호위반,건조,맑음,교차로 - 교차로안,승용,남,19세,상해없음,승합,남,66세,경상
2021062200100415,2021년 6월 22일 17시,화요일,충청북도 진천군 진천읍,경상사고,0,0,1,0,차대차 - 측면충돌,기타,건조,맑음,교차로 - 교차로안,이륜,남,67세,경상,승용,여,57세,상해없음
2021062200100449,2021년 6월 22일 18시,화요일,충청북도 충주시 중앙탑면,경상사고,0,0,1,0,차대차 - 추돌,안전운전불이행,건조,맑음,단일로 - 기타,승용,남,37세,상해없음,화물,남,73세,경상
2021062200100483,2021년 6월 22일 19시,화요일,충청북도 청주시 청원구 내수읍,중상사고,0,1,0,0,차대차 - 측면충돌,안전운전불이행,건조,맑음,교차로 - 교차로부근,승합,남,61세,상해없음,승용,남,26세,중상
2021062200100512,2021년 6월 22일 20시,화요일,충청북도 충주시 칠금동,중상사고,0,1,0,0,차대차 - 측면충돌,안전운전불이행,젖음/습기,비,교차로 - 교차로부근,자전거,여,57세,중상,화물,남,70세,상해없음
2021062200100541,2021년 6월 22일 21시,화요일,충청북도 청주시 청원구 율량동,경상사고,0,0,2,0,차대차 - 기타,안전운전불이행,건조,맑음,교차로 - 교차로부근,승용,남,60세,상해없음,승용,남,55세,경상
2021062200100542,2021년 6월 22일 21시,화요일,충청북도 단양군 매포읍,중상사고,0,1,1,0,차대차 - 정면충돌,중앙선침범,젖음/습기,비,단일로 - 기타,승용,남,43세,상해없음,승용,남,31세,중상
2021062200100543,2021년 6월 22일 21시,화요일,충청북도 청주시 상당구 지북동,경상사고,0,0,4,0,차대차 - 측면충돌,안전운전불이행,건조,맑음,교차로 - 교차로안,승용,여,56세,상해없음,승용,여,31세,경상
2021062300100015,2021년 6월 23일 01시,수요일,충청북도 청주시 흥덕구 수의동,경상사고,0,0,4,0,차대차 - 추돌,안전운전불이행,건조,맑음,교차로 - 교차로안,승용,여,44세,상해없음,승용,남,38세,경상
2021062300100030,2021년 6월 23일 04시,수요일,충청북도 청주시 청원구 사천동,사망사고,1,0,1,0,차대차 - 기타,불법유턴,건조,맑음,교차로 - 교차로횡단보도내,자전거,남,78세,사망,승용,남,50세,경상
2021062300100052,2021년 6월 23일 07시,수요일,충청북도 음성군 원남면,경상사고,0,0,2,0,차대차 - 측면충돌,신호위반,건조,맑음,교차로 - 교차로안,건설기계,남,57세,상해없음,승용,남,61세,경상
2021062300100193,2021년 6월 23일 12시,수요일,충청북도 제천시 봉양읍,경상사고,0,0,1,0,차대차 - 측면충돌,안전운전불이행,건조,맑음,교차로 - 교차로부근,승용,남,55세,상해없음,화물,남,46세,경상
2021062300100250,2021년 6월 23일 14시,수요일,충청북도 청주시 서원구 사창동,경상사고,0,0,3,0,차대차 - 기타,안전운전불이행,건조,맑음,교차로 - 교차로부근,승용,여,66세,상해없음,승용,여,62세,경상
2021062300100251,2021년 6월 23일 14시,수요일,충청북도 청주시 흥덕구 비하동,경상사고,0,0,1,0,차대사람 - 기타,안전운전불이행,건조,맑음,교차로 - 교차로안,화물,남,48세,상해없음,보행자,여,73세,경상
2021062300100281,2021년 6월 23일 15시,수요일,충청북도 충주시 용산동,중상사고,0,1,1,0,차대사람 - 보도통행중,보행자보호의무위반,건조,맑음,단일로 - 기타,승용,남,53세,상해없음,보행자,여,70세,중상
2021062300100369,2021년 6월 23일 17시,수요일,충청북도 진천군 진천읍,경상사고,0,0,1,0,차대차 - 측면충돌,교차로운행방법위반,건조,맑음,교차로 - 교차로안,화물,남,59세,상해없음,승용,남,19세,경상
2021062300100370,2021년 6월 23일 17시,수요일,충청북도 청주시 흥덕구 복대동,중상사고,0,1,0,0,차대차 - 정면충돌,안전운전불이행,건조,맑음,단일로 - 기타,승용,여,42세,상해없음,자전거,남,21세,중상
2021062300100404,2021년 6월 23일 18시,수요일,충청북도 충주시 목행동,경상사고,0,0,4,0,차대차 - 측면충돌,안전운전불이행,건조,맑음,교차로 - 교차로부근,승용,남,64세,상해없음,승용,여,64세,경상
2021062300100405,2021년 6월 23일 18시,수요일,충청북도 청주시 흥덕구 오송읍,경상사고,0,0,1,0,차대사람 - 차도통행중,안전운전불이행,건조,맑음,기타 - 기타,승용,남,42세,상해없음,보행자,남,52세,경상
2021062300100437,2021년 6월 23일 19시,수요일,충청북도 괴산군 청천면,경상사고,0,0,1,0,차량단독 - 도로외이탈 - 추락,안전운전불이행,건조,맑음,단일로 - 기타,승용,남,64세,상해없음,,,,
2021062300100457,2021년 6월 23일 20시,수요일,충청북도 청주시 서원구 사창동,경상사고,0,0,2,0,차대차 - 기타,신호위반,건조,흐림,교차로 - 교차로안,승용,남,30세,상해없음,승용,여,49세,경상
2021062300100458,2021년 6월 23일 20시,수요일,충청북도 청주시 상당구 북문로2가,경상사고,0,0,1,0,차대차 - 측면충돌,신호위반,건조,맑음,교차로 - 교차로안,승용,남,20세,상해없음,이륜,남,33세,경상
2021062300100459,2021년 6월 23일 20시,수요일,충청북도 영동군 영동읍,중상사고,0,1,0,0,차대차 - 측면충돌,중앙선침범,건조,맑음,교차로 - 교차로부근,이륜,남,21세,상해없음,자전거,남,66세,중상
2021062300100460,2021년 6월 23일 20시,수요일,충청북도 청주시 흥덕구 복대동,경상사고,0,0,1,0,차대차 - 추돌,안전운전불이행,젖음/습기,맑음,교차로 - 교차로부근,이륜,남,38세,상해없음,승용,여,28세,경상
2021062300100461,2021년 6월 23일 20시,수요일,충청북도 청주시 상당구 석교동,경상사고,0,0,1,0,차대차 - 측면충돌,교차로운행방법위반,건조,맑음,교차로 - 교차로부근,승용,남,22세,상해없음,승용,남,20세,경상
2021062300100498,2021년 6월 23일 21시,수요일,충청북도 충주시 호암동,경상사고,0,0,6,0,차대차 - 정면충돌,안전운전불이행,건조,맑음,교차로 - 교차로안,화물,남,62세,상해없음,승용,여,48세,경상
2021062300100499,2021년 6월 23일 21시,수요일,충청북도 제천시 강제동,중상사고,0,1,2,0,차대차 - 측면충돌,신호위반,건조,맑음,교차로 - 교차로안,승용,남,37세,상해없음,승용,남,61세,중상
2021062300100500,2021년 6월 23일 21시,수요일,충청북도 제천시 청전동,중상사고,0,1,0,0,차대사람 - 횡단중,안전운전불이행,건조,맑음,교차로 - 교차로부근,승용,여,22세,상해없음,보행자,남,58세,중상
2021062400100027,2021년 6월 24일 03시,목요일,충청북도 청주시 흥덕구 봉명동,경상사고,0,0,1,0,차대차 - 정면충돌,안전운전불이행,건조,맑음,교차로 - 교차로안,승용,기타불명,미분류,기타불명,승용,여,53세,경상
2021062400100049,2021년 6월 24일 06시,목요일,충청북도 청주시 흥덕구 옥산면,중상사고,0,2,0,0,차대차 - 측면충돌,신호위반,건조,맑음,교차로 - 교차로안,승용,여,24세,중상,승용,남,34세,중상
2021062400100073,2021년 6월 24일 07시,목요일,충청북도 청주시 흥덕구 봉명동,중상사고,0,1,0,0,차대차 - 측면충돌,안전운전불이행,건조,맑음,단일로 - 기타,승용,남,54세,상해없음,자전거,여,62세,중상
2021062400100074,2021년 6월 24일 07시,목요일,충청북도 청주시 서원구 남이면,경상사고,0,0,1,0,차대차 - 측면충돌,안전운전불이행,건조,맑음,교차로 - 교차로부근,승용,남,78세,상해없음,승용,남,26세,경상
2021062400100106,2021년 6월 24일 08시,목요일,충청북도 충주시 칠금동,경상사고,0,0,1,0,차대차 - 추돌,안전운전불이행,건조,맑음,단일로 - 기타,화물,남,76세,상해없음,승용,남,39세,경상
2021062400100107,2021년 6월 24일 08시,목요일,충청북도 단양군 매포읍,경상사고,0,0,2,0,차대차 - 측면충돌,안전운전불이행,건조,맑음,기타 - 기타,승용,남,37세,상해없음,승용,여,44세,경상
2021062400100108,2021년 6월 24일 08시,목요일,충청북도 청주시 서원구 모충동,경상사고,0,0,2,0,차대차 - 추돌,안전운전불이행,건조,맑음,교차로 - 교차로부근,승용,남,61세,상해없음,승용,여,45세,경상
2021062400100148,2021년 6월 24일 09시,목요일,충청북도 청주시 흥덕구 송정동,중상사고,0,1,2,0,차대차 - 측면충돌,신호위반,건조,맑음,교차로 - 교차로안,승용,여,43세,상해없음,승용,남,66세,경상
2021062400100182,2021년 6월 24일 10시,목요일,충청북도 청주시 흥덕구 복대동,중상사고,0,1,0,0,차대사람 - 기타,신호위반,건조,맑음,교차로 - 교차로횡단보도내,승용,여,36세,상해없음,보행자,여,24세,중상
2021062400100211,2021년 6월 24일 11시,목요일,충청북도 청주시 청원구 오창읍,중상사고,0,2,2,0,차대차 - 추돌,안전운전불이행,건조,맑음,단일로 - 기타,화물,남,53세,상해없음,승용,여,46세,경상
2021062400100212,2021년 6월 24일 11시,목요일,충청북도 충주시 달천동,경상사고,0,0,1,0,차대차 - 기타,안전거리미확보,건조,맑음,단일로 - 기타,화물,남,45세,상해없음,승용,남,60세,경상
2021062400100247,2021년 6월 24일 12시,목요일,충청북도 청주시 서원구 개신동,경상사고,0,0,1,0,차대차 - 측면충돌,신호위반,건조,맑음,교차로 - 교차로안,승용,남,61세,상해없음,이륜,남,36세,경상
2021062400100283,2021년 6월 24일 13시,목요일,충청북도 제천시 하소동,경상사고,0,0,1,0,차대차 - 측면충돌,신호위반,건조,맑음,교차로 - 교차로안,승용,남,67세,상해없음,화물,남,46세,경상
2021062400100284,2021년 6월 24일 13시,목요일,충청북도 청주시 흥덕구 비하동,경상사고,0,0,2,0,차대차 - 측면충돌,안전운전불이행,건조,맑음,단일로 - 기타,승용,여,57세,상해없음,승용,여,51세,경상
2021062400100320,2021년 6월 24일 14시,목요일,충청북도 청주시 상당구 수동,경상사고,0,0,1,0,차대차 - 기타,신호위반,건조,맑음,교차로 - 교차로안,승용,남,23세,상해없음,승용,남,60세,경상
2021062400100322,2021년 6월 24일 14시,목요일,충청북도 청주시 흥덕구 강서동,중상사고,0,1,0,0,차대차 - 기타,신호위반,건조,맑음,교차로 - 교차로안,승용,남,52세,상해없음,승용,남,32세,중상
2021062400100360,2021년 6월 24일 15시,목요일,충청북도 청주시 흥덕구 강내면,경상사고,0,0,1,0,차대차 - 추돌,안전운전불이행,건조,맑음,단일로 - 기타,승용,여,37세,상해없음,승용,남,65세,상해없음
2021062400100361,2021년 6월 24일 15시,목요일,충청북도 청주시 상당구 남일면,경상사고,0,0,1,0,차량단독 - 공작물충돌,안전운전불이행,건조,맑음,단일로 - 기타,승용,남,62세,경상,,,,
2021062400100400,2021년 6월 24일 16시,목요일,충청북도 음성군 음성읍,경상사고,0,0,1,0,차대차 - 측면충돌,교차로운행방법위반,건조,맑음,교차로 - 교차로안,승용,남,79세,기타불명,승용,남,71세,경상
2021062400100401,2021년 6월 24일 16시,목요일,충청북도 청주시 흥덕구 복대동,경상사고,0,0,2,0,차대차 - 측면충돌,직진우회전진행방해,건조,맑음,교차로 - 교차로안,승용,여,47세,상해없음,승용,여,38세,경상
2021062400100445,2021년 6월 24일 17시,목요일,충청북도 제천시 백운면,부상신고사고,0,0,0,1,차대사람 - 기타,안전운전불이행,건조,맑음,단일로 - 기타,승용,남,48세,상해없음,보행자,남,58세,부상신고
2021062400100446,2021년 6월 24일 17시,목요일,충청북도 제천시 하소동,경상사고,0,0,1,0,차대차 - 기타,중앙선침범,건조,맑음,교차로 - 교차로부근,승용,남,62세,상해없음,승용,여,52세,경상
2021062400100569,2021년 6월 24일 20시,목요일,충청북도 충주시 칠금동,경상사고,0,0,1,0,차대차 - 측면충돌,신호위반,건조,흐림,단일로 - 기타,승용,남,47세,상해없음,승용,남,26세,경상
2021062400100595,2021년 6월 24일 21시,목요일,충청북도 청주시 서원구 성화동,중상사고,0,1,0,0,차대사람 - 횡단중,신호위반,건조,맑음,교차로 - 교차로횡단보도내,이륜,남,47세,상해없음,보행자,여,33세,중상
2021062500100093,2021년 6월 25일 08시,금요일,충청북도 청주시 상당구 낭성면,경상사고,0,0,1,0,차대차 - 측면충돌,안전운전불이행,건조,맑음,교차로 - 교차로부근,화물,남,65세,상해없음,승용,여,32세,경상
2021062500100172,2021년 6월 25일 10시,금요일,충청북도 청주시 상당구 남일면,경상사고,0,0,1,0,차대차 - 측면충돌,차로위반,건조,맑음,단일로 - 기타,승용,남,24세,상해없음,승용,남,71세,경상
2021062500100207,2021년 6월 25일 11시,금요일,충청북도 영동군 심천면,중상사고,0,1,0,0,차대차 - 측면충돌,신호위반,건조,맑음,교차로 - 교차로안,건설기계,남,59세,상해없음,화물,남,57세,중상
2021062500100236,2021년 6월 25일 12시,금요일,충청북도 영동군 심천면,중상사고,0,1,3,0,차대차 - 추돌,안전운전불이행,건조,흐림,교차로 - 교차로부근,화물,남,40세,상해없음,승용,여,36세,중상
2021062500100274,2021년 6월 25일 13시,금요일,충청북도 제천시 청전동,경상사고,0,0,1,0,차대차 - 측면충돌,안전거리미확보,건조,맑음,교차로 - 교차로안,이륜,남,39세,경상,승용,남,67세,상해없음
2021062500100275,2021년 6월 25일 13시,금요일,충청북도 청주시 상당구 금천동,경상사고,0,0,2,0,차대차 - 후진중충돌,안전운전불이행,건조,맑음,단일로 - 기타,승용,여,24세,기타불명,승용,남,63세,경상
2021062500100308,2021년 6월 25일 14시,금요일,충청북도 청주시 서원구 사창동,경상사고,0,0,2,0,차대차 - 추돌,안전운전불이행,건조,맑음,단일로 - 기타,승용,남,59세,상해없음,승용,남,53세,경상
2021062500100310,2021년 6월 25일 14시,금요일,충청북도 청주시 흥덕구 가경동,부상신고사고,0,0,0,1,차대차 - 측면충돌,안전운전불이행,건조,맑음,교차로 - 교차로부근,이륜,남,29세,부상신고,승용,남,62세,상해없음
2021062500100311,2021년 6월 25일 14시,금요일,충청북도 청주시 흥덕구 석곡동,중상사고,0,1,0,0,차대차 - 측면충돌,직진우회전진행방해,건조,맑음,교차로 - 교차로안,특수,남,56세,상해없음,승용,여,26세,중상
2021062500100357,2021년 6월 25일 15시,금요일,충청북도 영동군 추풍령면,사망사고,1,0,0,0,차량단독 - 도로외이탈 - 기타,안전운전불이행,건조,맑음,기타 - 기타,화물,남,78세,사망,,,,
2021062500100358,2021년 6월 25일 15시,금요일,충청북도 증평군 증평읍,경상사고,0,0,1,0,차대차 - 후진중충돌,안전운전불이행,건조,맑음,교차로 - 교차로안,승용,남,77세,상해없음,승용,여,52세,경상
2021062500100359,2021년 6월 25일 15시,금요일,충청북도 증평군 증평읍,경상사고,0,0,1,0,차대차 - 추돌,안전거리미확보,건조,맑음,교차로 - 교차로부근,화물,남,63세,상해없음,승용,남,78세,경상
2021062500100360,2021년 6월 25일 15시,금요일,충청북도 보은군 탄부면,중상사고,0,1,0,0,차대사람 - 기타,안전운전불이행,건조,맑음,교차로 - 교차로안,승용,남,71세,상해없음,보행자,남,83세,중상
2021062500100408,2021년 6월 25일 16시,금요일,충청북도 충주시 연수동,부상신고사고,0,0,0,1,차대차 - 추돌,안전운전불이행,건조,맑음,단일로 - 기타,이륜,남,21세,부상신고,승용,남,34세,상해없음
2021062500100459,2021년 6월 25일 17시,금요일,충청북도 청주시 서원구 사창동,경상사고,0,0,1,0,차대차 - 후진중충돌,안전운전불이행,건조,맑음,단일로 - 기타,승용,여,23세,상해없음,이륜,남,21세,경상
2021062500100460,2021년 6월 25일 17시,금요일,충청북도 청주시 서원구 수곡동,경상사고,0,0,1,0,차대차 - 측면충돌,교차로운행방법위반,건조,맑음,교차로 - 교차로부근,승합,남,56세,상해없음,승용,여,50세,경상
2021062500100517,2021년 6월 25일 18시,금요일,충청북도 청주시 청원구 율량동,경상사고,0,0,1,0,차대차 - 측면충돌,중앙선침범,건조,맑음,단일로 - 기타,승용,여,53세,기타불명,승용,남,36세,경상
2021062500100518,2021년 6월 25일 18시,금요일,충청북도 청주시 청원구 율량동,경상사고,0,0,1,0,차대차 - 기타,안전운전불이행,건조,맑음,기타 - 기타,승합,남,62세,상해없음,승용,남,57세,경상
2021062500100519,2021년 6월 25일 18시,금요일,충청북도 청주시 흥덕구 봉명동,경상사고,0,0,2,0,차대차 - 측면충돌,안전운전불이행,건조,맑음,단일로 - 기타,승용,남,25세,경상,이륜,남,25세,경상
2021062500100565,2021년 6월 25일 19시,금요일,충청북도 청주시 청원구 율량동,경상사고,0,0,2,0,차대차 - 기타,안전운전불이행,건조,맑음,주차장 - 주차장,이륜,남,19세,경상,승용,여,40세,경상
2021062500100599,2021년 6월 25일 20시,금요일,충청북도 청주시 서원구 사직동,경상사고,0,0,1,0,차대사람 - 기타,안전운전불이행,건조,맑음,단일로 - 기타,승용,남,75세,상해없음,보행자,여,41세,경상
2021062500100600,2021년 6월 25일 20시,금요일,충청북도 충주시 교현동,경상사고,0,0,7,0,차대차 - 정면충돌,신호위반,건조,맑음,교차로 - 교차로안,승용,남,23세,경상,승용,남,62세,경상
2021062500100601,2021년 6월 25일 20시,금요일,충청북도 진천군 진천읍,경상사고,0,0,1,1,차대차 - 추돌,안전운전불이행,건조,맑음,단일로 - 기타,승용,남,19세,상해없음,승용,여,24세,부상신고
2021062500100630,2021년 6월 25일 21시,금요일,충청북도 단양군 영춘면,중상사고,0,1,0,0,차대차 - 측면충돌,중앙선침범,건조,맑음,단일로 - 기타,화물,남,48세,상해없음,승용,남,51세,중상
2021062500100673,2021년 6월 25일 22시,금요일,충청북도 충주시 대소원면,경상사고,0,0,4,0,차대차 - 측면충돌,신호위반,건조,맑음,교차로 - 교차로안,승용,남,67세,상해없음,승용,남,30세,경상
2021062600100009,2021년 6월 26일 00시,토요일,충청북도 청주시 청원구 율량동,경상사고,0,0,1,0,차대사람 - 횡단중,안전운전불이행,젖음/습기,비,교차로 - 교차로횡단보도내,승용,남,28세,상해없음,보행자,남,17세,경상
2021062600100010,2021년 6월 26일 00시,토요일,충청북도 청주시 흥덕구 복대동,경상사고,0,0,1,0,차대차 - 추돌,안전운전불이행,젖음/습기,비,기타 - 기타,승용,남,50세,상해없음,승용,남,50세,경상
2021062600100034,2021년 6월 26일 01시,토요일,충청북도 청주시 흥덕구 복대동,경상사고,0,0,1,0,차대차 - 측면충돌,안전운전불이행,젖음/습기,비,단일로 - 기타,이륜,남,18세,경상,승용,남,42세,상해없음
2021062600100050,2021년 6월 26일 02시,토요일,충청북도 증평군 증평읍,경상사고,0,0,1,0,차량단독 - 공작물충돌,안전운전불이행,건조,맑음,단일로 - 기타,승용,여,52세,경상,,,,
2021062600100086,2021년 6월 26일 07시,토요일,충청북도 충주시 봉방동,중상사고,0,1,1,0,차대차 - 측면충돌,안전운전불이행,젖음/습기,비,교차로 - 교차로안,화물,남,58세,상해없음,승용,여,60세,중상
2021062600100122,2021년 6월 26일 09시,토요일,충청북도 제천시 강제동,경상사고,0,0,1,0,차대차 - 측면충돌,신호위반,젖음/습기,흐림,교차로 - 교차로안,화물,남,60세,상해없음,승용,남,54세,경상
2021062600100123,2021년 6월 26일 09시,토요일,충청북도 청주시 상당구 문의면,중상사고,0,1,0,0,차량단독 - 기타,안전운전불이행,건조,맑음,단일로 - 기타,승합,남,60세,상해없음,,,,
2021062600100193,2021년 6월 26일 11시,토요일,충청북도 증평군 증평읍,중상사고,0,1,1,0,차대차 - 추돌,기타,건조,맑음,단일로 - 기타,승용,여,22세,경상,승용,여,56세,중상
2021062600100228,2021년 6월 26일 12시,토요일,충청북도 제천시 장락동,경상사고,0,0,1,1,차대차 - 정면충돌,교차로운행방법위반,건조,흐림,교차로 - 교차로안,승용,여,50세,부상신고,승용,여,23세,경상
2021062600100266,2021년 6월 26일 13시,토요일,충청북도 청주시 청원구 북이면,중상사고,0,1,1,0,차대차 - 정면충돌,신호위반,건조,맑음,교차로 - 교차로부근,승용,남,58세,상해없음,승용,여,60세,중상
2021062600100267,2021년 6월 26일 13시,토요일,충청북도 청주시 흥덕구 강서동,중상사고,0,1,0,0,차대차 - 측면충돌,안전운전불이행,건조,맑음,기타 - 기타,화물,남,60세,상해없음,자전거,남,81세,중상
2021062600100310,2021년 6월 26일 14시,토요일,충청북도 충주시 수안보면,사망사고,1,0,0,0,차량단독 - 기타,기타,건조,흐림,단일로 - 기타,승용,여,65세,사망,,,,
2021062600100311,2021년 6월 26일 14시,토요일,충청북도 청주시 서원구 개신동,경상사고,0,0,1,0,차대차 - 측면충돌,안전거리미확보,건조,맑음,교차로 - 교차로부근,승용,남,63세,상해없음,이륜,남,21세,경상
2021062600100344,2021년 6월 26일 15시,토요일,충청북도 옥천군 옥천읍,중상사고,0,1,1,0,차대차 - 측면충돌,안전운전불이행,건조,맑음,단일로 - 기타,화물,남,70세,상해없음,승용,여,42세,경상
2021062600100345,2021년 6월 26일 15시,토요일,충청북도 청주시 상당구 남주동,경상사고,0,0,1,0,차대차 - 측면충돌,안전운전불이행,건조,맑음,단일로 - 기타,승용,남,69세,상해없음,승용,여,60세,경상
2021062600100379,2021년 6월 26일 16시,토요일,충청북도 제천시 백운면,경상사고,0,0,2,0,차대차 - 측면충돌,중앙선침범,건조,맑음,단일로 - 지하차도(도로)내,승용,여,50세,경상,건설기계,남,54세,경상
2021062600100410,2021년 6월 26일 17시,토요일,충청북도 청주시 흥덕구 비하동,경상사고,0,0,3,0,차대차 - 기타,교차로운행방법위반,건조,맑음,교차로 - 교차로안,승용,여,29세,상해없음,승용,남,37세,경상
2021062600100449,2021년 6월 26일 18시,토요일,충청북도 청주시 상당구 금천동,경상사고,0,0,2,0,차대차 - 추돌,안전거리미확보,건조,맑음,단일로 - 지하차도(도로)내,이륜,남,32세,상해없음,승용,남,66세,경상
2021062600100491,2021년 6월 26일 19시,토요일,충청북도 청주시 흥덕구 복대동,경상사고,0,0,1,0,차대차 - 기타,안전운전불이행,건조,맑음,단일로 - 기타,화물,남,30세,상해없음,이륜,남,32세,경상
2021062600100558,2021년 6월 26일 21시,토요일,충청북도 청주시 청원구 내덕동,경상사고,0,0,3,0,차대차 - 측면충돌,신호위반,건조,맑음,교차로 - 교차로안,승용,남,31세,상해없음,승합,남,53세,경상
2021062600100593,2021년 6월 26일 22시,토요일,충청북도 충주시 문화동,중상사고,0,1,1,0,차대차 - 정면충돌,안전거리미확보,건조,흐림,단일로 - 기타,승용,남,25세,상해없음,승용,여,62세,중상
2021062600100626,2021년 6월 26일 23시,토요일,충청북도 청주시 상당구 영운동,경상사고,0,0,1,0,차대차 - 기타,안전운전불이행,건조,맑음,교차로 - 교차로안,승용,남,52세,상해없음,승용,남,53세,상해없음
2021062700100011,2021년 6월 27일 00시,일요일,충청북도 진천군 초평면,부상신고사고,0,0,0,1,차대사람 - 횡단중,안전운전불이행,건조,맑음,기타 - 기타,기타불명,기타불명,미분류,기타불명,보행자,남,53세,부상신고
2021062700100031,2021년 6월 27일 01시,일요일,충청북도 청주시 서원구 수곡동,경상사고,0,0,1,0,차대차 - 정면충돌,안전운전불이행,건조,맑음,단일로 - 기타,승용,남,54세,상해없음,이륜,남,21세,경상
2021062700100079,2021년 6월 27일 07시,일요일,충청북도 음성군 대소면,경상사고,0,0,2,0,차대차 - 측면충돌,안전운전불이행,건조,맑음,교차로 - 교차로안,화물,남,63세,경상,승용,남,28세,경상
2021062700100098,2021년 6월 27일 09시,일요일,충청북도 단양군 영춘면,사망사고,1,0,0,0,차대차 - 정면충돌,중앙선침범,건조,맑음,기타 - 기타,이륜,남,72세,사망,승용,남,51세,상해없음
2021062700100118,2021년 6월 27일 10시,일요일,충청북도 제천시 청전동,경상사고,0,0,1,0,차대차 - 측면충돌,안전거리미확보,건조,흐림,단일로 - 기타,승용,남,73세,상해없음,이륜,남,39세,경상
2021062700100119,2021년 6월 27일 10시,일요일,충청북도 청주시 상당구 미원면,중상사고,0,1,0,0,차대차 - 정면충돌,안전운전불이행,건조,맑음,단일로 - 기타,자전거,남,74세,중상,화물,남,62세,상해없음
2021062700100150,2021년 6월 27일 11시,일요일,충청북도 청주시 청원구 외평동,중상사고,0,1,1,0,차대차 - 기타,안전운전불이행,건조,맑음,단일로 - 기타,승용,남,36세,경상,승용,남,45세,중상
2021062700100151,2021년 6월 27일 11시,일요일,충청북도 증평군 증평읍,부상신고사고,0,0,0,1,차대차 - 측면충돌,안전운전불이행,건조,맑음,단일로 - 기타,자전거,남,19세,부상신고,이륜,남,51세,상해없음
2021062700100152,2021년 6월 27일 11시,일요일,충청북도 음성군 음성읍,중상사고,0,1,0,0,차대차 - 기타,교차로운행방법위반,건조,맑음,교차로 - 교차로안,승용,남,74세,상해없음,이륜,남,20세,중상
2021062700100177,2021년 6월 27일 12시,일요일,충청북도 청주시 흥덕구 운천동,경상사고,0,0,1,0,차대차 - 측면충돌,안전운전불이행,건조,맑음,교차로 - 교차로안,승용,남,36세,상해없음,자전거,남,8세,경상