사고번호,사고일시,요일,시군구,사고내용,사망자수,중상자수,경상자수,부상신고자수,사고유형,법규위반,노면상태,기상상태,도로형태,가해운전자 차종,가해운전자 성별,가해운전자 연령,가해운전자 상해정도,피해운전자 차종,피해운전자 성별,피해운전자 연령,피해운전자 상해정도
2021070200100058,2021년 7월 2일 07시,금요일,충청북도 영동군 양강면,중상사고,0,1,0,0,차량단독 - 전도전복 - 전복,안전운전불이행,건조,맑음,단일로 - 기타,승용,남,72세,중상,,,,
2021070200100093,2021년 7월 2일 08시,금요일,충청북도 충주시 목행동,경상사고,0,0,1,0,차대차 - 추돌,안전운전불이행,건조,맑음,교차로 - 교차로안,승용,여,76세,상해없음,승합,남,51세,경상
2021070200100185,2021년 7월 2일 11시,금요일,충청북도 충주시 연수동,경상사고,0,0,2,0,차대차 - 정면충돌,안전거리미확보,건조,맑음,단일로 - 기타,화물,남,67세,상해없음,승용,남,26세,경상
2021070200100186,2021년 7월 2일 11시,금요일,충청북도 음성군 대소면,경상사고,0,0,1,0,차대차 - 측면충돌,교차로운행방법위반,건조,맑음,교차로 - 교차로안,특수,남,59세,상해없음,승용,남,31세,경상
2021070200100263,2021년 7월 2일 13시,금요일,충청북도 단양군 단양읍,경상사고,0,0,1,0,차대차 - 측면충돌,안전운전불이행,건조,맑음,교차로 - 교차로안,이륜,남,33세,경상,승용,여,46세,상해없음
2021070200100264,2021년 7월 2일 13시,금요일,충청북도 진천군 초평면,중상사고,0,1,1,0,차대차 - 측면충돌,안전운전불이행,건조,맑음,교차로 - 교차로부근,승용,여,69세,경상,승용,남,26세,중상
2021070200100300,2021년 7월 2일 14시,금요일,충청북도 진천군 진천읍,중상사고,0,1,0,0,차대사람 - 차도통행중,안전운전불이행,건조,맑음,기타 - 기타,승용,여,63세,상해없음,보행자,여,78세,중상
2021070200100301,2021년 7월 2일 14시,금요일,충청북도 청주시 흥덕구 가경동,경상사고,0,0,3,0,차대차 - 추돌,안전운전불이행,건조,맑음,교차로 - 교차로부근,승용,여,44세,상해없음,승용,여,53세,경상
2021070200100302,2021년 7월 2일 14시,금요일,충청북도 청주시 상당구 금천동,경상사고,0,0,1,0,차대차 - 측면충돌,안전운전불이행,건조,맑음,단일로 - 기타,자전거,남,17세,경상,승용,여,54세,상해없음
2021070200100351,2021년 7월 2일 15시,금요일,충청북도 청주시 청원구 사천동,경상사고,0,0,2,0,차대차 - 측면충돌,신호위반,건조,맑음,교차로 - 교차로안,승용,남,65세,경상,승용,여,54세,경상
2021070200100391,2021년 7월 2일 16시,금요일,충청북도 청주시 흥덕구 강서동,중상사고,0,1,0,0,차대차 - 측면충돌,안전운전불이행,건조,맑음,단일로 - 기타,화물,남,50세,상해없음,자전거,남,7세,중상
2021070200100439,2021년 7월 2일 17시,금요일,충청북도 청주시 청원구 사천동,경상사고,0,0,1,0,차대사람 - 기타,안전운전불이행,건조,맑음,단일로 - 기타,승용,남,55세,상해없음,보행자,여,11세,경상
2021070200100503,2021년 7월 2일 18시,금요일,충청북도 청주시 청원구 오창읍,경상사고,0,0,1,0,차대차 - 기타,교차로운행방법위반,건조,맑음,교차로 - 교차로안,승용,여,38세,상해없음,승용,여,20세,경상
2021070200100504,2021년 7월 2일 18시,금요일,충청북도 청주시 청원구 율량동,경상사고,0,0,1,0,차대사람 - 기타,보행자보호의무위반,건조,맑음,교차로 - 교차로횡단보도내,승용,여,40세,상해없음,보행자,여,29세,경상
2021070200100505,2021년 7월 2일 18시,금요일,충청북도 충주시 수안보면,경상사고,0,0,1,1,차대차 - 정면충돌,신호위반,건조,맑음,교차로 - 교차로안,승용,여,54세,부상신고,화물,남,63세,경상
2021070200100506,2021년 7월 2일 18시,금요일,충청북도 진천군 진천읍,경상사고,0,0,1,0,차대차 - 기타,교차로운행방법위반,건조,맑음,교차로 - 교차로안,승용,여,47세,상해없음,자전거,남,12세,경상
2021070200100507,2021년 7월 2일 18시,금요일,충청북도 청주시 흥덕구 가경동,경상사고,0,0,1,0,차대차 - 측면충돌,안전운전불이행,건조,맑음,교차로 - 교차로안,승용,남,46세,상해없음,자전거,남,7세,경상
2021070200100566,2021년 7월 2일 19시,금요일,충청북도 충주시 금릉동,경상사고,0,0,4,0,차대차 - 측면충돌,안전운전불이행,건조,흐림,교차로 - 교차로안,승용,여,55세,상해없음,승용,남,20세,경상
2021070200100567,2021년 7월 2일 19시,금요일,충청북도 충주시 목행동,경상사고,0,0,1,0,차대사람 - 기타,안전운전불이행,건조,맑음,교차로 - 교차로부근,승용,남,22세,상해없음,보행자,남,21세,경상
2021070200100657,2021년 7월 2일 21시,금요일,충청북도 청주시 서원구 성화동,경상사고,0,0,3,0,차대차 - 측면충돌,안전운전불이행,건조,맑음,교차로 - 교차로안,승용,여,26세,상해없음,승용,여,55세,경상
2021070200100723,2021년 7월 2일 23시,금요일,충청북도 청주시 흥덕구 지동동,경상사고,0,0,2,0,차대차 - 추돌,안전운전불이행,건조,맑음,교차로 - 교차로부근,승용,남,54세,상해없음,승용,남,57세,경상
2021070300100003,2021년 7월 3일 00시,토요일,충청북도 충주시 대소원면,경상사고,0,0,3,0,차대차 - 측면충돌,기타,건조,맑음,교차로 - 교차로안,승용,남,45세,상해없음,승용,남,48세,경상
2021070300100004,2021년 7월 3일 00시,토요일,충청북도 증평군 증평읍,경상사고,0,0,1,0,차대차 - 측면충돌,신호위반,건조,기타,교차로 - 교차로안,승용,남,27세,상해없음,화물,남,61세,경상
2021070300100049,2021년 7월 3일 06시,토요일,충청북도 청주시 흥덕구 옥산면,경상사고,0,0,1,0,차대차 - 측면충돌,안전거리미확보,건조,맑음,단일로 - 지하차도(도로)내,승용,남,37세,상해없음,승용,남,24세,경상
2021070300100125,2021년 7월 3일 10시,토요일,충청북도 제천시 장락동,경상사고,0,0,5,0,차대차 - 정면충돌,안전운전불이행,건조,맑음,교차로 - 교차로안,승용,남,80세,상해없음,승용,남,45세,경상
2021070300100159,2021년 7월 3일 11시,토요일,충청북도 청주시 흥덕구 강서동,경상사고,0,0,2,0,차대차 - 후진중충돌,안전운전불이행,젖음/습기,비,단일로 - 기타,승용,남,73세,상해없음,승용,남,28세,경상
2021070300100201,2021년 7월 3일 12시,토요일,충청북도 청주시 상당구 용암동,중상사고,0,1,1,0,차대차 - 측면충돌,신호위반,건조,맑음,교차로 - 교차로안,승용,남,43세,상해없음,승용,남,57세,경상
2021070300100242,2021년 7월 3일 13시,토요일,충청북도 청주시 청원구 우암동,경상사고,0,0,1,0,차대사람 - 기타,안전운전불이행,건조,맑음,교차로 - 교차로안,승용,남,62세,상해없음,보행자,남,48세,경상
2021070300100284,2021년 7월 3일 14시,토요일,충청북도 충주시 교현동,경상사고,0,0,2,0,차대차 - 정면충돌,안전운전불이행,건조,맑음,교차로 - 교차로부근,승용,여,53세,경상,승용,여,52세,경상
2021070300100285,2021년 7월 3일 14시,토요일,충청북도 충주시 칠금동,경상사고,0,0,2,0,차대차 - 기타,교차로운행방법위반,건조,맑음,교차로 - 교차로안,승용,여,52세,경상,승용,남,64세,경상
2021070300100318,2021년 7월 3일 15시,토요일,충청북도 음성군 대소면,경상사고,0,0,1,0,차대차 - 측면충돌,안전운전불이행,젖음/습기,비,교차로 - 교차로안,이륜,남,17세,경상,승용,남,40세,상해없음
2021070300100319,2021년 7월 3일 15시,토요일,충청북도 청주시 서원구 분평동,경상사고,0,0,1,0,차대차 - 추돌,안전운전불이행,젖음/습기,비,단일로 - 지하차도(도로)내,승용,남,32세,상해없음,승용,여,45세,경상
2021070300100355,2021년 7월 3일 16시,토요일,충청북도 충주시 달천동,경상사고,0,0,1,0,차대차 - 추돌,안전운전불이행,젖음/습기,비,단일로 - 고가도로위,화물,남,61세,상해없음,승용,남,59세,경상
2021070300100428,2021년 7월 3일 18시,토요일,충청북도 청주시 서원구 분평동,중상사고,0,1,2,0,차대차 - 측면충돌,신호위반,건조,맑음,교차로 - 교차로안,승용,남,62세,상해없음,이륜,남,21세,경상
2021070300100491,2021년 7월 3일 19시,토요일,충청북도 청주시 서원구 분평동,중상사고,0,1,0,0,차대차 - 측면충돌,신호위반,젖음/습기,비,교차로 - 교차로안,승용,남,35세,상해없음,이륜,남,39세,중상
2021070300100578,2021년 7월 3일 21시,토요일,충청북도 청주시 흥덕구 복대동,경상사고,0,0,1,0,차대차 - 측면충돌,안전운전불이행,젖음/습기,비,교차로 - 교차로횡단보도내,승용,남,34세,상해없음,자전거,남,59세,경상
2021070300100579,2021년 7월 3일 21시,토요일,충청북도 청주시 흥덕구 가경동,경상사고,0,0,1,0,차대차 - 기타,안전운전불이행,젖음/습기,비,교차로 - 교차로안,승용,남,24세,상해없음,이륜,남,21세,경상
2021070300100626,2021년 7월 3일 22시,토요일,충청북도 청주시 청원구 율량동,경상사고,0,0,1,0,차대차 - 기타,직진우회전진행방해,젖음/습기,비,교차로 - 교차로부근,승용,남,40세,상해없음,이륜,남,29세,경상
2021070300100652,2021년 7월 3일 23시,토요일,충청북도 청주시 청원구 오창읍,중상사고,0,1,1,0,차대차 - 기타,안전운전불이행,젖음/습기,비,기타 - 기타,승용,여,49세,경상,승용,여,46세,중상
2021070400100033,2021년 7월 4일 01시,일요일,충청북도 청주시 서원구 사창동,경상사고,0,0,1,0,차대사람 - 횡단중,신호위반,젖음/습기,비,교차로 - 교차로안,이륜,남,29세,상해없음,보행자,남,26세,경상
2021070400100050,2021년 7월 4일 02시,일요일,충청북도 충주시 성남동,중상사고,0,1,0,0,차대차 - 정면충돌,중앙선침범,젖음/습기,비,단일로 - 기타,승용,남,27세,상해없음,승용,남,41세,중상
2021070400100062,2021년 7월 4일 03시,일요일,충청북도 단양군 매포읍,중상사고,0,2,0,0,차대차 - 추돌,안전운전불이행,젖음/습기,비,단일로 - 기타,승용,남,22세,기타불명,승용,남,26세,중상
2021070400100071,2021년 7월 4일 05시,일요일,충청북도 음성군 대소면,중상사고,0,2,0,0,차대차 - 추돌,안전운전불이행,건조,맑음,교차로 - 교차로안,승용,남,57세,상해없음,원동기,남,51세,중상
2021070400100108,2021년 7월 4일 10시,일요일,충청북도 청주시 청원구 북이면,경상사고,0,0,1,0,차대사람 - 기타,안전운전불이행,건조,맑음,교차로 - 교차로안,승용,여,50세,상해없음,보행자,남,82세,경상
2021070400100174,2021년 7월 4일 13시,일요일,충청북도 청주시 흥덕구 봉명동,중상사고,0,1,0,0,차대차 - 측면충돌,안전운전불이행,건조,맑음,교차로 - 교차로안,승용,여,37세,상해없음,이륜,남,42세,중상
2021070400100276,2021년 7월 4일 16시,일요일,충청북도 제천시 왕암동,경상사고,0,0,2,0,차대차 - 추돌,안전운전불이행,건조,맑음,교차로 - 교차로부근,승용,여,55세,상해없음,승용,남,33세,경상
2021070400100277,2021년 7월 4일 16시,일요일,충청북도 옥천군 동이면,경상사고,0,0,1,0,차대차 - 후진중충돌,안전운전불이행,건조,맑음,기타 - 기타,화물,남,32세,상해없음,승용,남,41세,경상
2021070400100309,2021년 7월 4일 17시,일요일,충청북도 충주시 목행동,중상사고,0,1,0,0,차량단독 - 기타,안전운전불이행,건조,맑음,단일로 - 기타,자전거,남,71세,중상,,,,
2021070400100363,2021년 7월 4일 19시,일요일,충청북도 증평군 증평읍,중상사고,0,1,0,0,차대차 - 측면충돌,교차로운행방법위반,건조,맑음,교차로 - 교차로안,승용,남,36세,상해없음,이륜,남,22세,중상
2021070400100364,2021년 7월 4일 19시,일요일,충청북도 청주시 흥덕구 복대동,중상사고,0,1,0,0,차대차 - 측면충돌,교차로운행방법위반,건조,맑음,교차로 - 교차로안,승용,남,66세,상해없음,이륜,남,43세,중상
2021070400100365,2021년 7월 4일 19시,일요일,충청북도 청주시 서원구 분평동,경상사고,0,0,1,0,차대차 - 추돌,안전운전불이행,건조,맑음,교차로 - 교차로부근,승용,남,26세,상해없음,이륜,남,22세,경상
2021070400100366,2021년 7월 4일 19시,일요일,충청북도 청주시 서원구 산남동,중상사고,0,1,1,0,차대차 - 측면충돌,교차로운행방법위반,건조,맑음,교차로 - 교차로안,승용,남,44세,경상,원동기,남,45세,중상
2021070400100367,2021년 7월 4일 19시,일요일,충청북도 청주시 서원구 남이면,중상사고,0,1,4,0,차대차 - 측면충돌,안전운전불이행,건조,맑음,단일로 - 기타,화물,남,49세,중상,승용,남,57세,경상
2021070400100396,2021년 7월 4일 20시,일요일,충청북도 청주시 흥덕구 가경동,경상사고,0,0,1,0,차대차 - 기타,안전거리미확보,건조,맑음,단일로 - 기타,승용,남,29세,상해없음,이륜,남,50세,경상
2021070400100420,2021년 7월 4일 21시,일요일,충청북도 청주시 흥덕구 송정동,경상사고,0,0,4,0,차대차 - 추돌,안전운전불이행,건조,맑음,교차로 - 교차로부근,화물,남,54세,상해없음,승용,남,39세,경상
2021070400100442,2021년 7월 4일 22시,일요일,충청북도 청주시 서원구 개신동,경상사고,0,0,2,0,차대차 - 측면충돌,안전운전불이행,건조,맑음,교차로 - 교차로부근,승용,여,46세,상해없음,승용,남,28세,경상
2021070500100002,2021년 7월 5일 00시,월요일,충청북도 청주시 서원구 사창동,경상사고,0,0,1,0,차대차 - 기타,기타,건조,맑음,단일로 - 기타,승용,남,61세,상해없음,자전거,남,39세,경상
2021070500100011,2021년 7월 5일 03시,월요일,충청북도 보은군 장안면,중상사고,0,1,0,0,차량단독 - 전도전복 - 전복,안전운전불이행,젖음/습기,흐림,단일로 - 기타,승용,여,52세,중상,,,,
2021070500100032,2021년 7월 5일 06시,월요일,충청북도 청주시 청원구 북이면,경상사고,0,0,1,0,차대차 - 측면충돌,안전운전불이행,건조,맑음,교차로 - 교차로안,이륜,남,67세,경상,화물,남,41세,상해없음
2021070500100033,2021년 7월 5일 06시,월요일,충청북도 괴산군 문광면,경상사고,0,0,1,0,차대차 - 추돌,기타,건조,맑음,단일로 - 기타,승용,여,51세,상해없음,승용,남,43세,경상
2021070500100034,2021년 7월 5일 06시,월요일,충청북도 청주시 서원구 모충동,중상사고,0,1,0,0,차대차 - 측면충돌,안전운전불이행,건조,맑음,교차로 - 교차로부근,화물,남,59세,상해없음,승용,여,54세,중상
2021070500100057,2021년 7월 5일 07시,월요일,충청북도 청주시 흥덕구 운천동,경상사고,0,0,1,0,차대차 - 측면충돌,교차로운행방법위반,건조,맑음,교차로 - 교차로안,승용,남,71세,상해없음,승용,남,62세,경상
2021070500100084,2021년 7월 5일 08시,월요일,충청북도 충주시 금릉동,중상사고,0,1,1,0,차대차 - 정면충돌,중앙선침범,건조,맑음,단일로 - 기타,승용,여,24세,상해없음,승용,여,48세,경상
2021070500100086,2021년 7월 5일 08시,월요일,충청북도 진천군 문백면,경상사고,0,0,3,0,차대차 - 추돌,안전운전불이행,건조,맑음,단일로 - 기타,승용,여,60세,상해없음,승용,남,49세,경상
2021070500100087,2021년 7월 5일 08시,월요일,충청북도 진천군 초평면,중상사고,0,1,0,0,차대차 - 추돌,안전거리미확보,건조,맑음,단일로 - 기타,승용,여,24세,상해없음,승용,여,55세,중상
2021070500100126,2021년 7월 5일 09시,월요일,충청북도 충주시 대소원면,경상사고,0,0,1,0,차대차 - 측면충돌,안전운전불이행,건조,맑음,단일로 - 기타,건설기계,남,49세,상해없음,승용,남,34세,경상
2021070500100127,2021년 7월 5일 09시,월요일,충청북도 제천시 장락동,경상사고,0,0,1,0,차대차 - 측면충돌,기타,건조,맑음,기타 - 기타,승용,여,38세,상해없음,승용,남,41세,상해없음
2021070500100128,2021년 7월 5일 09시,월요일,충청북도 청주시 상당구 남주동,경상사고,0,0,1,0,차대사람 - 차도통행중,안전운전불이행,건조,맑음,단일로 - 지하차도(도로)내,화물,남,52세,상해없음,보행자,여,86세,경상
2021070500100193,2021년 7월 5일 11시,월요일,충청북도 충주시 봉방동,부상신고사고,0,0,0,1,차대차 - 측면충돌,안전운전불이행,건조,맑음,교차로 - 교차로안,화물,남,61세,상해없음,승용,남,47세,부상신고
2021070500100233,2021년 7월 5일 12시,월요일,충청북도 음성군 음성읍,경상사고,0,0,1,0,차대차 - 측면충돌,직진우회전진행방해,건조,맑음,교차로 - 교차로안,승용,여,55세,상해없음,이륜,남,39세,경상
2021070500100234,2021년 7월 5일 12시,월요일,충청북도 청주시 서원구 모충동,중상사고,0,1,1,0,차대차 - 정면충돌,교차로운행방법위반,건조,맑음,교차로 - 교차로안,원동기,남,33세,경상,이륜,남,36세,중상
2021070500100263,2021년 7월 5일 13시,월요일,충청북도 진천군 진천읍,중상사고,0,1,0,0,차대차 - 측면충돌,안전운전불이행,건조,맑음,교차로 - 교차로안,화물,남,70세,상해없음,이륜,남,86세,중상
2021070500100328,2021년 7월 5일 15시,월요일,충청북도 괴산군 괴산읍,중상사고,0,1,2,0,차대차 - 정면충돌,직진우회전진행방해,건조,맑음,교차로 - 교차로안,승용,남,41세,경상,승용,여,61세,경상
2021070500100329,2021년 7월 5일 15시,월요일,충청북도 음성군 음성읍,중상사고,0,1,0,0,차대차 - 측면충돌,직진우회전진행방해,건조,맑음,교차로 - 교차로안,승용,남,74세,상해없음,승용,남,35세,중상
2021070500100412,2021년 7월 5일 17시,월요일,충청북도 단양군 영춘면,중상사고,0,1,0,0,차대차 - 정면충돌,안전운전불이행,건조,맑음,단일로 - 기타,화물,남,61세,상해없음,농기계,남,77세,중상
2021070500100413,2021년 7월 5일 17시,월요일,충청북도 진천군 광혜원면,경상사고,0,0,1,0,차대차 - 측면충돌,안전거리미확보,건조,맑음,교차로 - 교차로부근,승용,남,54세,기타불명,승용,여,38세,경상
2021070500100451,2021년 7월 5일 18시,월요일,충청북도 충주시 동량면,중상사고,0,1,0,0,차량단독 - 공작물충돌,안전운전불이행,젖음/습기,흐림,단일로 - 기타,승용,남,22세,상해없음,,,,
2021070500100483,2021년 7월 5일 19시,월요일,충청북도 충주시 금릉동,경상사고,0,0,2,0,차대차 - 기타,교차로운행방법위반,건조,맑음,교차로 - 교차로안,승용,여,55세,경상,승용,남,22세,경상
2021070500100484,2021년 7월 5일 19시,월요일,충청북도 제천시 수산면,중상사고,0,1,0,0,차대차 - 측면충돌,안전운전불이행,건조,맑음,단일로 - 기타,승용,남,70세,상해없음,농기계,남,88세,중상
2021070500100485,2021년 7월 5일 19시,월요일,충청북도 청주시 상당구 운동동,중상사고,0,1,0,0,차대차 - 측면충돌,안전운전불이행,건조,맑음,교차로 - 교차로부근,승용,남,61세,상해없음,화물,남,41세,중상
2021070500100486,2021년 7월 5일 19시,월요일,충청북도 청주시 상당구 문의면,중상사고,0,2,0,0,차대차 - 측면충돌,신호위반,건조,맑음,교차로 - 교차로안,승용,여,47세,기타불명,승용,남,37세,중상
2021070500100515,2021년 7월 5일 20시,월요일,충청북도 청주시 흥덕구 복대동,중상사고,0,1,0,0,차대사람 - 기타,안전운전불이행,건조,맑음,기타 - 기타,개인형이동수단(PM),여,19세,상해없음,보행자,남,38세,중상
2021070500100544,2021년 7월 5일 21시,월요일,충청북도 청주시 상당구 금천동,경상사고,0,0,1,0,차대차 - 기타,안전운전불이행,젖음/습기,흐림,교차로 - 교차로안,승용,남,40세,상해없음,이륜,남,33세,경상
2021070500100594,2021년 7월 5일 23시,월요일,충청북도 청주시 상당구 북문로2가,중상사고,0,1,0,0,차대사람 - 기타,안전운전불이행,젖음/습기,비,단일로 - 기타,승용,남,23세,상해없음,보행자,남,58세,중상
2021070600100109,2021년 7월 6일 08시,화요일,충청북도 음성군 대소면,경상사고,0,0,1,0,차대차 - 추돌,안전운전불이행,건조,맑음,단일로 - 기타,승용,남,37세,상해없음,승용,여,52세,경상
2021070600100110,2021년 7월 6일 08시,화요일,충청북도 청주시 흥덕구 봉명동,중상사고,0,1,0,0,차대차 - 측면충돌,교차로운행방법위반,건조,맑음,교차로 - 교차로안,자전거,남,78세,중상,화물,남,37세,상해없음
2021070600100137,2021년 7월 6일 09시,화요일,충청북도 청주시 상당구 서문동,경상사고,0,0,1,0,차대차 - 측면충돌,직진우회전진행방해,건조,맑음,교차로 - 교차로안,승용,남,56세,상해없음,이륜,남,28세,경상
2021070600100153,2021년 7월 6일 10시,화요일,충청북도 청주시 청원구 내수읍,경상사고,0,0,2,0,차대차 - 측면충돌,직진우회전진행방해,건조,맑음,교차로 - 교차로안,승용,여,30세,상해없음,화물,남,54세,경상
2021070600100180,2021년 7월 6일 11시,화요일,충청북도 충주시 봉방동,중상사고,0,1,0,0,차대차 - 정면충돌,신호위반,건조,맑음,교차로 - 교차로안,승용,여,57세,상해없음,자전거,남,79세,중상
2021070600100181,2021년 7월 6일 11시,화요일,충청북도 증평군 증평읍,경상사고,0,0,1,0,차대차 - 측면충돌,안전거리미확보,건조,흐림,교차로 - 교차로안,승용,남,79세,상해없음,승용,남,36세,경상
2021070600100217,2021년 7월 6일 12시,화요일,충청북도 청주시 청원구 우암동,경상사고,0,0,1,0,차대차 - 추돌,안전운전불이행,건조,맑음,단일로 - 기타,승용,여,50세,상해없음,승용,남,67세,경상
2021070600100218,2021년 7월 6일 12시,화요일,충청북도 충주시 목행동,중상사고,0,1,0,0,차대차 - 기타,안전거리미확보,건조,맑음,단일로 - 기타,승용,여,64세,상해없음,승용,남,48세,중상
2021070600100219,2021년 7월 6일 12시,화요일,충청북도 청주시 상당구 용암동,중상사고,0,1,0,0,차대사람 - 보도통행중,보행자보호의무위반,건조,맑음,교차로 - 교차로횡단보도내,승용,여,53세,상해없음,보행자,여,58세,중상
2021070600100252,2021년 7월 6일 13시,화요일,충청북도 청주시 상당구 영동,경상사고,0,0,1,0,차대차 - 기타,안전운전불이행,건조,맑음,단일로 - 기타,승용,남,60세,상해없음,자전거,남,88세,경상
2021070600100253,2021년 7월 6일 13시,화요일,충청북도 충주시 살미면,경상사고,0,0,2,0,차대차 - 기타,안전운전불이행,건조,맑음,교차로 - 교차로부근,화물,남,57세,상해없음,승용,남,22세,경상
2021070600100280,2021년 7월 6일 14시,화요일,충청북도 청주시 흥덕구 봉명동,경상사고,0,0,2,0,차대차 - 측면충돌,안전거리미확보,건조,맑음,단일로 - 기타,이륜,남,24세,경상,승용,여,67세,경상
2021070600100341,2021년 7월 6일 16시,화요일,충청북도 청주시 청원구 오창읍,중상사고,0,2,0,0,차대차 - 추돌,안전거리미확보,건조,맑음,교차로 - 교차로안,화물,남,73세,상해없음,승용,남,63세,중상
2021070600100342,2021년 7월 6일 16시,화요일,충청북도 충주시 문화동,경상사고,0,0,5,0,차대차 - 추돌,안전거리미확보,건조,맑음,교차로 - 교차로안,승용,남,18세,경상,승용,남,65세,상해없음
2021070600100343,2021년 7월 6일 16시,화요일,충청북도 옥천군 옥천읍,중상사고,0,1,0,0,차대차 - 측면충돌,중앙선침범,젖음/습기,비,교차로 - 교차로부근,승용,남,46세,상해없음,승용,남,47세,중상
2021070600100344,2021년 7월 6일 16시,화요일,충청북도 청주시 서원구 성화동,경상사고,0,0,1,0,차대차 - 추돌,안전운전불이행,건조,맑음,교차로 - 교차로부근,이륜,남,22세,경상,승용,남,64세,상해없음
2021070600100392,2021년 7월 6일 17시,화요일,충청북도 청주시 상당구 북문로2가,경상사고,0,0,1,0,차대차 - 기타,안전운전불이행,건조,흐림,교차로 - 교차로안,승용,여,74세,상해없음,승합,남,44세,상해없음
2021070600100436,2021년 7월 6일 18시,화요일,충청북도 충주시 용산동,경상사고,0,0,1,0,차대차 - 측면충돌,안전운전불이행,건조,맑음,단일로 - 기타,승용,여,46세,기타불명,자전거,남,48세,경상
2021070600100437,2021년 7월 6일 18시,화요일,충청북도 음성군 음성읍,경상사고,0,0,1,0,차대차 - 측면충돌,안전거리미확보,건조,맑음,교차로 - 교차로안,승용,남,60세,상해없음,승용,여,46세,경상
2021070600100438,2021년 7월 6일 18시,화요일,충청북도 청주시 흥덕구 비하동,경상사고,0,0,1,0,차대차 - 후진중충돌,안전운전불이행,젖음/습기,비,단일로 - 기타,승용,남,34세,상해없음,승용,여,34세,경상
2021070600100471,2021년 7월 6일 19시,화요일,충청북도 청주시 서원구 사창동,경상사고,0,0,1,0,차대차 - 기타,안전운전불이행,젖음/습기,비,단일로 - 기타,승용,남,45세,상해없음,승용,남,34세,경상
2021070600100472,2021년 7월 6일 19시,화요일,충청북도 청주시 청원구 율량동,경상사고,0,0,1,0,차대차 - 측면충돌,안전운전불이행,젖음/습기,비,교차로 - 교차로안,이륜,남,30세,경상,승용,남,76세,상해없음
2021070600100473,2021년 7월 6일 19시,화요일,충청북도 청주시 흥덕구 봉명동,경상사고,0,0,1,0,차대차 - 기타,안전운전불이행,젖음/습기,비,단일로 - 기타,승용,남,71세,상해없음,이륜,남,52세,경상
2021070600100474,2021년 7월 6일 19시,화요일,충청북도 청주시 흥덕구 복대동,경상사고,0,0,1,0,차대차 - 측면충돌,교차로운행방법위반,젖음/습기,비,교차로 - 교차로안,승용,남,38세,상해없음,승합,남,47세,경상
2021070600100506,2021년 7월 6일 20시,화요일,충청북도 청주시 청원구 율량동,중상사고,0,1,0,0,차대차 - 측면충돌,중앙선침범,젖음/습기,비,단일로 - 기타,승용,남,27세,상해없음,승용,여,55세,중상
2021070600100529,2021년 7월 6일 21시,화요일,충청북도 청주시 흥덕구 비하동,경상사고,0,0,2,0,차대차 - 후진중충돌,안전운전불이행,건조,맑음,단일로 - 기타,승용,남,44세,상해없음,승용,여,48세,경상
2021070700100029,2021년 7월 7일 03시,수요일,충청북도 충주시 대소원면,중상사고,0,1,0,0,차량단독 - 공작물충돌,안전운전불이행,젖음/습기,비,단일로 - 지하차도(도로)내,승용,남,35세,중상,,,,
2021070700100128,2021년 7월 7일 09시,수요일,충청북도 충주시 용산동,경상사고,0,0,1,0,차대차 - 기타,안전운전불이행,건조,맑음,단일로 - 기타,화물,남,71세,상해없음,승용,남,55세,경상
2021070700100199,2021년 7월 7일 11시,수요일,충청북도 청주시 청원구 내덕동,중상사고,0,1,0,0,차대차 - 측면충돌,교차로운행방법위반,건조,맑음,교차로 - 교차로안,원동기,남,74세,중상,승용,여,61세,상해없음
2021070700100200,2021년 7월 7일 11시,수요일,충청북도 청주시 흥덕구 오송읍,경상사고,0,0,1,0,차대차 - 추돌,안전거리미확보,건조,맑음,교차로 - 교차로안,승용,남,60세,상해없음,승용,남,59세,경상
2021070700100240,2021년 7월 7일 12시,수요일,충청북도 진천군 이월면,중상사고,0,1,0,0,차대사람 - 기타,안전운전불이행,건조,맑음,주차장 - 주차장,승용,여,49세,상해없음,보행자,남,50세,중상
2021070700100241,2021년 7월 7일 12시,수요일,충청북도 청주시 상당구 용정동,경상사고,0,0,1,0,차대차 - 측면충돌,안전운전불이행,건조,맑음,교차로 - 교차로부근,승합,남,31세,상해없음,승용,여,44세,경상
2021070700100274,2021년 7월 7일 13시,수요일,충청북도 청주시 서원구 수곡동,경상사고,0,0,1,0,차대사람 - 기타,안전운전불이행,건조,맑음,주차장 - 주차장,승용,남,71세,상해없음,보행자,남,61세,경상
2021070700100300,2021년 7월 7일 14시,수요일,충청북도 청주시 청원구 내덕동,경상사고,0,0,4,0,차대차 - 기타,신호위반,건조,맑음,교차로 - 교차로부근,승용,남,39세,경상,승용,남,41세,경상
2021070700100301,2021년 7월 7일 14시,수요일,충청북도 증평군 증평읍,경상사고,0,0,1,0,차대차 - 추돌,안전운전불이행,건조,맑음,교차로 - 교차로부근,승용,여,48세,상해없음,승용,남,69세,경상
2021070700100374,2021년 7월 7일 16시,수요일,충청북도 청주시 청원구 내덕동,중상사고,0,1,1,0,차대사람 - 횡단중,안전운전불이행,젖음/습기,비,교차로 - 교차로횡단보도내,승용,여,57세,상해없음,보행자,여,9세,중상
2021070700100375,2021년 7월 7일 16시,수요일,충청북도 영동군 심천면,경상사고,0,0,2,0,차대차 - 측면충돌,안전운전불이행,젖음/습기,비,교차로 - 교차로안,승용,남,75세,경상,화물,남,58세,경상