사고번호,사고일시,요일,시군구,사고내용,사망자수,중상자수,경상자수,부상신고자수,사고유형,법규위반,노면상태,기상상태,도로형태,가해운전자 차종,가해운전자 성별,가해운전자 연령,가해운전자 상해정도,피해운전자 차종,피해운전자 성별,피해운전자 연령,피해운전자 상해정도
2021071600100421,2021년 7월 16일 17시,금요일,충청북도 음성군 원남면,경상사고,0,0,2,0,차대차 - 측면충돌,안전거리미확보,건조,맑음,단일로 - 기타,이륜,남,73세,경상,승용,남,60세,경상
2021071600100422,2021년 7월 16일 17시,금요일,충청북도 청주시 흥덕구 비하동,경상사고,0,0,3,0,차대차 - 측면충돌,안전거리미확보,건조,맑음,단일로 - 기타,승용,여,39세,경상,승용,남,24세,경상
2021071600100423,2021년 7월 16일 17시,금요일,충청북도 진천군 초평면,경상사고,0,0,1,0,차대차 - 추돌,안전운전불이행,건조,맑음,단일로 - 지하차도(도로)내,승용,남,20세,상해없음,승용,남,52세,경상
2021071600100475,2021년 7월 16일 18시,금요일,충청북도 충주시 충인동,경상사고,0,0,4,0,차대차 - 측면충돌,차로위반,건조,맑음,교차로 - 교차로부근,승용,남,56세,상해없음,승용,남,22세,경상
2021071600100476,2021년 7월 16일 18시,금요일,충청북도 음성군 금왕읍,중상사고,0,1,0,0,차대차 - 측면충돌,차로위반,건조,맑음,단일로 - 기타,승용,남,65세,상해없음,승용,여,57세,중상
2021071600100477,2021년 7월 16일 18시,금요일,충청북도 옥천군 옥천읍,경상사고,0,0,2,0,차대차 - 측면충돌,신호위반,건조,맑음,교차로 - 교차로안,이륜,남,54세,기타불명,승용,남,21세,경상
2021071600100478,2021년 7월 16일 18시,금요일,충청북도 청주시 상당구 용암동,경상사고,0,0,1,0,차대차 - 측면충돌,안전운전불이행,건조,맑음,단일로 - 지하차도(도로)내,승합,남,49세,상해없음,승용,남,21세,경상
2021071600100540,2021년 7월 16일 19시,금요일,충청북도 청주시 청원구 오창읍,중상사고,0,1,0,0,차대차 - 기타,신호위반,젖음/습기,흐림,교차로 - 교차로부근,승용,남,56세,상해없음,원동기,남,17세,중상
2021071600100662,2021년 7월 16일 22시,금요일,충청북도 청주시 서원구 개신동,경상사고,0,0,3,0,차대차 - 기타,차로위반,건조,맑음,교차로 - 교차로부근,기타불명,기타불명,미분류,기타불명,승용,여,50세,경상
2021071700100031,2021년 7월 17일 02시,토요일,충청북도 충주시 교현동,중상사고,0,1,0,0,차대차 - 추돌,안전운전불이행,건조,맑음,교차로 - 교차로부근,승용,남,32세,상해없음,이륜,남,51세,중상
2021071700100035,2021년 7월 17일 04시,토요일,충청북도 괴산군 감물면,경상사고,0,0,1,0,차대차 - 측면충돌,안전운전불이행,건조,맑음,교차로 - 교차로안,승용,여,61세,상해없음,승용,남,68세,경상
2021071700100116,2021년 7월 17일 09시,토요일,충청북도 청주시 청원구 내덕동,경상사고,0,0,1,0,차대차 - 기타,중앙선침범,건조,맑음,교차로 - 교차로안,승합,남,72세,상해없음,자전거,남,37세,경상
2021071700100146,2021년 7월 17일 10시,토요일,충청북도 음성군 금왕읍,경상사고,0,0,4,0,차대차 - 추돌,안전거리미확보,건조,맑음,단일로 - 기타,건설기계,남,51세,상해없음,승용,남,34세,경상
2021071700100186,2021년 7월 17일 11시,토요일,충청북도 괴산군 괴산읍,경상사고,0,0,2,0,차대차 - 측면충돌,신호위반,건조,맑음,교차로 - 교차로안,승용,여,53세,경상,승용,남,78세,경상
2021071700100187,2021년 7월 17일 11시,토요일,충청북도 청주시 서원구 개신동,경상사고,0,0,2,0,차대차 - 측면충돌,교차로운행방법위반,건조,맑음,교차로 - 교차로안,이륜,남,21세,상해없음,승용,남,69세,경상
2021071700100188,2021년 7월 17일 11시,토요일,충청북도 청주시 상당구 가덕면,중상사고,0,1,0,0,차대차 - 측면충돌,안전운전불이행,건조,맑음,교차로 - 교차로안,승용,여,45세,상해없음,자전거,남,12세,중상
2021071700100266,2021년 7월 17일 13시,토요일,충청북도 청주시 청원구 내덕동,경상사고,0,0,2,0,차대차 - 기타,교차로운행방법위반,건조,맑음,교차로 - 교차로안,승용,여,39세,상해없음,승용,남,34세,상해없음
2021071700100267,2021년 7월 17일 13시,토요일,충청북도 청주시 흥덕구 강서동,경상사고,0,0,1,0,차대차 - 측면충돌,교차로운행방법위반,건조,맑음,교차로 - 교차로안,승용,남,62세,상해없음,승용,남,24세,경상
2021071700100268,2021년 7월 17일 13시,토요일,충청북도 청주시 흥덕구 가경동,경상사고,0,0,1,0,차대차 - 추돌,안전운전불이행,건조,맑음,교차로 - 교차로부근,승용,여,24세,상해없음,승용,여,46세,경상
2021071700100306,2021년 7월 17일 14시,토요일,충청북도 청주시 청원구 주중동,경상사고,0,0,1,0,차대차 - 기타,교차로운행방법위반,건조,맑음,교차로 - 교차로안,승용,남,68세,상해없음,승용,여,54세,상해없음
2021071700100307,2021년 7월 17일 14시,토요일,충청북도 제천시 신월동,경상사고,0,0,1,0,차대차 - 측면충돌,안전운전불이행,건조,맑음,교차로 - 교차로부근,승용,남,31세,상해없음,승용,여,55세,경상
2021071700100308,2021년 7월 17일 14시,토요일,충청북도 청주시 흥덕구 봉명동,경상사고,0,0,4,0,차대차 - 측면충돌,기타,건조,맑음,교차로 - 교차로안,승용,남,52세,상해없음,이륜,남,39세,경상
2021071700100346,2021년 7월 17일 15시,토요일,충청북도 청주시 흥덕구 복대동,경상사고,0,0,1,0,차대차 - 측면충돌,안전운전불이행,건조,맑음,교차로 - 교차로안,승용,남,37세,상해없음,자전거,여,16세,경상
2021071700100347,2021년 7월 17일 15시,토요일,충청북도 청주시 상당구 금천동,경상사고,0,0,2,0,차대차 - 추돌,안전운전불이행,건조,맑음,단일로 - 기타,이륜,남,45세,경상,승용,남,35세,경상
2021071700100382,2021년 7월 17일 16시,토요일,충청북도 청주시 흥덕구 비하동,경상사고,0,0,1,0,차대차 - 측면충돌,안전운전불이행,건조,맑음,단일로 - 기타,승용,여,32세,상해없음,승용,남,36세,경상
2021071700100422,2021년 7월 17일 17시,토요일,충청북도 진천군 진천읍,경상사고,0,0,2,1,차량단독 - 도로외이탈 - 추락,안전운전불이행,건조,맑음,기타 - 기타,승용,남,23세,경상,,,,
2021071700100456,2021년 7월 17일 18시,토요일,충청북도 증평군 증평읍,경상사고,0,0,1,0,차대차 - 정면충돌,안전운전불이행,건조,맑음,단일로 - 기타,승용,여,33세,상해없음,이륜,남,26세,경상
2021071700100521,2021년 7월 17일 20시,토요일,충청북도 음성군 금왕읍,경상사고,0,0,1,0,차대차 - 기타,교차로운행방법위반,건조,맑음,교차로 - 교차로안,승용,남,43세,상해없음,승용,여,27세,경상
2021071700100556,2021년 7월 17일 21시,토요일,충청북도 진천군 덕산읍,경상사고,0,0,1,0,차대차 - 정면충돌,중앙선침범,건조,맑음,단일로 - 기타,승용,남,54세,상해없음,승용,남,27세,경상
2021071700100585,2021년 7월 17일 22시,토요일,충청북도 청주시 서원구 사창동,경상사고,0,0,1,0,차대차 - 기타,안전운전불이행,건조,맑음,교차로 - 교차로부근,기타불명,기타불명,미분류,기타불명,이륜,남,29세,경상
2021071700100586,2021년 7월 17일 22시,토요일,충청북도 증평군 증평읍,경상사고,0,0,2,0,차대차 - 측면충돌,직진우회전진행방해,건조,맑음,교차로 - 교차로안,승용,남,37세,경상,승용,남,49세,경상
2021071700100612,2021년 7월 17일 23시,토요일,충청북도 청주시 청원구 북이면,경상사고,0,0,1,0,차량단독 - 기타,안전운전불이행,건조,맑음,단일로 - 기타,이륜,남,52세,경상,,,,
2021071700100613,2021년 7월 17일 23시,토요일,충청북도 제천시 강제동,중상사고,0,1,0,0,차대차 - 측면충돌,신호위반,건조,맑음,교차로 - 교차로안,승용,남,24세,상해없음,이륜,남,25세,중상
2021071800100003,2021년 7월 18일 00시,일요일,충청북도 충주시 중앙탑면,경상사고,0,0,2,0,차대차 - 기타,중앙선침범,건조,맑음,단일로 - 기타,승용,남,46세,상해없음,승용,남,32세,경상
2021071800100027,2021년 7월 18일 02시,일요일,충청북도 청주시 서원구 산남동,중상사고,0,1,0,0,차대차 - 측면충돌,신호위반,건조,맑음,교차로 - 교차로안,이륜,남,17세,상해없음,승용,남,53세,상해없음
2021071800100056,2021년 7월 18일 08시,일요일,충청북도 옥천군 이원면,사망사고,1,0,0,0,차대사람 - 기타,안전운전불이행,건조,맑음,교차로 - 교차로부근,화물,남,67세,상해없음,보행자,남,57세,사망
2021071800100067,2021년 7월 18일 09시,일요일,충청북도 제천시 봉양읍,경상사고,0,0,2,0,차대차 - 정면충돌,안전운전불이행,건조,맑음,교차로 - 교차로안,승용,남,73세,상해없음,승용,여,69세,경상
2021071800100079,2021년 7월 18일 10시,일요일,충청북도 제천시 강제동,중상사고,0,1,0,1,차대차 - 측면충돌,안전운전불이행,건조,맑음,기타 - 기타,승용,여,32세,상해없음,자전거,남,11세,중상
2021071800100096,2021년 7월 18일 11시,일요일,충청북도 음성군 생극면,경상사고,0,0,1,0,차대차 - 측면충돌,신호위반,건조,맑음,교차로 - 교차로안,화물,남,66세,상해없음,화물,남,50세,경상
2021071800100127,2021년 7월 18일 12시,일요일,충청북도 청주시 서원구 개신동,경상사고,0,0,2,0,차대차 - 측면충돌,안전거리미확보,건조,맑음,단일로 - 기타,화물,남,27세,기타불명,승용,여,20세,경상
2021071800100128,2021년 7월 18일 12시,일요일,충청북도 청주시 서원구 사창동,부상신고사고,0,0,0,1,차대차 - 기타,신호위반,건조,맑음,교차로 - 교차로부근,승용,여,69세,기타불명,개인형이동수단(PM),남,17세,부상신고
2021071800100129,2021년 7월 18일 12시,일요일,충청북도 단양군 단양읍,중상사고,0,1,0,0,차대차 - 측면충돌,안전운전불이행,건조,맑음,기타 - 기타,승용,여,26세,중상,화물,남,69세,상해없음
2021071800100131,2021년 7월 18일 12시,일요일,충청북도 청주시 서원구 현도면,경상사고,0,0,1,0,차대차 - 측면충돌,직진우회전진행방해,건조,맑음,교차로 - 교차로안,화물,남,60세,상해없음,승용,남,64세,경상
2021071800100162,2021년 7월 18일 13시,일요일,충청북도 진천군 진천읍,경상사고,0,0,1,0,차대차 - 추돌,안전운전불이행,건조,맑음,단일로 - 기타,화물,남,79세,상해없음,승용,여,51세,경상
2021071800100198,2021년 7월 18일 14시,일요일,충청북도 제천시 모산동,경상사고,0,0,2,0,차대차 - 측면충돌,안전운전불이행,건조,맑음,교차로 - 교차로안,승용,남,76세,상해없음,승용,남,61세,경상
2021071800100199,2021년 7월 18일 14시,일요일,충청북도 음성군 감곡면,경상사고,0,0,1,0,차대차 - 추돌,안전거리미확보,건조,맑음,단일로 - 기타,승용,남,34세,상해없음,승용,여,43세,경상
2021071900100063,2021년 7월 19일 07시,월요일,충청북도 진천군 진천읍,경상사고,0,0,1,0,차대차 - 추돌,기타,건조,맑음,교차로 - 교차로부근,승용,남,33세,상해없음,화물,남,30세,상해없음
2021071900100094,2021년 7월 19일 08시,월요일,충청북도 음성군 음성읍,경상사고,0,0,1,0,차대차 - 측면충돌,안전운전불이행,건조,맑음,교차로 - 교차로안,승용,남,28세,경상,승용,남,53세,상해없음
2021071900100095,2021년 7월 19일 08시,월요일,충청북도 음성군 음성읍,경상사고,0,0,1,0,차대차 - 측면충돌,교차로운행방법위반,건조,맑음,교차로 - 교차로안,승용,남,80세,상해없음,승용,여,47세,경상
2021071900100096,2021년 7월 19일 08시,월요일,충청북도 청주시 흥덕구 강내면,경상사고,0,0,2,0,차대차 - 측면충돌,안전운전불이행,건조,맑음,기타 - 기타,승용,남,38세,경상,화물,남,58세,경상
2021071900100125,2021년 7월 19일 09시,월요일,충청북도 단양군 단양읍,중상사고,0,1,1,0,차대차 - 측면충돌,신호위반,건조,맑음,교차로 - 교차로안,화물,남,70세,경상,승용,여,68세,중상
2021071900100126,2021년 7월 19일 09시,월요일,충청북도 청주시 흥덕구 가경동,경상사고,0,0,2,0,차대차 - 측면충돌,안전운전불이행,건조,맑음,단일로 - 기타,건설기계,남,58세,상해없음,승용,남,38세,경상
2021071900100160,2021년 7월 19일 10시,월요일,충청북도 단양군 매포읍,경상사고,0,0,1,0,차대차 - 추돌,안전운전불이행,건조,맑음,기타 - 기타,건설기계,남,64세,상해없음,승용,남,69세,경상
2021071900100236,2021년 7월 19일 12시,월요일,충청북도 청주시 흥덕구 지동동,부상신고사고,0,0,0,1,차대차 - 측면충돌,안전운전불이행,건조,맑음,교차로 - 교차로부근,이륜,남,74세,부상신고,화물,남,62세,상해없음
2021071900100237,2021년 7월 19일 12시,월요일,충청북도 청주시 상당구 석교동,경상사고,0,0,2,0,차대차 - 측면충돌,안전운전불이행,건조,맑음,교차로 - 교차로부근,화물,남,48세,상해없음,화물,남,62세,경상
2021071900100271,2021년 7월 19일 13시,월요일,충청북도 제천시 장락동,경상사고,0,0,2,0,차대차 - 측면충돌,안전운전불이행,건조,맑음,교차로 - 교차로부근,승용,여,64세,상해없음,승용,여,37세,경상
2021071900100272,2021년 7월 19일 13시,월요일,충청북도 음성군 금왕읍,경상사고,0,0,2,0,차대차 - 추돌,안전거리미확보,건조,맑음,미분류 - 미분류,승용,여,65세,경상,승용,남,81세,경상
2021071900100309,2021년 7월 19일 14시,월요일,충청북도 제천시 교동,중상사고,0,2,0,0,차대차 - 측면충돌,직진우회전진행방해,건조,맑음,교차로 - 교차로안,이륜,남,67세,중상,승용,여,64세,상해없음
2021071900100310,2021년 7월 19일 14시,월요일,충청북도 음성군 맹동면,경상사고,0,0,1,0,차대차 - 측면충돌,안전운전불이행,건조,맑음,교차로 - 교차로안,이륜,남,25세,경상,승용,여,38세,상해없음
2021071900100311,2021년 7월 19일 14시,월요일,충청북도 음성군 감곡면,경상사고,0,0,5,0,차대차 - 추돌,안전운전불이행,건조,맑음,단일로 - 지하차도(도로)내,승용,남,47세,상해없음,승합,남,44세,경상
2021071900100350,2021년 7월 19일 15시,월요일,충청북도 제천시 신백동,경상사고,0,0,1,0,차대차 - 측면충돌,직진우회전진행방해,건조,맑음,교차로 - 교차로안,승용,남,71세,상해없음,승용,여,37세,경상
2021071900100351,2021년 7월 19일 15시,월요일,충청북도 청주시 흥덕구 복대동,경상사고,0,0,1,0,차대차 - 정면충돌,중앙선침범,건조,맑음,교차로 - 교차로안,승용,남,36세,상해없음,승용,남,25세,경상
2021071900100381,2021년 7월 19일 16시,월요일,충청북도 청주시 흥덕구 복대동,경상사고,0,0,1,0,차대차 - 측면충돌,신호위반,건조,맑음,교차로 - 교차로안,승용,남,22세,상해없음,승합,남,56세,경상
2021071900100455,2021년 7월 19일 18시,월요일,충청북도 진천군 초평면,중상사고,0,1,0,0,차대차 - 측면충돌,신호위반,건조,맑음,교차로 - 교차로안,승용,남,33세,상해없음,승용,남,39세,중상
2021071900100456,2021년 7월 19일 18시,월요일,충청북도 청주시 흥덕구 옥산면,중상사고,0,1,0,0,차대사람 - 횡단중,안전운전불이행,건조,맑음,교차로 - 교차로안,화물,남,54세,상해없음,보행자,남,7세,중상
2021071900100457,2021년 7월 19일 18시,월요일,충청북도 청주시 흥덕구 송절동,중상사고,0,1,0,0,차대차 - 기타,신호위반,건조,맑음,교차로 - 교차로안,승용,남,27세,상해없음,이륜,남,42세,중상
2021071900100533,2021년 7월 19일 20시,월요일,충청북도 제천시 청전동,경상사고,0,0,1,0,차대차 - 정면충돌,중앙선침범,건조,맑음,단일로 - 기타,승용,남,56세,상해없음,승용,남,47세,경상
2021071900100534,2021년 7월 19일 20시,월요일,충청북도 음성군 대소면,경상사고,0,0,2,0,차대차 - 추돌,안전운전불이행,건조,맑음,교차로 - 교차로부근,승용,남,68세,상해없음,승용,남,49세,경상
2021071900100557,2021년 7월 19일 21시,월요일,충청북도 괴산군 괴산읍,경상사고,0,0,1,0,차대차 - 측면충돌,직진우회전진행방해,건조,맑음,교차로 - 교차로안,원동기,남,43세,경상,승용,남,65세,상해없음
2021071900100558,2021년 7월 19일 21시,월요일,충청북도 청주시 상당구 금천동,중상사고,0,1,0,0,차대사람 - 기타,신호위반,건조,맑음,교차로 - 교차로횡단보도내,개인형이동수단(PM),남,57세,상해없음,보행자,여,72세,중상
2021071900100559,2021년 7월 19일 21시,월요일,충청북도 청주시 서원구 모충동,경상사고,0,0,2,0,차대차 - 측면충돌,안전운전불이행,건조,맑음,교차로 - 교차로부근,승용,남,44세,상해없음,승용,남,53세,경상
2021071900100578,2021년 7월 19일 22시,월요일,충청북도 청주시 서원구 산남동,경상사고,0,0,2,0,차대차 - 추돌,신호위반,건조,맑음,교차로 - 교차로안,승용,남,55세,상해없음,승용,남,27세,경상
2021071900100595,2021년 7월 19일 23시,월요일,충청북도 충주시 중앙탑면,경상사고,0,0,1,0,차대차 - 정면충돌,불법유턴,건조,맑음,단일로 - 기타,화물,남,51세,상해없음,원동기,남,42세,경상
2021071900100596,2021년 7월 19일 23시,월요일,충청북도 제천시 장락동,경상사고,0,0,1,0,차대차 - 정면충돌,안전운전불이행,건조,맑음,단일로 - 기타,승용,남,38세,경상,승용,남,41세,기타불명
2021071900100597,2021년 7월 19일 23시,월요일,충청북도 청주시 흥덕구 강서동,부상신고사고,0,0,0,1,차대차 - 측면충돌,안전거리미확보,건조,맑음,교차로 - 교차로안,개인형이동수단(PM),여,18세,부상신고,승용,남,38세,상해없음
2021072000100071,2021년 7월 20일 08시,화요일,충청북도 청주시 흥덕구 오송읍,경상사고,0,0,2,0,차대차 - 기타,안전운전불이행,건조,맑음,교차로 - 교차로안,승용,여,32세,경상,승용,여,33세,경상
2021072000100138,2021년 7월 20일 10시,화요일,충청북도 청주시 상당구 문화동,경상사고,0,0,3,0,차대차 - 추돌,안전운전불이행,건조,맑음,교차로 - 교차로부근,승용,남,67세,경상,승용,여,50세,경상
2021072000100202,2021년 7월 20일 12시,화요일,충청북도 청주시 흥덕구 비하동,경상사고,0,0,1,0,차대사람 - 기타,안전운전불이행,건조,맑음,단일로 - 기타,화물,남,61세,상해없음,보행자,남,27세,경상
2021072000100275,2021년 7월 20일 14시,화요일,충청북도 옥천군 옥천읍,경상사고,0,0,2,0,차대차 - 추돌,안전운전불이행,건조,맑음,교차로 - 교차로부근,화물,남,63세,상해없음,승합,남,29세,경상
2021072000100304,2021년 7월 20일 15시,화요일,충청북도 청주시 상당구 미원면,중상사고,0,1,1,0,차대차 - 측면충돌,안전운전불이행,건조,맑음,교차로 - 교차로안,승용,여,55세,경상,승용,남,67세,중상
2021072000100339,2021년 7월 20일 16시,화요일,충청북도 진천군 덕산읍,경상사고,0,0,1,0,차량단독 - 공작물충돌,안전운전불이행,건조,맑음,단일로 - 기타,화물,남,55세,경상,,,,
2021072000100340,2021년 7월 20일 16시,화요일,충청북도 청주시 흥덕구 신봉동,경상사고,0,0,1,0,차대차 - 기타,안전운전불이행,건조,맑음,교차로 - 교차로횡단보도내,승용,남,63세,상해없음,자전거,남,36세,경상
2021072000100463,2021년 7월 20일 19시,화요일,충청북도 청주시 서원구 남이면,경상사고,0,0,1,1,차대차 - 측면충돌,신호위반,건조,맑음,교차로 - 교차로부근,화물,남,50세,부상신고,승용,남,47세,경상
2021072000100540,2021년 7월 20일 22시,화요일,충청북도 청주시 흥덕구 가경동,경상사고,0,0,1,0,차대차 - 측면충돌,안전운전불이행,건조,맑음,교차로 - 교차로안,승용,남,22세,상해없음,승용,여,52세,경상
2021072000100556,2021년 7월 20일 23시,화요일,충청북도 청주시 흥덕구 옥산면,경상사고,0,0,2,0,차대차 - 측면충돌,안전거리미확보,건조,맑음,단일로 - 지하차도(도로)내,승용,여,18세,상해없음,승용,남,41세,경상
2021072100100007,2021년 7월 21일 00시,수요일,충청북도 제천시 청전동,부상신고사고,0,0,0,1,차대차 - 정면충돌,기타,건조,맑음,교차로 - 교차로안,이륜,남,17세,부상신고,승용,남,52세,상해없음
2021072100100008,2021년 7월 21일 00시,수요일,충청북도 청주시 흥덕구 강서동,경상사고,0,0,1,0,차대차 - 측면충돌,신호위반,건조,맑음,교차로 - 교차로안,승용,남,25세,상해없음,승용,남,36세,경상
2021072100100019,2021년 7월 21일 01시,수요일,충청북도 충주시 단월동,경상사고,0,0,1,0,차량단독 - 기타,안전운전불이행,건조,맑음,단일로 - 기타,이륜,남,23세,경상,,,,
2021072100100032,2021년 7월 21일 05시,수요일,충청북도 청주시 청원구 오창읍,사망사고,1,0,0,0,차대사람 - 횡단중,안전운전불이행,건조,맑음,교차로 - 교차로횡단보도내,승용,남,38세,상해없음,보행자,여,85세,사망
2021072100100064,2021년 7월 21일 07시,수요일,충청북도 음성군 소이면,중상사고,0,1,0,0,차대사람 - 차도통행중,안전운전불이행,건조,맑음,교차로 - 교차로안,승용,남,59세,상해없음,보행자,여,78세,중상
2021072100100134,2021년 7월 21일 09시,수요일,충청북도 청주시 서원구 사창동,경상사고,0,0,1,0,차대차 - 기타,안전운전불이행,건조,맑음,기타 - 기타,이륜,여,60세,상해없음,승용,여,56세,경상
2021072100100135,2021년 7월 21일 09시,수요일,충청북도 충주시 살미면,경상사고,0,0,1,0,차대차 - 측면충돌,안전운전불이행,건조,맑음,단일로 - 기타,농기계,남,63세,상해없음,건설기계,남,60세,경상
2021072100100136,2021년 7월 21일 09시,수요일,충청북도 청주시 흥덕구 오송읍,중상사고,0,1,0,0,차대차 - 측면충돌,신호위반,건조,맑음,교차로 - 교차로안,건설기계,남,62세,상해없음,화물,남,44세,중상
2021072100100137,2021년 7월 21일 09시,수요일,충청북도 청주시 서원구 산남동,중상사고,0,1,0,0,차대차 - 측면충돌,신호위반,건조,맑음,교차로 - 교차로횡단보도내,승용,여,65세,상해없음,자전거,남,15세,중상
2021072100100177,2021년 7월 21일 10시,수요일,충청북도 청주시 청원구 북이면,경상사고,0,0,1,0,차대차 - 기타,안전운전불이행,건조,맑음,기타 - 기타,농기계,남,65세,상해없음,승용,남,42세,경상
2021072100100178,2021년 7월 21일 10시,수요일,충청북도 괴산군 괴산읍,경상사고,0,0,2,0,차대차 - 측면충돌,신호위반,건조,맑음,교차로 - 교차로안,화물,남,75세,상해없음,건설기계,남,62세,경상
2021072100100219,2021년 7월 21일 11시,수요일,충청북도 청주시 서원구 사창동,경상사고,0,0,1,0,차대차 - 기타,안전거리미확보,건조,맑음,기타 - 기타,이륜,남,47세,상해없음,승용,남,41세,경상
2021072100100259,2021년 7월 21일 12시,수요일,충청북도 제천시 영천동,중상사고,0,1,0,0,차대사람 - 기타,기타,건조,맑음,기타 - 기타,승합,여,28세,상해없음,보행자,남,69세,중상
2021072100100367,2021년 7월 21일 15시,수요일,충청북도 충주시 대소원면,중상사고,0,1,0,0,차량단독 - 전도전복 - 전도,안전운전불이행,건조,맑음,단일로 - 기타,승용,남,37세,중상,,,,
2021072100100368,2021년 7월 21일 15시,수요일,충청북도 충주시 목행동,경상사고,0,0,1,0,차대차 - 측면충돌,중앙선침범,건조,맑음,교차로 - 교차로안,승용,남,75세,상해없음,승용,남,28세,경상
2021072100100369,2021년 7월 21일 15시,수요일,충청북도 청주시 서원구 개신동,경상사고,0,0,1,0,차대사람 - 횡단중,안전운전불이행,건조,맑음,교차로 - 교차로안,승용,여,46세,기타불명,보행자,여,8세,경상
2021072100100416,2021년 7월 21일 16시,수요일,충청북도 청주시 청원구 오창읍,경상사고,0,0,1,0,차대차 - 기타,안전운전불이행,건조,맑음,기타 - 기타,승용,여,42세,상해없음,화물,남,43세,경상
2021072100100417,2021년 7월 21일 16시,수요일,충청북도 청주시 서원구 사창동,경상사고,0,0,1,0,차대차 - 기타,안전운전불이행,건조,맑음,단일로 - 기타,승용,여,48세,상해없음,승용,여,22세,경상
2021072100100418,2021년 7월 21일 16시,수요일,충청북도 청주시 서원구 개신동,경상사고,0,0,1,0,차대차 - 기타,교차로운행방법위반,건조,맑음,교차로 - 교차로안,승용,여,36세,상해없음,화물,남,60세,경상
2021072100100419,2021년 7월 21일 16시,수요일,충청북도 청주시 청원구 내수읍,경상사고,0,0,2,0,차대차 - 측면충돌,안전거리미확보,건조,맑음,단일로 - 기타,화물,남,64세,상해없음,승용,여,38세,경상
2021072100100420,2021년 7월 21일 16시,수요일,충청북도 청주시 서원구 분평동,경상사고,0,0,1,0,차대차 - 측면충돌,교차로운행방법위반,건조,맑음,교차로 - 교차로부근,화물,남,43세,상해없음,승용,남,57세,경상
2021072100100463,2021년 7월 21일 17시,수요일,충청북도 청주시 청원구 내덕동,경상사고,0,0,1,0,차대차 - 기타,차로위반,건조,맑음,단일로 - 기타,승용,남,54세,상해없음,이륜,남,36세,경상
2021072100100464,2021년 7월 21일 17시,수요일,충청북도 청주시 청원구 오창읍,중상사고,0,1,0,0,차대차 - 기타,교차로운행방법위반,건조,맑음,단일로 - 기타,승합,남,69세,상해없음,자전거,여,43세,중상
2021072100100465,2021년 7월 21일 17시,수요일,충청북도 청주시 청원구 내수읍,경상사고,0,0,1,0,차대차 - 측면충돌,안전거리미확보,건조,맑음,단일로 - 기타,승용,여,20세,상해없음,승용,남,69세,경상
2021072100100466,2021년 7월 21일 17시,수요일,충청북도 청주시 청원구 우암동,경상사고,0,0,3,0,차대차 - 기타,직진우회전진행방해,건조,맑음,교차로 - 교차로안,승용,남,60세,경상,승용,남,70세,경상
2021072100100467,2021년 7월 21일 17시,수요일,충청북도 충주시 호암동,경상사고,0,0,1,0,차대차 - 측면충돌,안전운전불이행,건조,맑음,단일로 - 기타,승용,여,52세,상해없음,이륜,여,60세,경상
2021072100100468,2021년 7월 21일 17시,수요일,충청북도 진천군 덕산읍,중상사고,0,1,0,0,차대차 - 측면충돌,직진우회전진행방해,건조,맑음,교차로 - 교차로안,승용,남,35세,상해없음,이륜,여,61세,중상
2021072100100469,2021년 7월 21일 17시,수요일,충청북도 청주시 흥덕구 봉명동,경상사고,0,0,1,0,차대차 - 측면충돌,직진우회전진행방해,건조,맑음,교차로 - 교차로안,이륜,남,24세,경상,승용,여,38세,상해없음
2021072100100470,2021년 7월 21일 17시,수요일,충청북도 청주시 상당구 남주동,부상신고사고,0,0,0,1,차량단독 - 전도전복 - 전도,안전운전불이행,기타,맑음,단일로 - 기타,이륜,남,54세,부상신고,,,,
2021072100100525,2021년 7월 21일 18시,수요일,충청북도 제천시 송학면,경상사고,0,0,1,0,차대차 - 기타,안전거리미확보,건조,맑음,단일로 - 기타,승용,남,61세,상해없음,승용,여,43세,경상
2021072100100526,2021년 7월 21일 18시,수요일,충청북도 청주시 흥덕구 외북동,중상사고,0,1,1,0,차대차 - 측면충돌,신호위반,건조,맑음,교차로 - 교차로안,이륜,남,31세,중상,승용,남,20세,경상
2021072100100527,2021년 7월 21일 18시,수요일,충청북도 청주시 서원구 남이면,경상사고,0,0,1,0,차대차 - 추돌,안전운전불이행,건조,맑음,단일로 - 기타,화물,남,35세,상해없음,승용,여,52세,경상
2021072100100528,2021년 7월 21일 18시,수요일,충청북도 청주시 상당구 용암동,경상사고,0,0,1,0,차대차 - 측면충돌,기타,건조,맑음,교차로 - 교차로안,승용,남,31세,상해없음,승용,여,28세,경상
2021072100100566,2021년 7월 21일 19시,수요일,충청북도 청주시 흥덕구 송정동,경상사고,0,0,2,0,차대차 - 기타,직진우회전진행방해,건조,맑음,교차로 - 교차로안,승용,여,52세,경상,승용,남,57세,상해없음
2021072100100567,2021년 7월 21일 19시,수요일,충청북도 청주시 서원구 분평동,경상사고,0,0,1,0,차대차 - 측면충돌,안전운전불이행,건조,맑음,단일로 - 기타,승용,남,50세,상해없음,자전거,남,74세,경상
2021072100100594,2021년 7월 21일 20시,수요일,충청북도 청주시 흥덕구 신봉동,경상사고,0,0,1,0,차대차 - 추돌,안전운전불이행,건조,맑음,교차로 - 교차로안,승용,여,52세,상해없음,이륜,여,58세,경상
2021072100100595,2021년 7월 21일 20시,수요일,충청북도 청주시 흥덕구 오송읍,중상사고,0,1,0,0,차대차 - 측면충돌,안전운전불이행,건조,맑음,단일로 - 기타,자전거,남,80세,중상,농기계,남,61세,상해없음