사고번호,사고일시,요일,시군구,사고내용,사망자수,중상자수,경상자수,부상신고자수,사고유형,법규위반,노면상태,기상상태,도로형태,가해운전자 차종,가해운전자 성별,가해운전자 연령,가해운전자 상해정도,피해운전자 차종,피해운전자 성별,피해운전자 연령,피해운전자 상해정도
2021072500100296,2021년 7월 25일 17시,일요일,충청북도 청주시 흥덕구 가경동,경상사고,0,0,3,0,차대차 - 측면충돌,안전운전불이행,건조,맑음,단일로 - 기타,승합,남,30세,경상,이륜,남,39세,경상
2021072500100359,2021년 7월 25일 19시,일요일,충청북도 청주시 흥덕구 봉명동,중상사고,0,2,0,0,차대차 - 측면충돌,안전거리미확보,건조,맑음,교차로 - 교차로안,이륜,남,23세,중상,이륜,남,38세,중상
2021072500100360,2021년 7월 25일 19시,일요일,충청북도 청주시 흥덕구 옥산면,경상사고,0,0,2,0,차대차 - 추돌,안전거리미확보,건조,맑음,단일로 - 지하차도(도로)내,승합,남,63세,상해없음,승용,여,41세,경상
2021072500100386,2021년 7월 25일 20시,일요일,충청북도 제천시 장락동,경상사고,0,0,1,0,차대차 - 정면충돌,직진우회전진행방해,건조,맑음,교차로 - 교차로안,승용,남,70세,상해없음,자전거,남,38세,경상
2021072500100424,2021년 7월 25일 22시,일요일,충청북도 진천군 진천읍,중상사고,0,1,0,0,차대차 - 정면충돌,안전운전불이행,건조,흐림,기타 - 기타,개인형이동수단(PM),남,26세,중상,승용,남,52세,상해없음
2021072600100051,2021년 7월 26일 07시,월요일,충청북도 청주시 청원구 오창읍,경상사고,0,0,2,0,차대차 - 기타,안전운전불이행,건조,맑음,교차로 - 교차로부근,승용,남,64세,경상,승용,남,64세,경상
2021072600100052,2021년 7월 26일 07시,월요일,충청북도 옥천군 동이면,경상사고,0,0,3,0,차대차 - 측면충돌,안전운전불이행,건조,맑음,단일로 - 기타,화물,남,33세,경상,승용,남,31세,경상
2021072600100053,2021년 7월 26일 07시,월요일,충청북도 청주시 흥덕구 복대동,경상사고,0,0,2,0,차대차 - 측면충돌,교차로운행방법위반,건조,맑음,교차로 - 교차로안,승용,여,31세,경상,승용,남,30세,경상
2021072600100081,2021년 7월 26일 08시,월요일,충청북도 제천시 고암동,사망사고,1,0,0,0,차대사람 - 기타,중앙선침범,건조,맑음,교차로 - 교차로부근,승용,남,29세,상해없음,보행자,남,77세,사망
2021072600100118,2021년 7월 26일 09시,월요일,충청북도 청주시 청원구 내수읍,중상사고,0,1,0,0,차대사람 - 기타,안전운전불이행,건조,맑음,단일로 - 기타,이륜,남,33세,상해없음,보행자,여,56세,중상
2021072600100119,2021년 7월 26일 09시,월요일,충청북도 청주시 상당구 금천동,경상사고,0,0,1,0,차대사람 - 길가장자리구역통행중,안전운전불이행,건조,맑음,단일로 - 기타,승용,여,43세,상해없음,보행자,여,36세,경상
2021072600100156,2021년 7월 26일 10시,월요일,충청북도 제천시 서부동,경상사고,0,0,1,0,차대사람 - 횡단중,보행자보호의무위반,건조,맑음,교차로 - 교차로안,화물,남,80세,상해없음,보행자,여,67세,경상
2021072600100157,2021년 7월 26일 10시,월요일,충청북도 청주시 흥덕구 복대동,경상사고,0,0,1,0,차대차 - 측면충돌,신호위반,건조,맑음,교차로 - 교차로안,승용,남,79세,상해없음,승합,남,55세,경상
2021072600100203,2021년 7월 26일 11시,월요일,충청북도 청주시 서원구 개신동,경상사고,0,0,2,0,차대차 - 기타,안전운전불이행,건조,맑음,단일로 - 기타,승용,남,56세,상해없음,승용,남,31세,경상
2021072600100254,2021년 7월 26일 12시,월요일,충청북도 제천시 왕암동,중상사고,0,1,0,0,차대차 - 측면충돌,불법유턴,건조,맑음,교차로 - 교차로안,승용,여,44세,상해없음,승용,여,45세,중상
2021072600100290,2021년 7월 26일 13시,월요일,충청북도 충주시 금가면,경상사고,0,0,2,0,차대차 - 측면충돌,중앙선침범,건조,맑음,단일로 - 기타,화물,남,50세,경상,화물,남,52세,경상
2021072600100328,2021년 7월 26일 14시,월요일,충청북도 괴산군 청안면,중상사고,0,1,0,0,차대차 - 추돌,안전운전불이행,건조,맑음,교차로 - 교차로부근,승용,남,65세,중상,화물,남,56세,기타불명
2021072600100329,2021년 7월 26일 14시,월요일,충청북도 청주시 상당구 금천동,중상사고,0,1,0,0,차대차 - 측면충돌,교차로운행방법위반,건조,맑음,교차로 - 교차로안,승용,남,67세,상해없음,개인형이동수단(PM),남,16세,중상
2021072600100395,2021년 7월 26일 16시,월요일,충청북도 청주시 흥덕구 오송읍,경상사고,0,0,1,0,차대차 - 기타,안전운전불이행,건조,맑음,단일로 - 기타,승용,남,31세,상해없음,승용,여,29세,경상
2021072600100436,2021년 7월 26일 17시,월요일,충청북도 충주시 목행동,중상사고,0,1,0,0,차대차 - 추돌,교차로운행방법위반,건조,맑음,교차로 - 교차로안,승용,여,31세,상해없음,이륜,남,74세,중상
2021072600100437,2021년 7월 26일 17시,월요일,충청북도 보은군 보은읍,중상사고,0,1,0,0,차대차 - 추돌,안전운전불이행,건조,맑음,교차로 - 교차로안,자전거,남,65세,중상,이륜,남,70세,상해없음
2021072600100488,2021년 7월 26일 18시,월요일,충청북도 청주시 청원구 오창읍,중상사고,0,1,0,0,차대차 - 기타,안전운전불이행,건조,맑음,교차로 - 교차로안,이륜,남,40세,중상,승용,남,58세,상해없음
2021072600100489,2021년 7월 26일 18시,월요일,충청북도 청주시 청원구 주성동,경상사고,0,0,2,0,차대차 - 측면충돌,안전거리미확보,건조,맑음,교차로 - 교차로부근,승용,남,19세,상해없음,승용,여,30세,경상
2021072600100490,2021년 7월 26일 18시,월요일,충청북도 영동군 용산면,경상사고,0,0,2,0,차대차 - 정면충돌,안전운전불이행,건조,맑음,단일로 - 기타,승용,여,62세,상해없음,화물,남,50세,경상
2021072600100532,2021년 7월 26일 19시,월요일,충청북도 청주시 흥덕구 신성동,경상사고,0,0,2,0,차대차 - 측면충돌,교차로운행방법위반,건조,맑음,교차로 - 교차로안,승용,여,71세,경상,화물,남,65세,경상
2021072600100567,2021년 7월 26일 20시,월요일,충청북도 청주시 흥덕구 가경동,경상사고,0,0,1,0,차대사람 - 횡단중,보행자보호의무위반,건조,맑음,교차로 - 교차로횡단보도내,승용,남,65세,상해없음,보행자,여,17세,경상
2021072600100588,2021년 7월 26일 21시,월요일,충청북도 충주시 성서동,경상사고,0,0,1,0,차대사람 - 기타,안전운전불이행,건조,맑음,단일로 - 기타,개인형이동수단(PM),남,28세,상해없음,보행자,여,46세,경상
2021072600100589,2021년 7월 26일 21시,월요일,충청북도 진천군 이월면,부상신고사고,0,0,0,1,차대차 - 측면충돌,안전운전불이행,건조,맑음,단일로 - 기타,화물,남,51세,상해없음,승용,남,48세,부상신고
2021072600100590,2021년 7월 26일 21시,월요일,충청북도 청주시 서원구 수곡동,중상사고,0,1,1,0,차대차 - 측면충돌,교차로운행방법위반,건조,맑음,교차로 - 교차로안,개인형이동수단(PM),남,24세,중상,승용,남,59세,경상
2021072700100010,2021년 7월 27일 01시,화요일,충청북도 진천군 초평면,중상사고,0,2,0,0,차대차 - 추돌,안전운전불이행,건조,맑음,단일로 - 기타,승용,남,33세,중상,승용,남,31세,중상
2021072700100064,2021년 7월 27일 07시,화요일,충청북도 청주시 청원구 오창읍,중상사고,0,1,2,0,차대차 - 측면충돌,교차로운행방법위반,건조,맑음,교차로 - 교차로안,승용,남,32세,경상,승용,남,25세,경상
2021072700100065,2021년 7월 27일 07시,화요일,충청북도 충주시 주덕읍,경상사고,0,0,1,0,차대차 - 추돌,안전거리미확보,건조,맑음,교차로 - 교차로부근,건설기계,남,54세,상해없음,승용,여,23세,경상
2021072700100066,2021년 7월 27일 07시,화요일,충청북도 진천군 초평면,중상사고,0,2,1,0,차대차 - 정면충돌,신호위반,건조,맑음,교차로 - 교차로안,승용,남,64세,중상,승용,남,34세,중상
2021072700100098,2021년 7월 27일 08시,화요일,충청북도 괴산군 괴산읍,경상사고,0,0,1,0,차대차 - 측면충돌,안전운전불이행,건조,맑음,단일로 - 기타,승용,여,28세,상해없음,승용,여,26세,경상
2021072700100099,2021년 7월 27일 08시,화요일,충청북도 청주시 서원구 남이면,경상사고,0,0,2,0,차대차 - 추돌,안전운전불이행,건조,맑음,교차로 - 교차로부근,승용,남,31세,경상,승용,여,30세,상해없음
2021072700100211,2021년 7월 27일 11시,화요일,충청북도 영동군 상촌면,경상사고,0,0,1,0,차대차 - 측면충돌,직진우회전진행방해,건조,맑음,교차로 - 교차로안,승용,남,29세,상해없음,승용,남,72세,경상
2021072700100212,2021년 7월 27일 11시,화요일,충청북도 청주시 서원구 모충동,경상사고,0,0,1,0,차대사람 - 횡단중,안전운전불이행,건조,맑음,교차로 - 교차로횡단보도내,승용,남,71세,상해없음,보행자,남,70세,경상
2021072700100249,2021년 7월 27일 12시,화요일,충청북도 충주시 달천동,경상사고,0,0,1,0,차대차 - 정면충돌,안전운전불이행,건조,맑음,교차로 - 교차로안,승용,남,75세,상해없음,승용,남,44세,경상
2021072700100250,2021년 7월 27일 12시,화요일,충청북도 증평군 증평읍,경상사고,0,0,1,0,차대차 - 측면충돌,안전운전불이행,건조,맑음,단일로 - 기타,이륜,남,60세,경상,승용,여,50세,상해없음
2021072700100251,2021년 7월 27일 12시,화요일,충청북도 보은군 내북면,사망사고,1,0,0,0,차량단독 - 도로외이탈 - 추락,안전운전불이행,건조,맑음,단일로 - 기타,건설기계,남,58세,사망,,,,
2021072700100252,2021년 7월 27일 12시,화요일,충청북도 청주시 흥덕구 강서동,경상사고,0,0,1,0,차대차 - 추돌,안전운전불이행,건조,맑음,교차로 - 교차로부근,승용,여,40세,상해없음,승용,남,56세,경상
2021072700100253,2021년 7월 27일 12시,화요일,충청북도 청주시 서원구 현도면,경상사고,0,0,1,0,차대차 - 측면충돌,안전운전불이행,건조,맑음,단일로 - 기타,화물,남,37세,상해없음,승용,남,65세,경상
2021072700100284,2021년 7월 27일 13시,화요일,충청북도 청주시 서원구 수곡동,중상사고,0,1,0,0,차대차 - 측면충돌,직진우회전진행방해,건조,맑음,교차로 - 교차로안,화물,남,59세,기타불명,자전거,여,64세,중상
2021072700100310,2021년 7월 27일 14시,화요일,충청북도 충주시 호암동,경상사고,0,0,1,0,차대차 - 측면충돌,신호위반,건조,맑음,단일로 - 기타,승용,남,67세,상해없음,승용,여,28세,경상
2021072700100311,2021년 7월 27일 14시,화요일,충청북도 청주시 상당구 석교동,경상사고,0,0,2,0,차대차 - 측면충돌,안전운전불이행,건조,맑음,단일로 - 지하차도(도로)내,승용,여,75세,상해없음,승용,남,55세,경상
2021072700100387,2021년 7월 27일 16시,화요일,충청북도 진천군 초평면,경상사고,0,0,1,0,차대차 - 추돌,안전운전불이행,건조,맑음,단일로 - 기타,화물,남,62세,상해없음,승용,남,27세,경상
2021072700100425,2021년 7월 27일 17시,화요일,충청북도 청주시 상당구 수동,경상사고,0,0,7,0,차대차 - 정면충돌,직진우회전진행방해,건조,맑음,교차로 - 교차로안,승용,남,51세,경상,승용,여,38세,경상
2021072700100426,2021년 7월 27일 17시,화요일,충청북도 청주시 청원구 주중동,중상사고,0,1,0,0,차대차 - 기타,안전운전불이행,건조,맑음,교차로 - 교차로부근,승용,여,64세,상해없음,승용,남,40세,중상
2021072700100427,2021년 7월 27일 17시,화요일,충청북도 충주시 성내동,경상사고,0,0,1,0,차대차 - 기타,신호위반,건조,맑음,교차로 - 교차로안,기타불명,기타불명,미분류,기타불명,승합,남,50세,경상
2021072700100428,2021년 7월 27일 17시,화요일,충청북도 보은군 보은읍,중상사고,0,2,2,0,차대사람 - 길가장자리구역통행중,안전운전불이행,건조,맑음,단일로 - 기타,승용,남,70세,상해없음,보행자,여,87세,경상
2021072700100524,2021년 7월 27일 19시,화요일,충청북도 진천군 진천읍,경상사고,0,0,1,0,차대차 - 추돌,안전거리미확보,건조,맑음,단일로 - 기타,화물,남,49세,상해없음,승용,남,27세,경상
2021072700100525,2021년 7월 27일 19시,화요일,충청북도 청주시 흥덕구 가경동,경상사고,0,0,2,0,차대사람 - 횡단중,보행자보호의무위반,건조,맑음,교차로 - 교차로횡단보도내,승용,여,52세,상해없음,보행자,여,45세,경상
2021072700100557,2021년 7월 27일 20시,화요일,충청북도 진천군 진천읍,중상사고,0,1,0,0,차대차 - 정면충돌,신호위반,건조,맑음,교차로 - 교차로안,자전거,남,56세,중상,승용,여,44세,상해없음
2021072700100558,2021년 7월 27일 20시,화요일,충청북도 진천군 광혜원면,경상사고,0,0,1,0,차대차 - 측면충돌,안전운전불이행,건조,맑음,단일로 - 기타,승용,남,35세,상해없음,승용,여,60세,경상
2021072700100570,2021년 7월 27일 21시,화요일,충청북도 단양군 단양읍,중상사고,0,1,0,0,차대차 - 측면충돌,안전운전불이행,건조,맑음,단일로 - 기타,승용,남,27세,상해없음,이륜,남,17세,중상
2021072800100003,2021년 7월 28일 00시,수요일,충청북도 청주시 흥덕구 봉명동,경상사고,0,0,2,0,차대차 - 측면충돌,중앙선침범,건조,맑음,단일로 - 기타,승용,남,29세,상해없음,승용,남,36세,경상
2021072800100028,2021년 7월 28일 05시,수요일,충청북도 충주시 중앙탑면,경상사고,0,0,1,0,차대차 - 추돌,안전운전불이행,건조,맑음,단일로 - 기타,승용,남,27세,상해없음,승용,남,27세,경상
2021072800100047,2021년 7월 28일 06시,수요일,충청북도 음성군 삼성면,중상사고,0,1,0,0,차대차 - 측면충돌,교차로운행방법위반,건조,맑음,교차로 - 교차로안,승용,여,74세,상해없음,이륜,남,69세,중상
2021072800100093,2021년 7월 28일 08시,수요일,충청북도 청주시 흥덕구 옥산면,경상사고,0,0,2,0,차대차 - 측면충돌,신호위반,건조,맑음,교차로 - 교차로안,화물,남,59세,상해없음,승용,남,42세,경상
2021072800100123,2021년 7월 28일 09시,수요일,충청북도 충주시 교현동,경상사고,0,0,2,0,차대차 - 정면충돌,불법유턴,건조,맑음,교차로 - 교차로부근,승용,남,60세,상해없음,승용,남,26세,경상
2021072800100124,2021년 7월 28일 09시,수요일,충청북도 진천군 덕산읍,중상사고,0,1,0,0,차대사람 - 차도통행중,안전운전불이행,건조,맑음,단일로 - 기타,승용,여,50세,상해없음,보행자,여,65세,중상
2021072800100125,2021년 7월 28일 09시,수요일,충청북도 청주시 서원구 장암동,경상사고,0,0,2,0,차대차 - 측면충돌,교차로운행방법위반,건조,맑음,교차로 - 교차로안,승용,남,67세,상해없음,승용,남,44세,경상
2021072800100158,2021년 7월 28일 10시,수요일,충청북도 충주시 교현동,경상사고,0,0,2,0,차대차 - 추돌,안전거리미확보,건조,맑음,단일로 - 기타,승용,남,62세,상해없음,화물,여,58세,경상
2021072800100159,2021년 7월 28일 10시,수요일,충청북도 진천군 진천읍,중상사고,0,1,0,0,차대사람 - 횡단중,보행자보호의무위반,건조,맑음,단일로 - 기타,승합,남,51세,상해없음,보행자,남,87세,중상
2021072800100262,2021년 7월 28일 13시,수요일,충청북도 보은군 보은읍,경상사고,0,0,2,0,차대차 - 측면충돌,교차로운행방법위반,건조,맑음,교차로 - 교차로안,승용,남,51세,경상,승용,남,27세,경상
2021072800100263,2021년 7월 28일 13시,수요일,충청북도 청주시 상당구 용암동,경상사고,0,0,1,0,차대차 - 측면충돌,교차로운행방법위반,건조,맑음,교차로 - 교차로안,승용,남,61세,상해없음,승용,여,41세,경상
2021072800100294,2021년 7월 28일 14시,수요일,충청북도 음성군 대소면,중상사고,0,1,0,0,차량단독 - 공작물충돌,안전운전불이행,건조,맑음,미분류 - 미분류,화물,남,79세,중상,,,,
2021072800100407,2021년 7월 28일 17시,수요일,충청북도 증평군 증평읍,경상사고,0,0,1,0,차대차 - 측면충돌,불법유턴,건조,맑음,교차로 - 교차로횡단보도내,자전거,남,70세,경상,승용,여,51세,상해없음
2021072800100464,2021년 7월 28일 18시,수요일,충청북도 충주시 연수동,중상사고,0,1,0,0,차대차 - 측면충돌,안전운전불이행,건조,맑음,단일로 - 기타,승용,남,62세,상해없음,승용,여,51세,중상
2021072800100465,2021년 7월 28일 18시,수요일,충청북도 청주시 상당구 수동,중상사고,0,1,0,0,차대차 - 측면충돌,안전운전불이행,건조,맑음,단일로 - 기타,승용,여,29세,상해없음,자전거,남,62세,중상
2021072800100504,2021년 7월 28일 19시,수요일,충청북도 괴산군 사리면,경상사고,0,0,3,0,차대차 - 측면충돌,안전운전불이행,건조,맑음,교차로 - 교차로안,승용,여,53세,경상,화물,남,74세,경상
2021072800100561,2021년 7월 28일 21시,수요일,충청북도 진천군 덕산읍,중상사고,0,1,0,0,차대사람 - 횡단중,신호위반,건조,맑음,교차로 - 교차로안,승용,남,28세,상해없음,보행자,남,50세,중상
2021072800100605,2021년 7월 28일 23시,수요일,충청북도 청주시 흥덕구 비하동,경상사고,0,0,1,0,차대사람 - 기타,안전운전불이행,건조,맑음,교차로 - 교차로횡단보도내,승용,남,24세,상해없음,보행자,남,62세,경상
2021072900100031,2021년 7월 29일 05시,목요일,충청북도 단양군 매포읍,경상사고,0,0,1,0,차대차 - 추돌,안전운전불이행,건조,맑음,교차로 - 교차로안,승용,여,67세,경상,특수,남,74세,상해없음
2021072900100054,2021년 7월 29일 07시,목요일,충청북도 진천군 진천읍,경상사고,0,0,1,0,차대차 - 측면충돌,안전거리미확보,건조,맑음,교차로 - 교차로부근,승용,여,47세,상해없음,승용,남,32세,경상
2021072900100075,2021년 7월 29일 08시,목요일,충청북도 청주시 서원구 사직동,경상사고,0,0,1,0,차대차 - 기타,신호위반,건조,맑음,교차로 - 교차로안,원동기,남,13세,경상,승합,남,59세,상해없음
2021072900100076,2021년 7월 29일 08시,목요일,충청북도 충주시 금릉동,경상사고,0,0,1,0,차대차 - 측면충돌,안전운전불이행,건조,맑음,단일로 - 기타,이륜,남,80세,경상,승합,남,59세,상해없음
2021072900100077,2021년 7월 29일 08시,목요일,충청북도 옥천군 옥천읍,경상사고,0,0,1,0,차대사람 - 차도통행중,안전운전불이행,건조,맑음,교차로 - 교차로부근,화물,남,55세,상해없음,보행자,여,89세,경상
2021072900100144,2021년 7월 29일 10시,목요일,충청북도 청주시 청원구 주중동,경상사고,0,0,1,0,차대차 - 측면충돌,안전운전불이행,젖음/습기,맑음,교차로 - 교차로안,승용,남,62세,상해없음,화물,남,53세,경상
2021072900100257,2021년 7월 29일 13시,목요일,충청북도 청주시 서원구 개신동,경상사고,0,0,1,0,차대차 - 기타,교차로운행방법위반,건조,맑음,교차로 - 교차로안,승용,남,72세,상해없음,승용,남,42세,상해없음
2021072900100258,2021년 7월 29일 13시,목요일,충청북도 증평군 증평읍,경상사고,0,0,1,0,차대차 - 기타,중앙선침범,건조,맑음,기타 - 기타,승용,남,27세,상해없음,승용,남,37세,상해없음
2021072900100389,2021년 7월 29일 17시,목요일,충청북도 청주시 청원구 오창읍,중상사고,0,1,0,0,차대차 - 기타,교차로운행방법위반,건조,맑음,교차로 - 교차로안,승용,남,65세,상해없음,승용,여,47세,중상
2021072900100541,2021년 7월 29일 22시,목요일,충청북도 제천시 청전동,경상사고,0,0,1,0,차대차 - 측면충돌,안전운전불이행,건조,맑음,교차로 - 교차로안,승용,여,57세,상해없음,승용,여,40세,경상
2021073000100022,2021년 7월 30일 05시,금요일,충청북도 영동군 영동읍,경상사고,0,0,1,0,차량단독 - 공작물충돌,안전운전불이행,건조,맑음,단일로 - 기타,이륜,남,77세,경상,,,,
2021073000100023,2021년 7월 30일 05시,금요일,충청북도 단양군 매포읍,경상사고,0,0,1,0,차대차 - 측면충돌,안전운전불이행,건조,맑음,교차로 - 교차로안,화물,남,67세,상해없음,화물,남,40세,경상
2021073000100051,2021년 7월 30일 07시,금요일,충청북도 음성군 대소면,경상사고,0,0,4,0,차대차 - 측면충돌,안전운전불이행,건조,맑음,단일로 - 지하차도(도로)내,승용,여,34세,경상,승용,남,43세,경상
2021073000100079,2021년 7월 30일 08시,금요일,충청북도 충주시 성남동,경상사고,0,0,1,0,차대사람 - 기타,보행자보호의무위반,건조,맑음,교차로 - 교차로부근,승용,남,60세,상해없음,보행자,여,20세,경상
2021073000100080,2021년 7월 30일 08시,금요일,충청북도 제천시 중앙로1가,중상사고,0,1,0,0,차량단독 - 전도전복 - 전도,안전운전불이행,건조,맑음,교차로 - 교차로부근,자전거,남,83세,중상,,,,
2021073000100081,2021년 7월 30일 08시,금요일,충청북도 음성군 금왕읍,중상사고,0,1,0,0,차대차 - 추돌,안전운전불이행,건조,맑음,미분류 - 미분류,승용,남,50세,상해없음,농기계,남,65세,중상
2021073000100166,2021년 7월 30일 11시,금요일,충청북도 제천시 금성면,경상사고,0,0,2,0,차대차 - 후진중충돌,불법유턴,건조,맑음,주차장 - 주차장,승용,남,63세,상해없음,승용,여,39세,경상
2021073000100167,2021년 7월 30일 11시,금요일,충청북도 괴산군 괴산읍,중상사고,0,3,2,1,차대차 - 측면충돌,안전거리미확보,건조,맑음,단일로 - 기타,승용,여,21세,경상,승용,남,25세,경상
2021073000100168,2021년 7월 30일 11시,금요일,충청북도 보은군 장안면,경상사고,0,0,1,0,차대차 - 측면충돌,안전운전불이행,건조,맑음,교차로 - 교차로안,자전거,여,81세,경상,화물,남,76세,상해없음
2021073000100209,2021년 7월 30일 12시,금요일,충청북도 청주시 흥덕구 가경동,경상사고,0,0,1,0,차대차 - 측면충돌,불법유턴,건조,맑음,교차로 - 교차로부근,화물,남,48세,상해없음,승합,남,36세,경상
2021073000100257,2021년 7월 30일 13시,금요일,충청북도 청주시 상당구 금천동,경상사고,0,0,1,0,차대차 - 측면충돌,직진우회전진행방해,건조,맑음,교차로 - 교차로부근,승용,여,52세,상해없음,승용,여,49세,경상
2021073000100297,2021년 7월 30일 14시,금요일,충청북도 음성군 금왕읍,경상사고,0,0,1,0,차대차 - 측면충돌,차로위반,건조,맑음,미분류 - 미분류,건설기계,남,57세,상해없음,승용,남,58세,경상
2021073000100298,2021년 7월 30일 14시,금요일,충청북도 진천군 광혜원면,중상사고,0,1,0,0,차대사람 - 기타,안전운전불이행,건조,맑음,주차장 - 주차장,승용,여,51세,상해없음,보행자,남,54세,중상
2021073000100330,2021년 7월 30일 15시,금요일,충청북도 청주시 청원구 내덕동,경상사고,0,0,2,0,차대차 - 측면충돌,교차로운행방법위반,건조,맑음,교차로 - 교차로안,승용,여,56세,상해없음,승용,남,30세,경상
2021073000100331,2021년 7월 30일 15시,금요일,충청북도 충주시 연수동,중상사고,0,1,0,0,차대차 - 기타,신호위반,건조,맑음,교차로 - 교차로안,승용,남,35세,상해없음,승용,여,44세,중상
2021073000100332,2021년 7월 30일 15시,금요일,충청북도 청주시 상당구 용암동,경상사고,0,0,1,0,차대차 - 기타,교차로운행방법위반,건조,맑음,교차로 - 교차로안,승용,여,51세,상해없음,화물,남,33세,경상
2021073000100363,2021년 7월 30일 16시,금요일,충청북도 청주시 흥덕구 가경동,중상사고,0,2,0,0,차대차 - 측면충돌,안전운전불이행,건조,맑음,단일로 - 기타,승용,남,18세,상해없음,승용,여,44세,중상
2021073000100364,2021년 7월 30일 16시,금요일,충청북도 청주시 흥덕구 복대동,경상사고,0,0,1,0,차대사람 - 기타,안전운전불이행,건조,맑음,단일로 - 기타,개인형이동수단(PM),여,23세,상해없음,보행자,남,8세,경상
2021073000100408,2021년 7월 30일 17시,금요일,충청북도 충주시 중앙탑면,경상사고,0,0,2,0,차대사람 - 횡단중,신호위반,건조,맑음,단일로 - 기타,승용,남,56세,상해없음,보행자,여,9세,경상
2021073000100409,2021년 7월 30일 17시,금요일,충청북도 보은군 보은읍,경상사고,0,0,1,0,차대차 - 추돌,안전운전불이행,건조,맑음,단일로 - 기타,이륜,남,79세,경상,화물,남,66세,상해없음
2021073000100410,2021년 7월 30일 17시,금요일,충청북도 음성군 음성읍,중상사고,0,1,0,0,차량단독 - 공작물충돌,안전운전불이행,건조,맑음,미분류 - 미분류,화물,남,68세,중상,,,,
2021073000100411,2021년 7월 30일 17시,금요일,충청북도 청주시 흥덕구 지동동,경상사고,0,0,2,0,차대차 - 추돌,안전운전불이행,건조,맑음,기타 - 기타,화물,남,60세,상해없음,승용,남,39세,경상
2021073000100517,2021년 7월 30일 20시,금요일,충청북도 진천군 덕산읍,경상사고,0,0,1,0,차대차 - 추돌,안전운전불이행,건조,맑음,단일로 - 기타,원동기,남,22세,경상,승용,남,41세,기타불명
2021073000100518,2021년 7월 30일 20시,금요일,충청북도 청주시 서원구 산남동,사망사고,1,0,0,0,차대차 - 측면충돌,안전운전불이행,젖음/습기,비,단일로 - 기타,승용,남,43세,상해없음,개인형이동수단(PM),남,47세,사망
2021073000100549,2021년 7월 30일 21시,금요일,충청북도 청주시 서원구 개신동,중상사고,0,1,0,0,차대차 - 측면충돌,안전거리미확보,건조,맑음,단일로 - 기타,승용,남,59세,상해없음,이륜,남,38세,중상
2021073000100550,2021년 7월 30일 21시,금요일,충청북도 청주시 청원구 내수읍,사망사고,1,0,0,0,차대차 - 추돌,안전운전불이행,건조,맑음,단일로 - 기타,승용,여,42세,상해없음,사륜오토바이(ATV),남,75세,사망
2021073000100582,2021년 7월 30일 22시,금요일,충청북도 청주시 흥덕구 송정동,중상사고,0,1,3,0,차대차 - 측면충돌,신호위반,건조,맑음,교차로 - 교차로안,승용,여,33세,상해없음,승용,남,38세,경상
2021073000100583,2021년 7월 30일 22시,금요일,충청북도 청주시 상당구 용암동,경상사고,0,0,2,0,차대차 - 측면충돌,신호위반,건조,맑음,교차로 - 교차로안,원동기,남,31세,경상,승용,남,20세,경상
2021073000100584,2021년 7월 30일 22시,금요일,충청북도 청주시 서원구 산남동,경상사고,0,0,2,0,차대차 - 추돌,안전운전불이행,건조,맑음,교차로 - 교차로부근,승용,여,38세,상해없음,승용,여,51세,경상
2021073000100615,2021년 7월 30일 23시,금요일,충청북도 충주시 금릉동,중상사고,0,2,0,0,차대차 - 측면충돌,직진우회전진행방해,건조,흐림,교차로 - 교차로안,승용,여,63세,상해없음,승용,남,51세,중상
2021073000100616,2021년 7월 30일 23시,금요일,충청북도 청주시 흥덕구 복대동,경상사고,0,0,1,0,차대차 - 기타,안전운전불이행,건조,맑음,단일로 - 기타,승용,남,27세,상해없음,승용,여,28세,경상
2021073100100022,2021년 7월 31일 01시,토요일,충청북도 음성군 음성읍,경상사고,0,0,3,0,차대차 - 추돌,기타,건조,맑음,단일로 - 기타,승용,남,21세,상해없음,승용,남,24세,경상
2021073100100054,2021년 7월 31일 06시,토요일,충청북도 보은군 보은읍,경상사고,0,0,1,0,차대차 - 후진중충돌,안전운전불이행,건조,맑음,주차장 - 주차장,승용,남,51세,상해없음,승용,여,22세,경상
2021073100100083,2021년 7월 31일 08시,토요일,충청북도 충주시 문화동,중상사고,0,1,0,0,차대차 - 측면충돌,기타,건조,맑음,교차로 - 교차로안,승용,여,57세,상해없음,자전거,남,69세,중상
2021073100100090,2021년 7월 31일 09시,토요일,충청북도 증평군 도안면,중상사고,0,1,0,0,차대차 - 측면충돌,신호위반,건조,맑음,단일로 - 기타,이륜,남,76세,상해없음,이륜,남,79세,중상
2021073100100107,2021년 7월 31일 10시,토요일,충청북도 보은군 탄부면,중상사고,0,1,2,0,차대차 - 추돌,안전거리미확보,건조,맑음,단일로 - 터널,승용,남,37세,상해없음,승용,남,38세,경상
2021073100100143,2021년 7월 31일 11시,토요일,충청북도 괴산군 감물면,경상사고,0,0,2,0,차대차 - 기타,직진우회전진행방해,건조,맑음,교차로 - 교차로안,승용,여,25세,상해없음,승용,남,51세,경상
2021073100100189,2021년 7월 31일 12시,토요일,충청북도 청주시 서원구 사창동,경상사고,0,0,2,0,차대차 - 기타,안전운전불이행,건조,맑음,교차로 - 교차로안,이륜,남,19세,경상,승용,남,39세,상해없음