사고번호,사고일시,요일,시군구,사고내용,사망자수,중상자수,경상자수,부상신고자수,사고유형,법규위반,노면상태,기상상태,도로형태,가해운전자 차종,가해운전자 성별,가해운전자 연령,가해운전자 상해정도,피해운전자 차종,피해운전자 성별,피해운전자 연령,피해운전자 상해정도
2021073100100190,2021년 7월 31일 12시,토요일,충청북도 영동군 양산면,중상사고,0,1,0,0,차량단독 - 공작물충돌,안전운전불이행,건조,맑음,단일로 - 기타,승용,남,44세,중상,,,,
2021073100100191,2021년 7월 31일 12시,토요일,충청북도 증평군 증평읍,경상사고,0,0,1,0,차대차 - 측면충돌,신호위반,건조,맑음,교차로 - 교차로안,이륜,남,81세,경상,승용,남,45세,상해없음
2021073100100192,2021년 7월 31일 12시,토요일,충청북도 청주시 상당구 금천동,중상사고,0,1,0,0,차대차 - 측면충돌,안전운전불이행,건조,맑음,교차로 - 교차로안,승용,여,63세,상해없음,자전거,여,77세,중상
2021073100100315,2021년 7월 31일 15시,토요일,충청북도 충주시 교현동,경상사고,0,0,2,0,차대차 - 측면충돌,안전운전불이행,건조,맑음,교차로 - 교차로안,승용,남,55세,상해없음,승용,여,44세,경상
2021073100100316,2021년 7월 31일 15시,토요일,충청북도 청주시 서원구 수곡동,경상사고,0,0,1,0,차량단독 - 기타,안전운전불이행,건조,맑음,단일로 - 기타,승합,남,51세,상해없음,,,,
2021073100100346,2021년 7월 31일 16시,토요일,충청북도 청주시 흥덕구 봉명동,경상사고,0,0,1,0,차대차 - 기타,교차로운행방법위반,건조,맑음,교차로 - 교차로안,승용,남,52세,상해없음,승용,남,29세,상해없음
2021073100100347,2021년 7월 31일 16시,토요일,충청북도 청주시 흥덕구 복대동,경상사고,0,0,1,0,차대차 - 측면충돌,안전운전불이행,건조,맑음,단일로 - 기타,승용,남,64세,상해없음,승용,남,43세,경상
2021073100100380,2021년 7월 31일 17시,토요일,충청북도 제천시 의림동,경상사고,0,0,1,0,차대차 - 추돌,안전거리미확보,건조,맑음,교차로 - 교차로부근,승용,남,55세,상해없음,승용,남,46세,경상
2021073100100381,2021년 7월 31일 17시,토요일,충청북도 음성군 맹동면,중상사고,0,1,0,0,차대차 - 정면충돌,안전운전불이행,건조,맑음,미분류 - 미분류,승용,남,58세,상해없음,이륜,남,60세,중상
2021073100100420,2021년 7월 31일 18시,토요일,충청북도 청주시 청원구 사천동,경상사고,0,0,1,0,차대차 - 기타,안전운전불이행,건조,맑음,기타 - 기타,승용,남,73세,상해없음,승용,여,29세,경상
2021073100100421,2021년 7월 31일 18시,토요일,충청북도 청주시 서원구 현도면,경상사고,0,0,1,0,차량단독 - 기타,안전운전불이행,건조,맑음,단일로 - 기타,화물,여,53세,경상,,,,
2021073100100506,2021년 7월 31일 21시,토요일,충청북도 청주시 서원구 남이면,경상사고,0,0,1,0,차대차 - 측면충돌,안전운전불이행,건조,맑음,교차로 - 교차로부근,승용,남,25세,상해없음,승용,남,28세,경상
2021073100100507,2021년 7월 31일 21시,토요일,충청북도 청주시 상당구 용암동,중상사고,0,1,0,0,차대차 - 측면충돌,안전운전불이행,건조,맑음,교차로 - 교차로안,자전거,남,16세,중상,승용,남,44세,상해없음
2021073100100540,2021년 7월 31일 22시,토요일,충청북도 음성군 금왕읍,경상사고,0,0,1,0,차량단독 - 전도전복 - 전도,안전운전불이행,건조,맑음,미분류 - 미분류,원동기,남,25세,경상,,,,
2021080100100019,2021년 8월 1일 02시,일요일,충청북도 청주시 청원구 율량동,경상사고,0,0,1,0,차대차 - 정면충돌,신호위반,건조,맑음,교차로 - 교차로안,승용,남,46세,상해없음,승용,남,21세,경상
2021080100100048,2021년 8월 1일 08시,일요일,충청북도 음성군 원남면,경상사고,0,0,1,0,차대차 - 추돌,안전운전불이행,건조,맑음,단일로 - 터널,승용,남,59세,상해없음,농기계,남,79세,경상
2021080100100062,2021년 8월 1일 09시,일요일,충청북도 제천시 청전동,경상사고,0,0,1,0,차대차 - 정면충돌,안전운전불이행,건조,맑음,단일로 - 기타,승용,남,63세,상해없음,승용,남,41세,경상
2021080100100063,2021년 8월 1일 09시,일요일,충청북도 청주시 서원구 산남동,경상사고,0,0,2,0,차대차 - 추돌,안전운전불이행,건조,맑음,교차로 - 교차로부근,승용,남,67세,상해없음,승용,남,60세,경상
2021080100100135,2021년 8월 1일 12시,일요일,충청북도 제천시 봉양읍,중상사고,0,1,4,0,차대차 - 측면충돌,직진우회전진행방해,건조,맑음,교차로 - 교차로안,승용,남,48세,경상,화물,남,74세,중상
2021080100100162,2021년 8월 1일 13시,일요일,충청북도 음성군 음성읍,중상사고,0,1,0,0,차대차 - 측면충돌,교차로운행방법위반,건조,맑음,교차로 - 교차로안,이륜,남,19세,중상,승용,남,32세,상해없음
2021080100100267,2021년 8월 1일 17시,일요일,충청북도 충주시 문화동,경상사고,0,0,2,0,차대차 - 후진중충돌,안전운전불이행,젖음/습기,비,교차로 - 교차로부근,승용,여,30세,상해없음,승용,남,28세,경상
2021080100100268,2021년 8월 1일 17시,일요일,충청북도 제천시 청전동,중상사고,0,2,1,0,차대차 - 측면충돌,차로위반,젖음/습기,비,단일로 - 기타,승용,남,71세,상해없음,승용,여,69세,경상
2021080100100295,2021년 8월 1일 18시,일요일,충청북도 충주시 교현동,경상사고,0,0,1,0,차대차 - 정면충돌,안전거리미확보,건조,맑음,교차로 - 교차로부근,승용,남,49세,상해없음,이륜,남,23세,경상
2021080100100296,2021년 8월 1일 18시,일요일,충청북도 괴산군 사리면,경상사고,0,0,2,0,차대차 - 추돌,안전운전불이행,젖음/습기,비,단일로 - 기타,승용,남,29세,상해없음,화물,남,64세,경상
2021080100100334,2021년 8월 1일 19시,일요일,충청북도 청주시 흥덕구 오송읍,경상사고,0,0,4,0,차대차 - 측면충돌,신호위반,젖음/습기,비,교차로 - 교차로안,승용,여,25세,상해없음,승용,여,29세,경상
2021080100100372,2021년 8월 1일 20시,일요일,충청북도 제천시 화산동,부상신고사고,0,0,0,1,차량단독 - 공작물충돌,안전운전불이행,젖음/습기,비,단일로 - 기타,승용,남,62세,부상신고,,,,
2021080100100373,2021년 8월 1일 20시,일요일,충청북도 단양군 단양읍,경상사고,0,0,1,0,차대차 - 정면충돌,안전운전불이행,젖음/습기,맑음,교차로 - 교차로안,승용,남,31세,경상,승합,남,58세,상해없음
2021080100100374,2021년 8월 1일 20시,일요일,충청북도 청주시 서원구 남이면,중상사고,0,1,0,0,차대차 - 추돌,안전운전불이행,젖음/습기,비,단일로 - 기타,승용,남,44세,상해없음,화물,남,48세,중상
2021080100100432,2021년 8월 1일 22시,일요일,충청북도 충주시 교현동,경상사고,0,0,1,0,차대차 - 추돌,안전운전불이행,건조,흐림,단일로 - 기타,승용,남,41세,상해없음,이륜,남,36세,경상
2021080200100056,2021년 8월 2일 07시,월요일,충청북도 청주시 흥덕구 가경동,경상사고,0,0,1,0,차대차 - 측면충돌,안전운전불이행,건조,맑음,단일로 - 기타,승용,남,31세,상해없음,승용,남,62세,경상
2021080200100076,2021년 8월 2일 08시,월요일,충청북도 제천시 화산동,부상신고사고,0,0,0,1,차대차 - 정면충돌,직진우회전진행방해,젖음/습기,비,교차로 - 교차로안,개인형이동수단(PM),남,71세,부상신고,승용,남,56세,상해없음
2021080200100099,2021년 8월 2일 09시,월요일,충청북도 충주시 교현동,중상사고,0,1,0,0,차대차 - 측면충돌,안전거리미확보,건조,맑음,단일로 - 기타,승용,남,64세,상해없음,이륜,남,50세,중상
2021080200100100,2021년 8월 2일 09시,월요일,충청북도 제천시 금성면,경상사고,0,0,1,0,차대사람 - 차도통행중,안전운전불이행,건조,맑음,기타 - 기타,화물,남,71세,상해없음,보행자,여,89세,경상
2021080200100101,2021년 8월 2일 09시,월요일,충청북도 청주시 흥덕구 비하동,경상사고,0,0,2,0,차대차 - 기타,차로위반,건조,맑음,교차로 - 교차로부근,승용,남,64세,상해없음,승합,남,23세,상해없음
2021080200100126,2021년 8월 2일 10시,월요일,충청북도 제천시 청전동,부상신고사고,0,0,0,1,차대차 - 측면충돌,안전운전불이행,건조,맑음,단일로 - 지하차도(도로)내,승용,여,50세,상해없음,자전거,남,13세,부상신고
2021080200100127,2021년 8월 2일 10시,월요일,충청북도 제천시 천남동,중상사고,0,1,1,0,차대차 - 기타,안전거리미확보,건조,맑음,단일로 - 지하차도(도로)내,승용,남,50세,경상,승용,남,53세,상해없음
2021080200100156,2021년 8월 2일 11시,월요일,충청북도 충주시 성내동,경상사고,0,0,1,0,차대차 - 기타,교차로운행방법위반,건조,맑음,교차로 - 교차로안,화물,남,43세,상해없음,이륜,남,77세,경상
2021080200100157,2021년 8월 2일 11시,월요일,충청북도 음성군 금왕읍,경상사고,0,0,1,0,차량단독 - 공작물충돌,안전운전불이행,젖음/습기,비,단일로 - 기타,승용,여,66세,경상,,,,
2021080200100158,2021년 8월 2일 11시,월요일,충청북도 청주시 서원구 분평동,경상사고,0,0,1,0,차대차 - 측면충돌,교차로운행방법위반,젖음/습기,비,교차로 - 교차로부근,승용,여,61세,기타불명,화물,남,56세,경상
2021080200100203,2021년 8월 2일 12시,월요일,충청북도 옥천군 옥천읍,중상사고,0,4,1,0,차대차 - 측면충돌,신호위반,건조,맑음,교차로 - 교차로안,승용,남,68세,상해없음,승용,남,34세,상해없음
2021080200100237,2021년 8월 2일 13시,월요일,충청북도 청주시 서원구 사직동,경상사고,0,0,1,0,차대차 - 기타,교차로운행방법위반,건조,맑음,교차로 - 교차로안,승용,남,32세,상해없음,승용,남,37세,경상
2021080200100383,2021년 8월 2일 17시,월요일,충청북도 청주시 청원구 오창읍,중상사고,0,1,0,0,차대차 - 기타,중앙선침범,건조,맑음,교차로 - 교차로부근,화물,남,38세,기타불명,이륜,남,17세,중상
2021080200100384,2021년 8월 2일 17시,월요일,충청북도 청주시 흥덕구 봉명동,경상사고,0,0,1,0,차대사람 - 기타,안전운전불이행,건조,맑음,교차로 - 교차로안,승용,남,65세,상해없음,보행자,남,58세,경상
2021080200100385,2021년 8월 2일 17시,월요일,충청북도 청주시 흥덕구 신봉동,경상사고,0,0,1,0,차대차 - 측면충돌,교차로운행방법위반,젖음/습기,비,교차로 - 교차로안,승용,여,69세,기타불명,승용,남,23세,경상
2021080200100421,2021년 8월 2일 18시,월요일,충청북도 청주시 서원구 사창동,경상사고,0,0,1,0,차대차 - 추돌,안전운전불이행,건조,맑음,단일로 - 기타,승용,남,19세,상해없음,승용,남,46세,경상
2021080200100422,2021년 8월 2일 18시,월요일,충청북도 청주시 흥덕구 복대동,중상사고,0,1,0,0,차대차 - 정면충돌,중앙선침범,젖음/습기,흐림,교차로 - 교차로안,승용,남,26세,중상,승용,남,48세,상해없음
2021080200100423,2021년 8월 2일 18시,월요일,충청북도 청주시 상당구 가덕면,경상사고,0,0,4,0,차대차 - 기타,중앙선침범,젖음/습기,비,단일로 - 지하차도(도로)내,승용,여,21세,상해없음,승용,남,56세,경상
2021080200100524,2021년 8월 2일 21시,월요일,충청북도 청주시 상당구 운동동,경상사고,0,0,1,0,차대차 - 측면충돌,신호위반,건조,맑음,교차로 - 교차로안,승용,여,34세,상해없음,승용,남,28세,경상
2021080200100572,2021년 8월 2일 23시,월요일,충청북도 음성군 대소면,사망사고,1,0,0,0,차대사람 - 기타,안전운전불이행,건조,흐림,교차로 - 교차로부근,승용,남,55세,상해없음,보행자,남,42세,사망
2021080300100039,2021년 8월 3일 07시,화요일,충청북도 충주시 문화동,경상사고,0,0,1,0,차대차 - 기타,안전운전불이행,건조,맑음,교차로 - 교차로안,승용,여,71세,상해없음,승용,남,42세,경상
2021080300100055,2021년 8월 3일 08시,화요일,충청북도 청주시 흥덕구 오송읍,중상사고,0,1,1,0,차대차 - 측면충돌,안전거리미확보,건조,맑음,교차로 - 교차로부근,승용,여,52세,중상,승용,여,50세,경상
2021080300100075,2021년 8월 3일 09시,화요일,충청북도 충주시 충의동,중상사고,0,1,0,0,차대사람 - 기타,안전운전불이행,건조,맑음,단일로 - 기타,승용,남,90세,상해없음,보행자,남,63세,중상
2021080300100076,2021년 8월 3일 09시,화요일,충청북도 음성군 대소면,경상사고,0,0,4,0,차대차 - 측면충돌,직진우회전진행방해,건조,맑음,교차로 - 교차로안,화물,남,72세,경상,승합,남,61세,경상
2021080300100106,2021년 8월 3일 10시,화요일,충청북도 청주시 서원구 남이면,경상사고,0,0,3,0,차대차 - 기타,안전운전불이행,건조,맑음,단일로 - 기타,승용,남,43세,상해없음,승용,여,56세,경상
2021080300100107,2021년 8월 3일 10시,화요일,충청북도 청주시 상당구 남일면,경상사고,0,0,1,0,차대차 - 측면충돌,안전운전불이행,건조,맑음,단일로 - 기타,승용,남,77세,상해없음,승용,여,40세,경상
2021080300100108,2021년 8월 3일 10시,화요일,충청북도 청주시 서원구 모충동,경상사고,0,0,1,0,차대사람 - 차도통행중,안전운전불이행,건조,맑음,단일로 - 기타,승용,남,65세,상해없음,보행자,남,53세,경상
2021080300100201,2021년 8월 3일 13시,화요일,충청북도 청주시 청원구 내수읍,경상사고,0,0,1,0,차대차 - 측면충돌,중앙선침범,건조,맑음,단일로 - 기타,화물,남,65세,상해없음,이륜,남,45세,경상
2021080300100237,2021년 8월 3일 14시,화요일,충청북도 단양군 단양읍,중상사고,0,1,0,0,차대사람 - 기타,안전운전불이행,건조,맑음,단일로 - 기타,승용,남,53세,기타불명,보행자,여,58세,중상
2021080300100238,2021년 8월 3일 14시,화요일,충청북도 진천군 이월면,경상사고,0,0,4,0,차대차 - 측면충돌,중앙선침범,건조,맑음,단일로 - 기타,승용,남,70세,상해없음,화물,남,59세,경상
2021080300100390,2021년 8월 3일 18시,화요일,충청북도 제천시 의림동,경상사고,0,0,3,0,차대차 - 측면충돌,기타,건조,맑음,교차로 - 교차로안,승용,남,23세,상해없음,승용,남,51세,경상
2021080300100418,2021년 8월 3일 19시,화요일,충청북도 청주시 상당구 용암동,경상사고,0,0,2,0,차대차 - 측면충돌,안전운전불이행,건조,맑음,교차로 - 교차로안,승용,여,54세,상해없음,승용,여,64세,경상
2021080300100447,2021년 8월 3일 20시,화요일,충청북도 음성군 맹동면,중상사고,0,1,3,0,차대차 - 추돌,안전운전불이행,건조,맑음,교차로 - 교차로부근,승합,남,59세,상해없음,화물,남,58세,경상
2021080300100448,2021년 8월 3일 20시,화요일,충청북도 진천군 덕산읍,경상사고,0,0,1,0,차대차 - 측면충돌,신호위반,건조,맑음,교차로 - 교차로부근,승용,남,61세,상해없음,승용,남,30세,경상
2021080300100468,2021년 8월 3일 21시,화요일,충청북도 제천시 청전동,경상사고,0,0,1,0,차대차 - 측면충돌,안전운전불이행,건조,맑음,단일로 - 지하차도(도로)내,승용,남,22세,상해없음,승용,여,36세,경상
2021080300100494,2021년 8월 3일 22시,화요일,충청북도 제천시 장락동,경상사고,0,0,1,0,차대차 - 측면충돌,직진우회전진행방해,건조,맑음,교차로 - 교차로안,승용,남,58세,상해없음,승용,여,32세,경상
2021080300100495,2021년 8월 3일 22시,화요일,충청북도 음성군 맹동면,중상사고,0,1,0,0,차대차 - 측면충돌,신호위반,건조,맑음,교차로 - 교차로횡단보도내,승용,여,40세,상해없음,자전거,남,28세,중상
2021080400100002,2021년 8월 4일 00시,수요일,충청북도 청주시 청원구 오창읍,경상사고,0,0,1,0,차대차 - 기타,안전운전불이행,건조,맑음,교차로 - 교차로부근,승용,남,30세,상해없음,승용,여,55세,경상
2021080400100073,2021년 8월 4일 08시,수요일,충청북도 증평군 증평읍,경상사고,0,0,1,0,차량단독 - 공작물충돌,안전운전불이행,건조,맑음,단일로 - 기타,승용,남,54세,경상,,,,
2021080400100108,2021년 8월 4일 09시,수요일,충청북도 음성군 음성읍,중상사고,0,1,1,0,차대차 - 측면충돌,직진우회전진행방해,건조,맑음,교차로 - 교차로안,이륜,여,66세,중상,승용,여,26세,경상
2021080400100138,2021년 8월 4일 10시,수요일,충청북도 보은군 보은읍,경상사고,0,0,1,0,차대차 - 측면충돌,신호위반,건조,맑음,교차로 - 교차로안,화물,남,79세,상해없음,승용,남,68세,경상
2021080400100139,2021년 8월 4일 10시,수요일,충청북도 청주시 서원구 남이면,경상사고,0,0,2,0,차대차 - 측면충돌,신호위반,건조,맑음,교차로 - 교차로안,승용,남,56세,경상,승용,여,33세,경상
2021080400100140,2021년 8월 4일 10시,수요일,충청북도 청주시 흥덕구 가경동,중상사고,0,1,0,0,차량단독 - 기타,기타,건조,맑음,단일로 - 기타,승합,남,46세,상해없음,,,,
2021080400100205,2021년 8월 4일 12시,수요일,충청북도 청주시 청원구 오창읍,경상사고,0,0,2,0,차대차 - 기타,기타,건조,맑음,기타 - 기타,승용,남,30세,상해없음,승합,남,57세,경상
2021080400100207,2021년 8월 4일 12시,수요일,충청북도 청주시 흥덕구 오송읍,경상사고,0,0,2,0,차대차 - 추돌,안전운전불이행,건조,맑음,기타 - 기타,승용,여,69세,상해없음,화물,남,41세,경상
2021080400100241,2021년 8월 4일 13시,수요일,충청북도 청주시 흥덕구 비하동,경상사고,0,0,5,0,차대차 - 추돌,교차로운행방법위반,건조,맑음,교차로 - 교차로안,승용,여,23세,상해없음,승용,여,34세,경상
2021080400100242,2021년 8월 4일 13시,수요일,충청북도 청주시 흥덕구 가경동,중상사고,0,1,3,0,차대차 - 측면충돌,안전운전불이행,건조,맑음,단일로 - 기타,승용,남,22세,상해없음,승용,남,55세,경상
2021080400100276,2021년 8월 4일 14시,수요일,충청북도 충주시 연수동,경상사고,0,0,2,0,차대차 - 측면충돌,안전거리미확보,건조,맑음,교차로 - 교차로부근,승용,여,56세,상해없음,승용,남,77세,경상
2021080400100277,2021년 8월 4일 14시,수요일,충청북도 옥천군 옥천읍,중상사고,0,1,0,0,차대차 - 후진중충돌,안전운전불이행,건조,맑음,교차로 - 교차로부근,승용,남,31세,상해없음,이륜,남,79세,중상
2021080400100278,2021년 8월 4일 14시,수요일,충청북도 청주시 흥덕구 봉명동,경상사고,0,0,1,0,차대차 - 기타,신호위반,건조,맑음,교차로 - 교차로부근,승용,여,66세,상해없음,특수,남,39세,경상
2021080400100319,2021년 8월 4일 15시,수요일,충청북도 청주시 서원구 사창동,경상사고,0,0,1,0,차대차 - 기타,안전운전불이행,건조,맑음,주차장 - 주차장,승용,남,24세,상해없음,승용,여,30세,경상
2021080400100320,2021년 8월 4일 15시,수요일,충청북도 충주시 노은면,경상사고,0,0,3,0,차대차 - 추돌,안전거리미확보,건조,맑음,단일로 - 기타,승용,남,55세,상해없음,승합,여,23세,경상
2021080400100351,2021년 8월 4일 16시,수요일,충청북도 제천시 장락동,경상사고,0,0,1,0,차대차 - 측면충돌,안전거리미확보,건조,맑음,교차로 - 교차로부근,승용,남,69세,상해없음,승용,남,20세,경상
2021080400100352,2021년 8월 4일 16시,수요일,충청북도 청주시 상당구 석교동,경상사고,0,0,1,0,차대차 - 측면충돌,안전운전불이행,건조,맑음,단일로 - 기타,승용,여,62세,상해없음,승용,남,50세,상해없음
2021080400100397,2021년 8월 4일 17시,수요일,충청북도 충주시 연수동,경상사고,0,0,1,0,차대차 - 측면충돌,안전운전불이행,건조,맑음,교차로 - 교차로부근,승합,남,48세,상해없음,승용,여,38세,경상
2021080400100398,2021년 8월 4일 17시,수요일,충청북도 진천군 진천읍,경상사고,0,0,1,0,차대차 - 측면충돌,안전운전불이행,건조,맑음,단일로 - 교량,승용,남,87세,상해없음,승용,여,24세,경상
2021080400100456,2021년 8월 4일 18시,수요일,충청북도 청주시 청원구 내수읍,경상사고,0,0,1,0,차대차 - 기타,신호위반,건조,맑음,교차로 - 교차로안,승용,여,47세,상해없음,승용,남,40세,경상
2021080400100492,2021년 8월 4일 19시,수요일,충청북도 음성군 감곡면,중상사고,0,1,1,0,차대차 - 기타,신호위반,건조,맑음,단일로 - 기타,승용,여,26세,경상,화물,여,67세,상해없음
2021080400100493,2021년 8월 4일 19시,수요일,충청북도 단양군 어상천면,경상사고,0,0,1,0,차량단독 - 도로외이탈 - 추락,안전운전불이행,건조,맑음,기타 - 기타,화물,남,65세,경상,,,,
2021080400100524,2021년 8월 4일 20시,수요일,충청북도 청주시 청원구 주중동,경상사고,0,0,2,0,차대차 - 정면충돌,신호위반,건조,맑음,교차로 - 교차로안,이륜,남,38세,상해없음,승용,남,35세,경상
2021080400100525,2021년 8월 4일 20시,수요일,충청북도 충주시 호암동,경상사고,0,0,1,0,차대차 - 측면충돌,안전운전불이행,건조,맑음,교차로 - 교차로안,자전거,남,51세,경상,승용,남,35세,상해없음
2021080400100526,2021년 8월 4일 20시,수요일,충청북도 청주시 흥덕구 가경동,경상사고,0,0,1,0,차대사람 - 기타,안전운전불이행,건조,맑음,교차로 - 교차로안,화물,남,58세,상해없음,보행자,남,39세,경상
2021080400100527,2021년 8월 4일 20시,수요일,충청북도 청주시 서원구 성화동,중상사고,0,1,0,0,차대차 - 측면충돌,신호위반,건조,맑음,교차로 - 교차로안,승용,남,24세,상해없음,이륜,남,43세,중상
2021080400100573,2021년 8월 4일 22시,수요일,충청북도 청주시 서원구 개신동,경상사고,0,0,1,0,차대차 - 정면충돌,안전운전불이행,건조,맑음,교차로 - 교차로안,승용,남,45세,상해없음,승용,남,31세,경상
2021080400100595,2021년 8월 4일 23시,수요일,충청북도 진천군 초평면,중상사고,0,1,0,0,차대차 - 측면충돌,신호위반,건조,맑음,교차로 - 교차로안,승용,남,26세,상해없음,이륜,남,30세,중상
2021080400100596,2021년 8월 4일 23시,수요일,충청북도 청주시 흥덕구 봉명동,부상신고사고,0,0,0,1,차량단독 - 공작물충돌,안전운전불이행,건조,맑음,교차로 - 교차로부근,승용,여,51세,부상신고,,,,
2021080500100028,2021년 8월 5일 05시,목요일,충청북도 괴산군 사리면,중상사고,0,1,0,0,차대차 - 추돌,안전운전불이행,건조,맑음,단일로 - 기타,화물,남,58세,상해없음,화물,남,56세,중상
2021080500100048,2021년 8월 5일 07시,목요일,충청북도 충주시 살미면,경상사고,0,0,1,0,차대사람 - 보도통행중,안전운전불이행,건조,맑음,단일로 - 기타,기타불명,기타불명,미분류,기타불명,보행자,여,63세,경상
2021080500100049,2021년 8월 5일 07시,목요일,충청북도 진천군 광혜원면,경상사고,0,0,4,0,차대차 - 추돌,안전운전불이행,건조,맑음,교차로 - 교차로부근,승합,남,41세,경상,승용,남,34세,경상
2021080500100082,2021년 8월 5일 08시,목요일,충청북도 영동군 양강면,중상사고,0,1,0,0,차대차 - 추돌,안전거리미확보,젖음/습기,안개,단일로 - 기타,화물,여,59세,상해없음,승용,여,67세,중상
2021080500100083,2021년 8월 5일 08시,목요일,충청북도 청주시 흥덕구 봉명동,사망사고,1,0,0,0,차대차 - 기타,교차로운행방법위반,건조,맑음,교차로 - 교차로안,화물,남,69세,상해없음,이륜,남,82세,사망
2021080500100117,2021년 8월 5일 09시,목요일,충청북도 진천군 진천읍,경상사고,0,0,1,0,차대차 - 측면충돌,신호위반,건조,맑음,교차로 - 교차로안,승용,남,52세,상해없음,이륜,남,75세,경상
2021080500100186,2021년 8월 5일 11시,목요일,충청북도 제천시 명지동,경상사고,0,0,2,0,차대차 - 측면충돌,안전거리미확보,건조,맑음,단일로 - 지하차도(도로)내,특수,남,52세,상해없음,승용,여,30세,경상
2021080500100187,2021년 8월 5일 11시,목요일,충청북도 단양군 가곡면,경상사고,0,0,1,0,차대차 - 추돌,안전운전불이행,건조,맑음,단일로 - 기타,승용,남,49세,상해없음,승용,남,51세,경상
2021080500100188,2021년 8월 5일 11시,목요일,충청북도 청주시 흥덕구 지동동,경상사고,0,0,1,0,차대차 - 기타,안전운전불이행,건조,맑음,단일로 - 기타,승용,남,63세,상해없음,승용,여,64세,경상
2021080500100259,2021년 8월 5일 13시,목요일,충청북도 옥천군 옥천읍,경상사고,0,0,1,0,차대차 - 후진중충돌,안전운전불이행,건조,맑음,단일로 - 기타,승용,남,46세,상해없음,승용,남,32세,경상
2021080500100260,2021년 8월 5일 13시,목요일,충청북도 진천군 진천읍,경상사고,0,0,1,0,차대차 - 측면충돌,중앙선침범,건조,맑음,교차로 - 교차로안,화물,남,62세,상해없음,화물,남,49세,경상
2021080500100331,2021년 8월 5일 15시,목요일,충청북도 청주시 청원구 우암동,중상사고,0,1,0,0,차대차 - 기타,교차로운행방법위반,건조,맑음,교차로 - 교차로안,승용,남,51세,상해없음,이륜,남,37세,중상
2021080500100332,2021년 8월 5일 15시,목요일,충청북도 청주시 흥덕구 복대동,중상사고,0,1,0,0,차대차 - 기타,안전운전불이행,건조,맑음,교차로 - 교차로안,승용,여,69세,기타불명,이륜,남,33세,중상
2021080500100333,2021년 8월 5일 15시,목요일,충청북도 청주시 상당구 미원면,중상사고,0,1,2,0,차대차 - 추돌,안전운전불이행,건조,맑음,교차로 - 교차로부근,승용,여,48세,경상,승용,여,50세,상해없음
2021080500100416,2021년 8월 5일 17시,목요일,충청북도 제천시 의림동,중상사고,0,1,1,0,차대차 - 측면충돌,안전거리미확보,건조,맑음,교차로 - 교차로부근,승용,여,54세,상해없음,승용,여,61세,중상
2021080500100417,2021년 8월 5일 17시,목요일,충청북도 청주시 서원구 성화동,중상사고,0,3,1,0,차대차 - 측면충돌,안전운전불이행,건조,맑음,교차로 - 교차로부근,승용,여,63세,상해없음,승용,남,43세,중상
2021080500100460,2021년 8월 5일 18시,목요일,충청북도 청주시 흥덕구 봉명동,경상사고,0,0,1,0,차대차 - 기타,교차로운행방법위반,건조,맑음,교차로 - 교차로안,승용,남,42세,상해없음,승용,남,30세,경상
2021080500100594,2021년 8월 5일 22시,목요일,충청북도 청주시 서원구 사창동,중상사고,0,2,2,1,차대차 - 추돌,안전운전불이행,건조,맑음,단일로 - 기타,승용,남,26세,상해없음,승용,남,64세,경상
2021080500100595,2021년 8월 5일 22시,목요일,충청북도 청주시 흥덕구 가경동,경상사고,0,0,1,0,차대사람 - 기타,안전운전불이행,건조,맑음,단일로 - 기타,승용,남,61세,상해없음,보행자,여,45세,경상
2021080600100023,2021년 8월 6일 05시,금요일,충청북도 음성군 삼성면,경상사고,0,0,1,0,차대차 - 후진중충돌,안전운전불이행,건조,맑음,단일로 - 기타,승용,남,60세,상해없음,화물,남,67세,경상
2021080600100039,2021년 8월 6일 06시,금요일,충청북도 진천군 덕산읍,경상사고,0,0,1,0,차대차 - 측면충돌,교차로운행방법위반,건조,맑음,교차로 - 교차로안,화물,남,52세,상해없음,승용,남,46세,경상
2021080600100117,2021년 8월 6일 09시,금요일,충청북도 단양군 단양읍,경상사고,0,0,1,0,차량단독 - 전도전복 - 전복,안전운전불이행,건조,맑음,단일로 - 기타,건설기계,남,48세,경상,,,,
2021080600100118,2021년 8월 6일 09시,금요일,충청북도 청주시 흥덕구 외북동,중상사고,0,1,0,0,차대차 - 측면충돌,안전운전불이행,건조,맑음,단일로 - 기타,승용,남,56세,상해없음,승용,남,32세,중상
2021080600100119,2021년 8월 6일 09시,금요일,충청북도 청주시 흥덕구 옥산면,경상사고,0,0,1,0,차대차 - 측면충돌,중앙선침범,건조,맑음,단일로 - 기타,승용,남,48세,상해없음,승용,남,27세,경상
2021080600100149,2021년 8월 6일 10시,금요일,충청북도 옥천군 옥천읍,중상사고,0,1,0,0,차대차 - 정면충돌,신호위반,건조,맑음,교차로 - 교차로안,승용,남,29세,상해없음,승용,남,72세,중상
2021080600100172,2021년 8월 6일 11시,금요일,충청북도 증평군 증평읍,경상사고,0,0,1,0,차대차 - 측면충돌,직진우회전진행방해,건조,맑음,교차로 - 교차로안,이륜,남,44세,경상,승용,남,64세,상해없음
2021080600100207,2021년 8월 6일 12시,금요일,충청북도 청주시 흥덕구 봉명동,경상사고,0,0,2,0,차대차 - 측면충돌,안전운전불이행,건조,맑음,단일로 - 기타,화물,남,44세,상해없음,승용,남,60세,경상