사고번호,사고일시,요일,시군구,사고내용,사망자수,중상자수,경상자수,부상신고자수,사고유형,법규위반,노면상태,기상상태,도로형태,가해운전자 차종,가해운전자 성별,가해운전자 연령,가해운전자 상해정도,피해운전자 차종,피해운전자 성별,피해운전자 연령,피해운전자 상해정도
2021081800100423,2021년 8월 18일 18시,수요일,충청북도 청주시 흥덕구 송정동,경상사고,0,0,1,0,차대차 - 측면충돌,안전운전불이행,건조,맑음,단일로 - 기타,승용,남,35세,상해없음,개인형이동수단(PM),남,27세,경상
2021081800100424,2021년 8월 18일 18시,수요일,충청북도 청주시 흥덕구 강내면,경상사고,0,0,1,0,차대차 - 측면충돌,안전운전불이행,건조,맑음,단일로 - 기타,이륜,남,30세,경상,승용,남,55세,상해없음
2021081800100425,2021년 8월 18일 18시,수요일,충청북도 청주시 상당구 서운동,경상사고,0,0,4,0,차대차 - 기타,안전거리미확보,건조,맑음,기타 - 기타,승용,남,22세,상해없음,승용,남,34세,경상
2021081800100426,2021년 8월 18일 18시,수요일,충청북도 청주시 서원구 수곡동,경상사고,0,0,1,0,차대사람 - 기타,기타,건조,맑음,기타 - 기타,이륜,남,66세,상해없음,보행자,여,9세,경상
2021081800100466,2021년 8월 18일 19시,수요일,충청북도 음성군 금왕읍,중상사고,0,1,0,0,차대차 - 측면충돌,중앙선침범,건조,흐림,미분류 - 미분류,승용,남,54세,상해없음,승합,남,53세,중상
2021081800100467,2021년 8월 18일 19시,수요일,충청북도 청주시 상당구 북문로2가,경상사고,0,0,1,0,차대차 - 기타,신호위반,건조,맑음,교차로 - 교차로안,승용,여,60세,상해없음,이륜,남,46세,경상
2021081800100504,2021년 8월 18일 20시,수요일,충청북도 청주시 청원구 우암동,경상사고,0,0,1,0,차대차 - 기타,차로위반,젖음/습기,흐림,교차로 - 교차로부근,승용,남,65세,상해없음,승용,남,45세,경상
2021081800100505,2021년 8월 18일 20시,수요일,충청북도 청주시 서원구 수곡동,중상사고,0,1,0,0,차대사람 - 기타,안전운전불이행,건조,맑음,기타 - 기타,승용,여,71세,상해없음,보행자,남,57세,중상
2021081800100530,2021년 8월 18일 21시,수요일,충청북도 충주시 문화동,중상사고,0,1,1,0,차대차 - 기타,신호위반,젖음/습기,비,교차로 - 교차로안,승용,남,24세,상해없음,승용,여,27세,경상
2021081800100531,2021년 8월 18일 21시,수요일,충청북도 청주시 흥덕구 강서동,경상사고,0,0,1,0,차대차 - 후진중충돌,안전운전불이행,건조,맑음,교차로 - 교차로부근,승용,남,28세,상해없음,승용,남,33세,경상
2021081800100561,2021년 8월 18일 22시,수요일,충청북도 청주시 상당구 방서동,경상사고,0,0,1,0,차대차 - 측면충돌,안전운전불이행,건조,맑음,교차로 - 교차로안,승용,남,36세,상해없음,승용,남,39세,경상
2021081900100017,2021년 8월 19일 05시,목요일,충청북도 옥천군 옥천읍,중상사고,0,1,0,0,차대사람 - 횡단중,안전운전불이행,젖음/습기,비,교차로 - 교차로안,승용,남,67세,상해없음,보행자,여,67세,중상
2021081900100018,2021년 8월 19일 05시,목요일,충청북도 청주시 흥덕구 가경동,경상사고,0,0,1,0,차대차 - 측면충돌,안전운전불이행,건조,맑음,교차로 - 교차로부근,화물,남,41세,상해없음,자전거,남,63세,경상
2021081900100041,2021년 8월 19일 07시,목요일,충청북도 음성군 대소면,경상사고,0,0,1,0,차대차 - 측면충돌,안전운전불이행,건조,맑음,단일로 - 기타,자전거,남,19세,경상,승합,여,54세,상해없음
2021081900100067,2021년 8월 19일 08시,목요일,충청북도 충주시 봉방동,경상사고,0,0,1,0,차대차 - 정면충돌,교차로운행방법위반,건조,맑음,교차로 - 교차로안,화물,남,32세,상해없음,승용,여,27세,경상
2021081900100108,2021년 8월 19일 09시,목요일,충청북도 진천군 초평면,경상사고,0,0,1,0,차량단독 - 전도전복 - 전도,안전운전불이행,건조,맑음,단일로 - 기타,자전거,남,85세,경상,,,,
2021081900100318,2021년 8월 19일 15시,목요일,충청북도 보은군 회남면,경상사고,0,0,2,0,차대차 - 측면충돌,중앙선침범,건조,맑음,단일로 - 기타,화물,남,54세,상해없음,승용,남,26세,경상
2021081900100319,2021년 8월 19일 15시,목요일,충청북도 청주시 흥덕구 봉명동,중상사고,0,1,0,0,차대차 - 측면충돌,신호위반,건조,맑음,교차로 - 교차로안,승용,남,50세,상해없음,승용,여,64세,중상
2021081900100360,2021년 8월 19일 16시,목요일,충청북도 증평군 증평읍,경상사고,0,0,3,0,차대차 - 추돌,안전운전불이행,건조,맑음,단일로 - 교량,승용,남,60세,상해없음,화물,남,63세,상해없음
2021081900100404,2021년 8월 19일 17시,목요일,충청북도 충주시 문화동,경상사고,0,0,1,1,차대차 - 기타,안전운전불이행,건조,맑음,교차로 - 교차로부근,이륜,남,34세,부상신고,자전거,남,73세,경상
2021081900100405,2021년 8월 19일 17시,목요일,충청북도 청주시 서원구 미평동,경상사고,0,0,2,0,차대차 - 측면충돌,안전운전불이행,건조,맑음,단일로 - 기타,승용,남,46세,상해없음,승용,남,56세,경상
2021081900100485,2021년 8월 19일 19시,목요일,충청북도 청주시 흥덕구 향정동,중상사고,0,1,1,0,차대차 - 추돌,안전운전불이행,건조,맑음,교차로 - 교차로부근,승용,남,56세,상해없음,승용,여,52세,중상
2021081900100486,2021년 8월 19일 19시,목요일,충청북도 청주시 서원구 모충동,중상사고,0,1,3,0,차대차 - 정면충돌,안전운전불이행,건조,맑음,교차로 - 교차로안,승용,여,67세,상해없음,승용,남,60세,경상
2021081900100513,2021년 8월 19일 20시,목요일,충청북도 청주시 흥덕구 봉명동,중상사고,0,1,0,0,차대차 - 측면충돌,안전운전불이행,건조,맑음,교차로 - 교차로안,승용,남,25세,상해없음,자전거,여,39세,중상
2021081900100562,2021년 8월 19일 22시,목요일,충청북도 청주시 서원구 사직동,경상사고,0,0,3,0,차대차 - 기타,안전운전불이행,건조,맑음,단일로 - 기타,승용,여,37세,기타불명,승용,남,58세,경상
2021082000100010,2021년 8월 20일 02시,금요일,충청북도 충주시 봉방동,경상사고,0,0,2,0,차대차 - 측면충돌,신호위반,건조,맑음,교차로 - 교차로안,승용,남,17세,상해없음,승용,여,48세,경상
2021082000100013,2021년 8월 20일 03시,금요일,충청북도 음성군 원남면,중상사고,0,1,0,0,차량단독 - 공작물충돌,안전운전불이행,건조,맑음,미분류 - 미분류,화물,남,62세,중상,,,,
2021082000100029,2021년 8월 20일 06시,금요일,충청북도 괴산군 괴산읍,경상사고,0,0,2,0,차대차 - 측면충돌,교차로운행방법위반,건조,맑음,교차로 - 교차로안,승용,여,57세,경상,승용,여,60세,경상
2021082000100069,2021년 8월 20일 08시,금요일,충청북도 청주시 청원구 북이면,경상사고,0,0,1,0,차대사람 - 기타,안전운전불이행,건조,맑음,기타 - 기타,승용,남,26세,상해없음,보행자,여,61세,경상
2021082000100070,2021년 8월 20일 08시,금요일,충청북도 청주시 상당구 석교동,중상사고,0,1,1,0,차대차 - 측면충돌,신호위반,건조,맑음,교차로 - 교차로안,승용,남,61세,상해없음,승용,여,55세,중상
2021082000100097,2021년 8월 20일 09시,금요일,충청북도 청주시 청원구 내수읍,중상사고,0,1,1,0,차대차 - 기타,안전운전불이행,건조,맑음,단일로 - 기타,화물,남,33세,경상,승용,여,50세,상해없음
2021082000100098,2021년 8월 20일 09시,금요일,충청북도 청주시 흥덕구 봉명동,중상사고,0,1,0,0,차대사람 - 보도통행중,보행자보호의무위반,건조,맑음,교차로 - 교차로횡단보도내,화물,남,49세,상해없음,보행자,남,84세,중상
2021082000100120,2021년 8월 20일 10시,금요일,충청북도 충주시 중앙탑면,경상사고,0,0,1,0,차대차 - 추돌,안전운전불이행,건조,맑음,단일로 - 기타,화물,남,61세,상해없음,승용,여,48세,경상
2021082000100121,2021년 8월 20일 10시,금요일,충청북도 청주시 흥덕구 가경동,중상사고,0,1,0,0,차대사람 - 기타,안전운전불이행,건조,맑음,교차로 - 교차로안,승용,남,66세,상해없음,보행자,여,74세,중상
2021082000100122,2021년 8월 20일 10시,금요일,충청북도 청주시 서원구 산남동,중상사고,0,1,0,0,차대사람 - 기타,안전운전불이행,건조,맑음,단일로 - 기타,승용,여,52세,상해없음,보행자,여,67세,중상
2021082000100157,2021년 8월 20일 11시,금요일,충청북도 충주시 중앙탑면,경상사고,0,0,2,0,차대차 - 정면충돌,직진우회전진행방해,건조,맑음,교차로 - 교차로안,승용,여,71세,상해없음,화물,남,62세,경상
2021082000100158,2021년 8월 20일 11시,금요일,충청북도 청주시 흥덕구 강서동,경상사고,0,0,1,0,차대차 - 측면충돌,직진우회전진행방해,건조,맑음,교차로 - 교차로안,승용,남,76세,상해없음,승용,여,40세,경상
2021082000100159,2021년 8월 20일 11시,금요일,충청북도 괴산군 장연면,경상사고,0,0,3,0,차대차 - 추돌,안전운전불이행,건조,맑음,단일로 - 지하차도(도로)내,화물,남,53세,상해없음,승용,남,51세,경상
2021082000100197,2021년 8월 20일 12시,금요일,충청북도 충주시 교현동,경상사고,0,0,1,0,차대차 - 측면충돌,안전운전불이행,건조,맑음,교차로 - 교차로안,승용,남,54세,상해없음,이륜,남,26세,경상
2021082000100235,2021년 8월 20일 13시,금요일,충청북도 충주시 대소원면,경상사고,0,0,3,0,차대차 - 정면충돌,중앙선침범,건조,맑음,단일로 - 기타,화물,남,75세,경상,승용,남,47세,경상
2021082000100236,2021년 8월 20일 13시,금요일,충청북도 보은군 보은읍,경상사고,0,0,1,0,차대차 - 후진중충돌,안전운전불이행,젖음/습기,맑음,단일로 - 기타,승합,남,65세,상해없음,화물,남,45세,경상
2021082000100283,2021년 8월 20일 14시,금요일,충청북도 음성군 음성읍,중상사고,0,1,0,0,차대사람 - 횡단중,안전운전불이행,건조,맑음,교차로 - 교차로부근,승용,남,59세,상해없음,보행자,남,46세,중상
2021082000100284,2021년 8월 20일 14시,금요일,충청북도 청주시 흥덕구 가경동,경상사고,0,0,1,0,차대차 - 측면충돌,교차로운행방법위반,건조,맑음,교차로 - 교차로안,승용,여,36세,상해없음,승합,남,56세,상해없음
2021082000100285,2021년 8월 20일 14시,금요일,충청북도 청주시 상당구 미원면,중상사고,0,1,0,0,차대차 - 측면충돌,안전운전불이행,건조,맑음,단일로 - 기타,이륜,남,51세,중상,화물,남,55세,상해없음
2021082000100286,2021년 8월 20일 14시,금요일,충청북도 청주시 상당구 남일면,중상사고,0,1,2,0,차대차 - 측면충돌,안전운전불이행,건조,맑음,교차로 - 교차로안,승용,남,71세,경상,원동기,남,28세,중상
2021082000100323,2021년 8월 20일 15시,금요일,충청북도 충주시 엄정면,경상사고,0,0,1,0,차대차 - 측면충돌,안전운전불이행,건조,맑음,단일로 - 교량,화물,남,65세,상해없음,화물,남,73세,경상
2021082000100324,2021년 8월 20일 15시,금요일,충청북도 제천시 장락동,경상사고,0,0,1,0,차대차 - 추돌,안전거리미확보,건조,맑음,단일로 - 기타,화물,남,58세,상해없음,승용,남,36세,경상
2021082000100325,2021년 8월 20일 15시,금요일,충청북도 청주시 서원구 수곡동,경상사고,0,0,1,0,차대사람 - 횡단중,보행자보호의무위반,건조,맑음,교차로 - 교차로횡단보도내,화물,남,52세,상해없음,보행자,남,22세,경상
2021082000100360,2021년 8월 20일 16시,금요일,충청북도 청주시 흥덕구 복대동,경상사고,0,0,1,0,차대차 - 기타,안전운전불이행,건조,맑음,교차로 - 교차로횡단보도내,승용,남,67세,상해없음,자전거,남,36세,경상
2021082000100361,2021년 8월 20일 16시,금요일,충청북도 청주시 상당구 용암동,경상사고,0,0,1,0,차대사람 - 기타,안전운전불이행,건조,맑음,기타 - 기타,기타불명,남,8세,기타불명,보행자,여,49세,경상
2021082000100502,2021년 8월 20일 19시,금요일,충청북도 충주시 산척면,경상사고,0,0,3,0,차대차 - 추돌,안전운전불이행,건조,맑음,교차로 - 교차로부근,승용,여,41세,경상,특수,남,31세,경상
2021082000100615,2021년 8월 20일 22시,금요일,충청북도 청주시 청원구 내덕동,경상사고,0,0,1,0,차대사람 - 기타,안전운전불이행,건조,맑음,교차로 - 교차로부근,승용,남,54세,상해없음,보행자,남,33세,경상
2021082000100616,2021년 8월 20일 22시,금요일,충청북도 청주시 흥덕구 복대동,경상사고,0,0,1,0,차대차 - 측면충돌,중앙선침범,건조,맑음,교차로 - 교차로부근,개인형이동수단(PM),남,30세,상해없음,개인형이동수단(PM),남,64세,경상
2021082100100022,2021년 8월 21일 03시,토요일,충청북도 제천시 장락동,경상사고,0,0,2,0,차대차 - 추돌,안전운전불이행,건조,맑음,교차로 - 교차로부근,승용,남,48세,상해없음,승용,남,31세,경상
2021082100100030,2021년 8월 21일 05시,토요일,충청북도 청주시 청원구 우암동,중상사고,0,1,0,0,차대사람 - 기타,안전운전불이행,건조,맑음,단일로 - 기타,승합,남,60세,상해없음,보행자,남,43세,중상
2021082100100059,2021년 8월 21일 08시,토요일,충청북도 충주시 대소원면,경상사고,0,0,2,0,차대차 - 기타,직진우회전진행방해,젖음/습기,비,교차로 - 교차로안,화물,남,62세,상해없음,승용,남,23세,경상
2021082100100127,2021년 8월 21일 11시,토요일,충청북도 청주시 청원구 우암동,경상사고,0,0,1,0,차대차 - 기타,안전운전불이행,젖음/습기,비,미분류 - 미분류,승용,남,43세,기타불명,승용,남,30세,경상
2021082100100128,2021년 8월 21일 11시,토요일,충청북도 음성군 음성읍,중상사고,0,2,0,0,차대차 - 정면충돌,교차로운행방법위반,젖음/습기,비,교차로 - 교차로안,화물,남,62세,상해없음,승용,여,58세,중상
2021082100100165,2021년 8월 21일 12시,토요일,충청북도 제천시 봉양읍,경상사고,0,0,1,0,차량단독 - 공작물충돌,안전운전불이행,젖음/습기,비,기타 - 기타,승용,남,50세,경상,,,,
2021082100100257,2021년 8월 21일 14시,토요일,충청북도 옥천군 군북면,경상사고,0,0,2,0,차대차 - 추돌,안전운전불이행,젖음/습기,비,단일로 - 기타,화물,남,52세,상해없음,승용,남,63세,경상
2021082100100282,2021년 8월 21일 15시,토요일,충청북도 청주시 상당구 용암동,중상사고,0,1,0,0,차대사람 - 기타,안전운전불이행,젖음/습기,비,단일로 - 기타,승용,남,66세,상해없음,보행자,여,75세,중상
2021082100100311,2021년 8월 21일 16시,토요일,충청북도 청주시 청원구 오창읍,중상사고,0,1,0,0,차대차 - 기타,안전운전불이행,건조,맑음,단일로 - 기타,화물,남,60세,상해없음,승용,남,45세,상해없음
2021082100100312,2021년 8월 21일 16시,토요일,충청북도 진천군 문백면,중상사고,0,1,0,0,차대차 - 측면충돌,안전운전불이행,건조,맑음,교차로 - 교차로안,승용,남,27세,기타불명,승용,남,58세,중상
2021082100100313,2021년 8월 21일 16시,토요일,충청북도 청주시 서원구 수곡동,중상사고,0,1,0,0,차대차 - 측면충돌,안전거리미확보,건조,맑음,단일로 - 기타,이륜,남,26세,중상,승용,남,25세,상해없음
2021082100100432,2021년 8월 21일 20시,토요일,충청북도 청주시 서원구 사창동,경상사고,0,0,1,0,차대사람 - 기타,안전운전불이행,건조,맑음,단일로 - 기타,승용,남,20세,상해없음,보행자,여,29세,경상
2021082100100433,2021년 8월 21일 20시,토요일,충청북도 제천시 강제동,중상사고,0,2,0,0,차대차 - 측면충돌,신호위반,젖음/습기,흐림,교차로 - 교차로안,승용,남,48세,상해없음,승용,여,54세,중상
2021082100100461,2021년 8월 21일 21시,토요일,충청북도 괴산군 청천면,경상사고,0,0,2,0,차대차 - 측면충돌,안전운전불이행,건조,기타,단일로 - 기타,승용,남,26세,상해없음,승용,남,55세,경상
2021082200100027,2021년 8월 22일 05시,일요일,충청북도 진천군 진천읍,중상사고,0,3,0,0,차대차 - 추돌,안전거리미확보,건조,맑음,단일로 - 기타,승용,남,54세,상해없음,승용,남,38세,중상
2021082200100043,2021년 8월 22일 07시,일요일,충청북도 보은군 보은읍,경상사고,0,0,2,0,차대차 - 측면충돌,교차로운행방법위반,건조,맑음,교차로 - 교차로안,승용,여,32세,경상,승용,남,52세,경상
2021082200100093,2021년 8월 22일 11시,일요일,충청북도 청주시 청원구 정상동,경상사고,0,0,1,0,차대차 - 기타,안전운전불이행,건조,맑음,교차로 - 교차로부근,자전거,남,13세,경상,승용,여,51세,상해없음
2021082200100112,2021년 8월 22일 12시,일요일,충청북도 음성군 음성읍,경상사고,0,0,2,0,차대차 - 추돌,안전운전불이행,건조,맑음,교차로 - 교차로부근,승용,남,84세,상해없음,승용,남,48세,경상
2021082200100145,2021년 8월 22일 13시,일요일,충청북도 청주시 상당구 방서동,경상사고,0,0,1,0,차대차 - 추돌,안전운전불이행,젖음/습기,비,단일로 - 지하차도(도로)내,화물,남,48세,상해없음,승용,여,45세,경상
2021082200100178,2021년 8월 22일 14시,일요일,충청북도 진천군 덕산읍,경상사고,0,0,1,0,차대차 - 추돌,안전운전불이행,건조,맑음,단일로 - 기타,화물,남,60세,상해없음,승용,남,33세,경상
2021082200100179,2021년 8월 22일 14시,일요일,충청북도 청주시 상당구 영운동,경상사고,0,0,2,0,차대차 - 측면충돌,차로위반,건조,맑음,단일로 - 지하차도(도로)내,승용,남,67세,상해없음,승용,여,41세,경상
2021082200100212,2021년 8월 22일 15시,일요일,충청북도 청주시 서원구 사창동,경상사고,0,0,4,0,차대차 - 측면충돌,신호위반,건조,맑음,단일로 - 기타,승용,여,23세,경상,승용,남,31세,경상
2021082200100237,2021년 8월 22일 16시,일요일,충청북도 충주시 주덕읍,경상사고,0,0,1,0,차대차 - 기타,신호위반,건조,맑음,교차로 - 교차로안,승용,남,51세,상해없음,승용,남,54세,경상
2021082200100238,2021년 8월 22일 16시,일요일,충청북도 옥천군 옥천읍,경상사고,0,0,1,0,차대사람 - 보도통행중,안전운전불이행,건조,맑음,단일로 - 기타,승용,남,58세,상해없음,보행자,남,83세,경상
2021082200100264,2021년 8월 22일 17시,일요일,충청북도 청주시 상당구 북문로2가,경상사고,0,0,2,0,차대차 - 측면충돌,안전운전불이행,건조,맑음,교차로 - 교차로부근,화물,남,68세,상해없음,화물,여,42세,경상
2021082200100265,2021년 8월 22일 17시,일요일,충청북도 청주시 흥덕구 옥산면,경상사고,0,0,2,0,차대차 - 추돌,안전거리미확보,건조,맑음,단일로 - 지하차도(도로)내,화물,남,63세,상해없음,승용,남,30세,경상
2021082200100293,2021년 8월 22일 18시,일요일,충청북도 청주시 흥덕구 송절동,경상사고,0,0,1,0,차대차 - 추돌,안전운전불이행,건조,맑음,교차로 - 교차로안,승용,남,45세,상해없음,승용,남,40세,경상
2021082200100314,2021년 8월 22일 19시,일요일,충청북도 청주시 상당구 용담동,중상사고,0,1,0,0,차대사람 - 기타,보행자보호의무위반,건조,맑음,교차로 - 교차로횡단보도내,승용,남,43세,상해없음,보행자,여,56세,중상
2021082200100331,2021년 8월 22일 20시,일요일,충청북도 제천시 고암동,경상사고,0,0,1,0,차대차 - 기타,안전거리미확보,건조,흐림,기타 - 기타,승용,남,68세,상해없음,승용,남,24세,경상
2021082300100008,2021년 8월 23일 02시,월요일,충청북도 청주시 청원구 율량동,경상사고,0,0,2,0,차대차 - 기타,교차로운행방법위반,건조,맑음,교차로 - 교차로안,승용,남,21세,경상,승용,남,18세,경상
2021082300100018,2021년 8월 23일 05시,월요일,충청북도 충주시 대소원면,중상사고,0,1,0,0,차대차 - 측면충돌,신호위반,건조,흐림,교차로 - 교차로안,승용,여,65세,상해없음,화물,여,69세,중상
2021082300100030,2021년 8월 23일 07시,월요일,충청북도 진천군 덕산읍,중상사고,0,2,1,0,차대차 - 측면충돌,신호위반,건조,맑음,교차로 - 교차로안,화물,남,52세,중상,승용,남,35세,중상
2021082300100052,2021년 8월 23일 08시,월요일,충청북도 청주시 청원구 내덕동,경상사고,0,0,1,0,차량단독 - 기타,안전운전불이행,건조,맑음,교차로 - 교차로부근,승용,남,36세,경상,,,,
2021082300100053,2021년 8월 23일 08시,월요일,충청북도 영동군 학산면,경상사고,0,0,4,0,차대차 - 측면충돌,직진우회전진행방해,젖음/습기,비,교차로 - 교차로안,승용,여,50세,경상,승용,여,57세,경상
2021082300100054,2021년 8월 23일 08시,월요일,충청북도 진천군 진천읍,경상사고,0,0,1,0,차대차 - 추돌,안전거리미확보,건조,맑음,교차로 - 교차로안,승합,남,66세,상해없음,승용,남,30세,경상
2021082300100114,2021년 8월 23일 10시,월요일,충청북도 청주시 흥덕구 강내면,경상사고,0,0,1,0,차대차 - 정면충돌,중앙선침범,젖음/습기,비,단일로 - 기타,건설기계,남,64세,상해없음,승용,남,52세,경상
2021082300100142,2021년 8월 23일 11시,월요일,충청북도 진천군 광혜원면,경상사고,0,0,1,0,차대차 - 측면충돌,안전운전불이행,건조,맑음,교차로 - 교차로안,승용,남,69세,상해없음,승합,남,54세,경상
2021082300100191,2021년 8월 23일 12시,월요일,충청북도 제천시 신동,경상사고,0,0,2,0,차대차 - 추돌,안전거리미확보,건조,맑음,교차로 - 교차로부근,승용,여,25세,경상,승용,남,69세,경상
2021082300100192,2021년 8월 23일 12시,월요일,충청북도 청주시 흥덕구 복대동,경상사고,0,0,1,0,차대차 - 측면충돌,교차로운행방법위반,젖음/습기,비,교차로 - 교차로안,승용,여,30세,상해없음,승합,남,55세,경상
2021082300100237,2021년 8월 23일 13시,월요일,충청북도 청주시 서원구 분평동,경상사고,0,0,3,0,차대차 - 추돌,안전운전불이행,젖음/습기,비,교차로 - 교차로부근,승합,남,52세,상해없음,승용,여,33세,경상
2021082300100273,2021년 8월 23일 14시,월요일,충청북도 충주시 봉방동,경상사고,0,0,1,0,차대차 - 측면충돌,교차로운행방법위반,젖음/습기,비,단일로 - 기타,승용,여,66세,상해없음,개인형이동수단(PM),여,24세,경상
2021082300100274,2021년 8월 23일 14시,월요일,충청북도 증평군 증평읍,중상사고,0,1,1,0,차대차 - 추돌,안전거리미확보,젖음/습기,흐림,단일로 - 기타,승용,남,69세,경상,승용,여,41세,중상
2021082300100328,2021년 8월 23일 16시,월요일,충청북도 청주시 흥덕구 가경동,경상사고,0,0,1,0,차대사람 - 기타,안전운전불이행,젖음/습기,비,기타 - 기타,승용,여,57세,상해없음,보행자,여,14세,경상
2021082300100373,2021년 8월 23일 17시,월요일,충청북도 청주시 상당구 용암동,경상사고,0,0,1,0,차대차 - 추돌,안전운전불이행,젖음/습기,비,교차로 - 교차로부근,승용,남,46세,상해없음,승용,여,22세,경상
2021082300100412,2021년 8월 23일 18시,월요일,충청북도 제천시 신백동,경상사고,0,0,1,0,차대차 - 측면충돌,불법유턴,젖음/습기,흐림,단일로 - 기타,화물,남,49세,상해없음,이륜,남,35세,경상
2021082300100453,2021년 8월 23일 19시,월요일,충청북도 음성군 금왕읍,중상사고,0,4,5,0,차대차 - 측면충돌,차로위반,건조,맑음,미분류 - 미분류,화물,남,48세,상해없음,승합,남,63세,경상
2021082300100454,2021년 8월 23일 19시,월요일,충청북도 청주시 흥덕구 가경동,중상사고,0,2,1,0,차대차 - 측면충돌,기타,젖음/습기,비,교차로 - 교차로부근,승용,여,54세,경상,승합,남,66세,중상
2021082300100455,2021년 8월 23일 19시,월요일,충청북도 청주시 상당구 금천동,경상사고,0,0,1,0,차대차 - 측면충돌,안전운전불이행,젖음/습기,비,교차로 - 교차로안,승용,남,62세,경상,승용,여,47세,상해없음
2021082300100500,2021년 8월 23일 20시,월요일,충청북도 영동군 양산면,중상사고,0,1,0,0,차량단독 - 기타,안전운전불이행,젖음/습기,비,단일로 - 기타,이륜,남,42세,중상,,,,
2021082300100501,2021년 8월 23일 20시,월요일,충청북도 진천군 광혜원면,경상사고,0,0,1,0,차대차 - 측면충돌,안전운전불이행,젖음/습기,비,단일로 - 기타,승용,남,30세,경상,화물,남,67세,기타불명
2021082300100572,2021년 8월 23일 22시,월요일,충청북도 음성군 삼성면,경상사고,0,0,1,0,차량단독 - 공작물충돌,안전운전불이행,젖음/습기,비,미분류 - 미분류,승용,남,54세,경상,,,,
2021082300100573,2021년 8월 23일 22시,월요일,충청북도 진천군 진천읍,사망사고,1,0,0,0,차량단독 - 공작물충돌,안전운전불이행,젖음/습기,비,교차로 - 교차로안,승용,남,53세,사망,,,,
2021082300100595,2021년 8월 23일 23시,월요일,충청북도 청주시 서원구 산남동,중상사고,0,1,0,0,차대차 - 측면충돌,신호위반,젖음/습기,비,교차로 - 교차로안,승용,남,60세,상해없음,승용,남,22세,중상
2021082400100022,2021년 8월 24일 04시,화요일,충청북도 충주시 대소원면,중상사고,0,1,0,0,차대차 - 측면충돌,신호위반,젖음/습기,비,교차로 - 교차로안,승용,남,64세,상해없음,승용,남,33세,중상
2021082400100033,2021년 8월 24일 06시,화요일,충청북도 청주시 흥덕구 휴암동,경상사고,0,0,1,0,차대차 - 측면충돌,안전운전불이행,젖음/습기,비,교차로 - 교차로안,승용,남,60세,상해없음,승용,여,39세,경상
2021082400100079,2021년 8월 24일 08시,화요일,충청북도 진천군 진천읍,경상사고,0,0,1,0,차대차 - 측면충돌,안전거리미확보,건조,맑음,단일로 - 기타,승용,여,58세,상해없음,승용,남,25세,경상
2021082400100101,2021년 8월 24일 09시,화요일,충청북도 청주시 청원구 오창읍,중상사고,0,1,0,0,차량단독 - 기타,기타,젖음/습기,비,단일로 - 기타,승합,남,44세,상해없음,,,,
2021082400100102,2021년 8월 24일 09시,화요일,충청북도 괴산군 불정면,중상사고,0,1,3,0,차대차 - 측면충돌,직진우회전진행방해,젖음/습기,비,교차로 - 교차로안,승합,남,61세,상해없음,화물,남,58세,경상
2021082400100141,2021년 8월 24일 11시,화요일,충청북도 청주시 서원구 수곡동,경상사고,0,0,1,0,차대사람 - 횡단중,보행자보호의무위반,건조,맑음,단일로 - 기타,승용,여,52세,상해없음,보행자,남,59세,경상
2021082400100171,2021년 8월 24일 12시,화요일,충청북도 충주시 칠금동,중상사고,0,1,1,0,차대차 - 정면충돌,안전거리미확보,건조,맑음,교차로 - 교차로안,승용,남,62세,경상,승용,남,61세,중상
2021082400100172,2021년 8월 24일 12시,화요일,충청북도 청주시 상당구 용담동,중상사고,0,1,0,0,차대차 - 측면충돌,안전운전불이행,젖음/습기,흐림,교차로 - 교차로부근,승용,남,45세,상해없음,원동기,남,32세,중상
2021082400100212,2021년 8월 24일 13시,화요일,충청북도 증평군 증평읍,중상사고,0,1,0,0,차대사람 - 횡단중,기타,젖음/습기,비,교차로 - 교차로안,승용,여,34세,상해없음,보행자,남,79세,중상
2021082400100213,2021년 8월 24일 13시,화요일,충청북도 청주시 서원구 성화동,경상사고,0,0,2,0,차대차 - 측면충돌,안전운전불이행,건조,맑음,단일로 - 기타,승용,남,37세,상해없음,승용,여,49세,경상
2021082400100242,2021년 8월 24일 14시,화요일,충청북도 청주시 상당구 금천동,경상사고,0,0,1,0,차대차 - 측면충돌,차로위반,건조,맑음,교차로 - 교차로안,승용,여,54세,상해없음,승용,남,31세,경상
2021082400100276,2021년 8월 24일 15시,화요일,충청북도 제천시 청전동,경상사고,0,0,1,0,차대차 - 측면충돌,교차로운행방법위반,건조,흐림,교차로 - 교차로안,승용,여,32세,상해없음,화물,남,69세,경상
2021082400100277,2021년 8월 24일 15시,화요일,충청북도 영동군 황간면,중상사고,0,1,0,0,차대사람 - 기타,안전운전불이행,젖음/습기,흐림,단일로 - 기타,승용,여,68세,상해없음,보행자,여,74세,중상
2021082400100278,2021년 8월 24일 15시,화요일,충청북도 진천군 덕산읍,경상사고,0,0,1,0,차대차 - 후진중충돌,안전운전불이행,건조,맑음,단일로 - 기타,승용,남,44세,기타불명,승용,여,51세,경상
2021082400100279,2021년 8월 24일 15시,화요일,충청북도 청주시 상당구 금천동,중상사고,0,1,0,0,차대사람 - 횡단중,안전운전불이행,젖음/습기,비,교차로 - 교차로안,화물,남,54세,상해없음,보행자,여,81세,중상