사고번호,사고일시,요일,시군구,사고내용,사망자수,중상자수,경상자수,부상신고자수,사고유형,법규위반,노면상태,기상상태,도로형태,가해운전자 차종,가해운전자 성별,가해운전자 연령,가해운전자 상해정도,피해운전자 차종,피해운전자 성별,피해운전자 연령,피해운전자 상해정도
2021083100100038,2021년 8월 31일 06시,화요일,충청북도 청주시 서원구 수곡동,경상사고,0,0,1,0,차대차 - 측면충돌,교차로운행방법위반,건조,맑음,교차로 - 교차로안,이륜,남,73세,경상,승용,남,68세,상해없음
2021083100100047,2021년 8월 31일 07시,화요일,충청북도 보은군 회인면,중상사고,0,1,1,0,차대차 - 측면충돌,신호위반,젖음/습기,비,교차로 - 교차로안,승용,남,59세,상해없음,화물,남,66세,중상
2021083100100115,2021년 8월 31일 09시,화요일,충청북도 제천시 봉양읍,중상사고,0,1,0,0,차대차 - 측면충돌,안전운전불이행,건조,맑음,단일로 - 지하차도(도로)내,승용,여,63세,상해없음,자전거,남,78세,중상
2021083100100147,2021년 8월 31일 10시,화요일,충청북도 충주시 칠금동,중상사고,0,1,0,0,차대차 - 후진중충돌,안전운전불이행,건조,맑음,교차로 - 교차로안,승용,여,54세,상해없음,화물,남,50세,중상
2021083100100148,2021년 8월 31일 10시,화요일,충청북도 청주시 흥덕구 신봉동,중상사고,0,1,0,0,차대사람 - 횡단중,안전운전불이행,건조,맑음,단일로 - 기타,승용,여,57세,상해없음,보행자,여,71세,중상
2021083100100179,2021년 8월 31일 11시,화요일,충청북도 청주시 상당구 금천동,경상사고,0,0,1,0,차대차 - 후진중충돌,안전운전불이행,건조,맑음,단일로 - 기타,승용,여,56세,상해없음,이륜,남,18세,경상
2021083100100215,2021년 8월 31일 12시,화요일,충청북도 괴산군 소수면,중상사고,0,1,1,0,차대차 - 측면충돌,안전운전불이행,건조,맑음,단일로 - 기타,화물,남,74세,경상,승용,여,57세,중상
2021083100100251,2021년 8월 31일 13시,화요일,충청북도 증평군 증평읍,중상사고,0,1,0,0,차대사람 - 기타,안전운전불이행,건조,흐림,단일로 - 기타,승용,남,55세,상해없음,보행자,여,80세,중상
2021083100100252,2021년 8월 31일 13시,화요일,충청북도 옥천군 안남면,중상사고,0,1,0,0,차대사람 - 차도통행중,안전운전불이행,건조,맑음,교차로 - 교차로부근,화물,남,58세,상해없음,보행자,여,78세,중상
2021083100100253,2021년 8월 31일 13시,화요일,충청북도 옥천군 옥천읍,중상사고,0,1,0,0,차대차 - 정면충돌,신호위반,건조,맑음,교차로 - 교차로안,승용,남,72세,상해없음,승용,남,66세,중상
2021083100100254,2021년 8월 31일 13시,화요일,충청북도 청주시 흥덕구 강서동,경상사고,0,0,2,0,차대차 - 측면충돌,교차로운행방법위반,건조,맑음,교차로 - 교차로안,승용,남,45세,경상,승용,여,33세,경상
2021083100100287,2021년 8월 31일 14시,화요일,충청북도 청주시 상당구 서운동,경상사고,0,0,1,0,차대차 - 측면충돌,신호위반,건조,맑음,교차로 - 교차로부근,승용,여,55세,상해없음,이륜,남,49세,경상
2021083100100334,2021년 8월 31일 15시,화요일,충청북도 괴산군 청안면,경상사고,0,0,1,0,차대사람 - 기타,안전운전불이행,건조,맑음,단일로 - 기타,화물,남,41세,상해없음,보행자,남,7세,경상
2021083100100335,2021년 8월 31일 15시,화요일,충청북도 청주시 흥덕구 복대동,중상사고,0,1,0,0,차대차 - 측면충돌,신호위반,건조,맑음,교차로 - 교차로안,승용,남,59세,상해없음,승용,여,49세,중상
2021083100100336,2021년 8월 31일 15시,화요일,충청북도 청주시 서원구 분평동,중상사고,0,1,1,0,차대차 - 측면충돌,중앙선침범,젖음/습기,맑음,교차로 - 교차로부근,이륜,남,59세,중상,승용,남,64세,경상
2021083100100388,2021년 8월 31일 16시,화요일,충청북도 충주시 소태면,중상사고,0,1,0,0,차대차 - 기타,중앙선침범,젖음/습기,비,단일로 - 기타,농기계,남,78세,중상,특수,남,63세,상해없음
2021083100100416,2021년 8월 31일 17시,화요일,충청북도 청주시 청원구 오창읍,경상사고,0,0,2,0,차대차 - 기타,안전거리미확보,건조,맑음,단일로 - 기타,승용,여,33세,상해없음,승용,남,37세,경상
2021083100100469,2021년 8월 31일 18시,화요일,충청북도 청주시 청원구 오창읍,경상사고,0,0,3,0,차대차 - 기타,안전거리미확보,젖음/습기,흐림,단일로 - 기타,승용,남,53세,상해없음,승용,남,24세,경상
2021083100100510,2021년 8월 31일 19시,화요일,충청북도 청주시 청원구 오창읍,중상사고,0,1,0,0,차대사람 - 기타,신호위반,젖음/습기,맑음,교차로 - 교차로부근,승용,남,58세,상해없음,보행자,남,34세,중상
2021083100100511,2021년 8월 31일 19시,화요일,충청북도 충주시 성내동,경상사고,0,0,1,0,차대사람 - 횡단중,안전운전불이행,젖음/습기,비,교차로 - 교차로횡단보도내,기타불명,기타불명,미분류,기타불명,보행자,여,14세,경상
2021083100100512,2021년 8월 31일 19시,화요일,충청북도 충주시 연수동,경상사고,0,0,1,0,차대차 - 측면충돌,안전운전불이행,젖음/습기,비,단일로 - 기타,승용,남,45세,상해없음,승용,남,25세,상해없음
2021083100100615,2021년 8월 31일 21시,화요일,충청북도 진천군 진천읍,경상사고,0,0,1,0,차대사람 - 기타,안전운전불이행,젖음/습기,비,교차로 - 교차로안,승용,남,56세,상해없음,보행자,남,49세,경상
2021083100100647,2021년 8월 31일 22시,화요일,충청북도 청주시 청원구 내덕동,경상사고,0,0,1,0,차대차 - 측면충돌,불법유턴,젖음/습기,맑음,교차로 - 교차로안,승용,남,50세,상해없음,이륜,남,30세,경상
2021090100100021,2021년 9월 1일 05시,수요일,충청북도 청주시 흥덕구 송정동,경상사고,0,0,1,0,차대사람 - 보도통행중,보행자보호의무위반,젖음/습기,비,교차로 - 교차로안,승용,남,75세,상해없음,보행자,남,37세,경상
2021090100100046,2021년 9월 1일 07시,수요일,충청북도 청주시 흥덕구 강서동,경상사고,0,0,1,0,차대차 - 후진중충돌,안전운전불이행,젖음/습기,비,기타 - 기타,화물,남,53세,상해없음,승합,남,51세,경상
2021090100100071,2021년 9월 1일 08시,수요일,충청북도 충주시 칠금동,경상사고,0,0,1,0,차대차 - 추돌,안전운전불이행,젖음/습기,비,기타 - 기타,승용,남,73세,상해없음,승용,남,37세,경상
2021090100100072,2021년 9월 1일 08시,수요일,충청북도 진천군 덕산읍,경상사고,0,0,1,0,차대차 - 측면충돌,안전거리미확보,건조,맑음,단일로 - 기타,승용,여,49세,기타불명,승용,남,66세,경상
2021090100100123,2021년 9월 1일 10시,수요일,충청북도 제천시 대랑동,중상사고,0,1,2,0,차대차 - 추돌,안전운전불이행,젖음/습기,비,교차로 - 교차로부근,화물,남,22세,경상,화물,남,74세,경상
2021090100100124,2021년 9월 1일 10시,수요일,충청북도 청주시 서원구 분평동,경상사고,0,0,1,0,차대차 - 측면충돌,안전운전불이행,젖음/습기,흐림,단일로 - 기타,승용,여,53세,상해없음,승용,여,34세,경상
2021090100100148,2021년 9월 1일 11시,수요일,충청북도 청주시 상당구 금천동,경상사고,0,0,3,0,차대차 - 측면충돌,안전운전불이행,건조,맑음,교차로 - 교차로안,승용,남,53세,상해없음,승용,남,31세,경상
2021090100100177,2021년 9월 1일 12시,수요일,충청북도 제천시 영천동,중상사고,0,1,0,0,차대사람 - 횡단중,중앙선침범,젖음/습기,비,단일로 - 기타,화물,여,51세,상해없음,보행자,여,76세,중상
2021090100100252,2021년 9월 1일 14시,수요일,충청북도 진천군 진천읍,중상사고,0,1,0,0,차대사람 - 횡단중,안전운전불이행,건조,맑음,단일로 - 기타,승합,남,37세,상해없음,보행자,남,8세,중상
2021090100100385,2021년 9월 1일 18시,수요일,충청북도 보은군 보은읍,중상사고,0,1,0,0,차대사람 - 차도통행중,안전운전불이행,건조,맑음,교차로 - 교차로부근,승용,여,43세,상해없음,보행자,여,59세,중상
2021090100100414,2021년 9월 1일 19시,수요일,충청북도 충주시 문화동,경상사고,0,0,1,0,차대차 - 측면충돌,안전운전불이행,건조,맑음,교차로 - 교차로안,승용,남,47세,상해없음,승용,남,48세,경상
2021090100100415,2021년 9월 1일 19시,수요일,충청북도 보은군 보은읍,경상사고,0,0,2,0,차대차 - 정면충돌,중앙선침범,젖음/습기,흐림,단일로 - 기타,승용,여,45세,경상,승용,남,55세,경상
2021090100100493,2021년 9월 1일 21시,수요일,충청북도 청주시 청원구 오창읍,중상사고,0,1,2,0,차대차 - 측면충돌,직진우회전진행방해,건조,맑음,교차로 - 교차로안,화물,남,71세,경상,이륜,남,41세,중상
2021090100100523,2021년 9월 1일 22시,수요일,충청북도 청주시 서원구 산남동,경상사고,0,0,2,0,차대차 - 측면충돌,신호위반,건조,맑음,교차로 - 교차로안,승용,여,37세,경상,개인형이동수단(PM),남,23세,경상
2021090200100015,2021년 9월 2일 03시,목요일,충청북도 청주시 서원구 남이면,경상사고,0,0,1,0,차대차 - 측면충돌,안전운전불이행,건조,맑음,교차로 - 교차로안,승용,여,33세,상해없음,특수,남,57세,경상
2021090200100071,2021년 9월 2일 08시,목요일,충청북도 충주시 호암동,중상사고,0,1,0,0,차대차 - 추돌,안전운전불이행,건조,맑음,교차로 - 교차로부근,승용,여,39세,상해없음,승용,여,48세,중상
2021090200100072,2021년 9월 2일 08시,목요일,충청북도 진천군 진천읍,경상사고,0,0,1,0,차대차 - 측면충돌,안전운전불이행,건조,맑음,단일로 - 기타,승용,여,35세,기타불명,승용,여,58세,경상
2021090200100073,2021년 9월 2일 08시,목요일,충청북도 청주시 상당구 용암동,경상사고,0,0,1,0,차대차 - 추돌,안전운전불이행,건조,맑음,교차로 - 교차로부근,승용,여,42세,상해없음,승용,남,65세,경상
2021090200100136,2021년 9월 2일 10시,목요일,충청북도 충주시 앙성면,경상사고,0,0,2,0,차대차 - 추돌,안전운전불이행,건조,맑음,단일로 - 기타,화물,남,30세,경상,건설기계,남,50세,경상
2021090200100137,2021년 9월 2일 10시,목요일,충청북도 음성군 대소면,경상사고,0,0,1,0,차대차 - 측면충돌,안전운전불이행,건조,맑음,교차로 - 교차로안,화물,남,56세,상해없음,승용,남,59세,경상
2021090200100216,2021년 9월 2일 13시,목요일,충청북도 제천시 봉양읍,경상사고,0,0,3,0,차대차 - 추돌,안전거리미확보,건조,맑음,기타 - 기타,승용,남,53세,상해없음,승용,남,34세,경상
2021090200100279,2021년 9월 2일 15시,목요일,충청북도 충주시 엄정면,중상사고,0,1,0,0,차대차 - 기타,신호위반,건조,맑음,교차로 - 교차로안,화물,남,46세,기타불명,승용,여,30세,중상
2021090200100280,2021년 9월 2일 15시,목요일,충청북도 진천군 문백면,경상사고,0,0,1,0,차대차 - 추돌,안전거리미확보,건조,맑음,단일로 - 기타,화물,남,55세,상해없음,승용,여,58세,경상
2021090200100281,2021년 9월 2일 15시,목요일,충청북도 청주시 서원구 모충동,경상사고,0,0,1,0,차대사람 - 보도통행중,보행자보호의무위반,건조,맑음,교차로 - 교차로횡단보도내,승용,여,52세,상해없음,보행자,남,8세,경상
2021090200100412,2021년 9월 2일 18시,목요일,충청북도 괴산군 연풍면,경상사고,0,0,1,0,차량단독 - 공작물충돌,안전운전불이행,건조,맑음,단일로 - 기타,특수,남,47세,경상,,,,
2021090200100413,2021년 9월 2일 18시,목요일,충청북도 청주시 서원구 수곡동,중상사고,0,1,0,0,차대차 - 측면충돌,안전운전불이행,건조,맑음,교차로 - 교차로안,승용,여,26세,상해없음,이륜,남,31세,중상
2021090200100414,2021년 9월 2일 18시,목요일,충청북도 청주시 상당구 용암동,경상사고,0,0,1,0,차대차 - 추돌,안전운전불이행,건조,맑음,교차로 - 교차로부근,승용,남,48세,상해없음,승용,여,45세,경상
2021090200100415,2021년 9월 2일 18시,목요일,충청북도 청주시 상당구 방서동,부상신고사고,0,0,0,1,차대차 - 측면충돌,안전운전불이행,건조,맑음,단일로 - 기타,이륜,남,20세,부상신고,승용,남,39세,상해없음
2021090200100457,2021년 9월 2일 19시,목요일,충청북도 청주시 청원구 오창읍,경상사고,0,0,2,0,차대차 - 정면충돌,신호위반,젖음/습기,흐림,교차로 - 교차로안,승용,남,43세,상해없음,이륜,남,26세,경상
2021090200100489,2021년 9월 2일 20시,목요일,충청북도 음성군 금왕읍,경상사고,0,0,1,1,차대차 - 측면충돌,중앙선침범,건조,맑음,단일로 - 기타,승용,여,50세,경상,승용,남,63세,부상신고
2021090200100490,2021년 9월 2일 20시,목요일,충청북도 진천군 진천읍,경상사고,0,0,1,0,차대차 - 정면충돌,중앙선침범,젖음/습기,비,교차로 - 교차로안,승용,여,55세,기타불명,이륜,남,65세,경상
2021090300100014,2021년 9월 3일 01시,금요일,충청북도 증평군 증평읍,경상사고,0,0,1,0,차대차 - 추돌,안전운전불이행,건조,맑음,교차로 - 교차로부근,승용,남,25세,상해없음,승용,남,30세,경상
2021090300100081,2021년 9월 3일 08시,금요일,충청북도 제천시 장락동,중상사고,0,1,0,0,차대사람 - 기타,안전운전불이행,건조,맑음,교차로 - 교차로부근,승용,여,49세,상해없음,보행자,여,42세,중상
2021090300100082,2021년 9월 3일 08시,금요일,충청북도 청주시 흥덕구 복대동,경상사고,0,0,1,0,차대차 - 측면충돌,안전거리미확보,건조,맑음,단일로 - 기타,승용,여,62세,상해없음,승용,여,44세,경상
2021090300100083,2021년 9월 3일 08시,금요일,충청북도 청주시 흥덕구 비하동,경상사고,0,0,1,0,차대차 - 측면충돌,안전거리미확보,건조,맑음,단일로 - 기타,승용,여,42세,상해없음,승용,여,48세,경상
2021090300100138,2021년 9월 3일 10시,금요일,충청북도 제천시 고명동,경상사고,0,0,1,0,차대차 - 측면충돌,직진우회전진행방해,건조,맑음,교차로 - 교차로안,이륜,남,68세,경상,승용,남,71세,상해없음
2021090300100139,2021년 9월 3일 10시,금요일,충청북도 청주시 서원구 분평동,중상사고,0,1,0,0,차대차 - 후진중충돌,안전운전불이행,건조,맑음,교차로 - 교차로횡단보도내,승용,여,44세,상해없음,자전거,남,88세,중상
2021090300100162,2021년 9월 3일 11시,금요일,충청북도 제천시 하소동,중상사고,0,1,0,0,차대차 - 정면충돌,직진우회전진행방해,건조,맑음,교차로 - 교차로안,승용,여,65세,상해없음,승용,남,46세,중상
2021090300100184,2021년 9월 3일 12시,금요일,충청북도 제천시 서부동,경상사고,0,0,1,0,차대차 - 측면충돌,안전거리미확보,건조,맑음,교차로 - 교차로부근,화물,남,76세,상해없음,이륜,남,60세,경상
2021090300100213,2021년 9월 3일 13시,금요일,충청북도 청주시 청원구 사천동,중상사고,0,1,1,0,차대차 - 측면충돌,안전거리미확보,건조,맑음,단일로 - 기타,화물,남,64세,상해없음,승용,여,45세,중상
2021090300100214,2021년 9월 3일 13시,금요일,충청북도 충주시 목행동,경상사고,0,0,1,0,차대차 - 기타,직진우회전진행방해,건조,맑음,교차로 - 교차로안,이륜,남,23세,기타불명,승용,여,46세,경상
2021090300100215,2021년 9월 3일 13시,금요일,충청북도 제천시 명동,경상사고,0,0,3,0,차대차 - 측면충돌,직진우회전진행방해,건조,맑음,교차로 - 교차로안,승용,여,65세,경상,승용,남,48세,경상
2021090300100216,2021년 9월 3일 13시,금요일,충청북도 청주시 흥덕구 가경동,중상사고,0,1,0,0,차대사람 - 횡단중,안전운전불이행,건조,맑음,교차로 - 교차로횡단보도내,화물,여,25세,상해없음,보행자,남,15세,중상
2021090300100247,2021년 9월 3일 14시,금요일,충청북도 청주시 청원구 오창읍,중상사고,0,1,0,0,차대차 - 기타,안전운전불이행,건조,맑음,단일로 - 기타,화물,남,43세,상해없음,승용,여,49세,중상
2021090300100248,2021년 9월 3일 14시,금요일,충청북도 청주시 흥덕구 복대동,경상사고,0,0,1,0,차대사람 - 횡단중,안전운전불이행,건조,맑음,교차로 - 교차로횡단보도내,승용,남,70세,상해없음,보행자,남,19세,경상
2021090300100363,2021년 9월 3일 17시,금요일,충청북도 청주시 청원구 내수읍,경상사고,0,0,4,0,차대차 - 기타,안전운전불이행,건조,맑음,기타 - 기타,승용,남,40세,상해없음,승용,남,23세,경상
2021090300100364,2021년 9월 3일 17시,금요일,충청북도 청주시 청원구 오창읍,중상사고,0,1,1,0,차대차 - 기타,안전운전불이행,건조,맑음,단일로 - 기타,승용,남,33세,중상,승용,남,51세,경상
2021090300100365,2021년 9월 3일 17시,금요일,충청북도 충주시 중앙탑면,중상사고,0,1,2,0,차대차 - 추돌,안전운전불이행,건조,맑음,단일로 - 기타,화물,남,24세,상해없음,승용,여,29세,경상
2021090300100366,2021년 9월 3일 17시,금요일,충청북도 충주시 연수동,경상사고,0,0,1,0,차대사람 - 기타,보행자보호의무위반,건조,맑음,교차로 - 교차로안,승용,남,23세,상해없음,보행자,남,19세,경상
2021090300100367,2021년 9월 3일 17시,금요일,충청북도 청주시 흥덕구 봉명동,경상사고,0,0,1,1,차대차 - 측면충돌,교차로운행방법위반,건조,맑음,교차로 - 교차로안,화물,여,63세,부상신고,이륜,남,36세,경상
2021090300100368,2021년 9월 3일 17시,금요일,충청북도 청주시 흥덕구 강서동,경상사고,0,0,1,0,차대사람 - 기타,안전운전불이행,건조,맑음,단일로 - 기타,승용,여,53세,상해없음,보행자,남,22세,경상
2021090300100421,2021년 9월 3일 18시,금요일,충청북도 청주시 청원구 외남동,중상사고,0,1,0,0,차대차 - 기타,교차로운행방법위반,건조,맑음,교차로 - 교차로안,승용,남,56세,상해없음,이륜,남,81세,중상
2021090300100422,2021년 9월 3일 18시,금요일,충청북도 청주시 서원구 개신동,경상사고,0,0,1,0,차대차 - 측면충돌,안전운전불이행,건조,맑음,단일로 - 기타,승용,남,55세,상해없음,승합,남,66세,상해없음
2021090300100423,2021년 9월 3일 18시,금요일,충청북도 청주시 흥덕구 오송읍,경상사고,0,0,2,0,차대차 - 측면충돌,신호위반,건조,맑음,교차로 - 교차로안,승용,여,45세,상해없음,승용,여,34세,경상
2021090300100424,2021년 9월 3일 18시,금요일,충청북도 청주시 서원구 현도면,사망사고,1,0,1,0,차대차 - 측면충돌,신호위반,건조,맑음,교차로 - 교차로안,기타불명,여,60세,사망,승용,남,45세,경상
2021090300100473,2021년 9월 3일 19시,금요일,충청북도 청주시 흥덕구 비하동,경상사고,0,0,2,0,차대차 - 추돌,안전운전불이행,건조,맑음,단일로 - 기타,화물,남,62세,상해없음,승용,남,25세,경상
2021090300100606,2021년 9월 3일 23시,금요일,충청북도 청주시 서원구 남이면,경상사고,0,0,1,0,차대차 - 추돌,안전운전불이행,건조,맑음,교차로 - 교차로부근,화물,남,57세,상해없음,승용,남,37세,경상
2021090400100016,2021년 9월 4일 01시,토요일,충청북도 충주시 칠금동,경상사고,0,0,1,0,차대차 - 추돌,안전운전불이행,건조,맑음,교차로 - 교차로부근,승용,여,28세,상해없음,승용,남,27세,경상
2021090400100017,2021년 9월 4일 01시,토요일,충청북도 진천군 초평면,경상사고,0,0,1,0,차대차 - 추돌,안전거리미확보,건조,맑음,교차로 - 교차로안,승용,남,57세,기타불명,승용,여,48세,경상
2021090400100042,2021년 9월 4일 06시,토요일,충청북도 증평군 도안면,중상사고,0,1,0,0,차대차 - 기타,불법유턴,건조,맑음,단일로 - 기타,승용,남,19세,상해없음,이륜,남,22세,중상
2021090400100051,2021년 9월 4일 07시,토요일,충청북도 영동군 상촌면,경상사고,0,0,1,0,차대사람 - 기타,안전운전불이행,건조,맑음,기타 - 기타,화물,남,60세,상해없음,보행자,남,65세,경상
2021090400100081,2021년 9월 4일 09시,토요일,충청북도 충주시 중앙탑면,경상사고,0,0,1,0,차대차 - 추돌,기타,건조,맑음,단일로 - 기타,승용,여,28세,상해없음,승용,남,68세,경상
2021090400100115,2021년 9월 4일 10시,토요일,충청북도 청주시 흥덕구 가경동,경상사고,0,0,2,0,차대차 - 측면충돌,교차로운행방법위반,건조,맑음,교차로 - 교차로안,승용,여,23세,상해없음,승용,여,49세,경상
2021090400100151,2021년 9월 4일 11시,토요일,충청북도 충주시 칠금동,사망사고,1,0,0,0,차대차 - 측면충돌,신호위반,건조,맑음,교차로 - 교차로안,이륜,남,54세,사망,승용,남,66세,상해없음
2021090400100189,2021년 9월 4일 12시,토요일,충청북도 청주시 상당구 영운동,경상사고,0,0,1,0,차대차 - 측면충돌,안전운전불이행,건조,맑음,교차로 - 교차로부근,승용,남,62세,상해없음,승용,여,56세,경상
2021090400100230,2021년 9월 4일 13시,토요일,충청북도 증평군 증평읍,경상사고,0,0,1,0,차대사람 - 길가장자리구역통행중,안전운전불이행,건조,맑음,단일로 - 기타,승용,남,30세,상해없음,보행자,남,70세,경상
2021090400100231,2021년 9월 4일 13시,토요일,충청북도 청주시 서원구 산남동,경상사고,0,0,5,0,차대차 - 측면충돌,안전운전불이행,건조,맑음,주차장 - 주차장,승용,남,35세,경상,승용,여,29세,경상
2021090400100256,2021년 9월 4일 14시,토요일,충청북도 충주시 연수동,경상사고,0,0,1,0,차대차 - 정면충돌,안전운전불이행,건조,맑음,교차로 - 교차로부근,승용,남,66세,상해없음,승용,남,40세,경상
2021090400100257,2021년 9월 4일 14시,토요일,충청북도 제천시 강제동,중상사고,0,1,1,0,차대차 - 기타,안전거리미확보,건조,맑음,교차로 - 교차로부근,이륜,남,59세,중상,이륜,남,61세,경상
2021090400100258,2021년 9월 4일 14시,토요일,충청북도 청주시 상당구 북문로1가,중상사고,0,2,2,0,차대차 - 측면충돌,안전운전불이행,건조,맑음,교차로 - 교차로부근,승용,남,66세,상해없음,승용,남,44세,중상
2021090400100292,2021년 9월 4일 15시,토요일,충청북도 보은군 보은읍,경상사고,0,0,2,0,차대차 - 추돌,안전운전불이행,건조,맑음,기타 - 기타,특수,남,29세,상해없음,승용,여,62세,경상
2021090400100319,2021년 9월 4일 16시,토요일,충청북도 충주시 주덕읍,경상사고,0,0,1,0,차대차 - 정면충돌,기타,건조,맑음,교차로 - 교차로안,승용,남,63세,상해없음,화물,남,66세,경상
2021090400100320,2021년 9월 4일 16시,토요일,충청북도 영동군 매곡면,중상사고,0,1,0,0,차대차 - 측면충돌,안전운전불이행,건조,맑음,단일로 - 기타,승용,남,36세,상해없음,이륜,여,67세,중상
2021090400100382,2021년 9월 4일 18시,토요일,충청북도 청주시 상당구 미원면,부상신고사고,0,0,0,1,차량단독 - 도로외이탈 - 기타,안전운전불이행,건조,맑음,단일로 - 기타,승용,남,42세,부상신고,,,,
2021090400100383,2021년 9월 4일 18시,토요일,충청북도 충주시 노은면,경상사고,0,0,2,0,차대차 - 기타,안전거리미확보,건조,맑음,단일로 - 지하차도(도로)내,승용,남,33세,상해없음,승용,여,52세,경상
2021090400100445,2021년 9월 4일 20시,토요일,충청북도 청주시 흥덕구 복대동,경상사고,0,0,2,0,차대차 - 추돌,안전운전불이행,건조,맑음,단일로 - 기타,이륜,남,19세,상해없음,승용,남,60세,경상
2021090400100494,2021년 9월 4일 22시,토요일,충청북도 청주시 서원구 사창동,중상사고,0,1,0,0,차대차 - 기타,안전운전불이행,건조,맑음,교차로 - 교차로부근,승용,여,32세,상해없음,이륜,여,69세,중상
2021090500100021,2021년 9월 5일 05시,일요일,충청북도 청주시 서원구 수곡동,경상사고,0,0,1,0,차대사람 - 길가장자리구역통행중,안전운전불이행,건조,맑음,단일로 - 지하차도(도로)내,승용,남,73세,상해없음,보행자,남,50세,경상
2021090500100034,2021년 9월 5일 08시,일요일,충청북도 단양군 단양읍,경상사고,0,0,5,0,차대차 - 측면충돌,안전운전불이행,건조,맑음,단일로 - 기타,승용,여,57세,경상,승용,남,59세,경상
2021090500100057,2021년 9월 5일 10시,일요일,충청북도 청주시 청원구 오창읍,경상사고,0,0,4,0,차대차 - 기타,신호위반,건조,맑음,교차로 - 교차로안,승용,여,56세,경상,승용,남,33세,경상
2021090500100078,2021년 9월 5일 11시,일요일,충청북도 괴산군 사리면,경상사고,0,0,2,2,차대차 - 추돌,기타,건조,맑음,단일로 - 교량,승용,남,34세,상해없음,승용,남,39세,경상
2021090500100079,2021년 9월 5일 11시,일요일,충청북도 청주시 흥덕구 옥산면,경상사고,0,0,1,0,차대사람 - 기타,보행자보호의무위반,건조,맑음,교차로 - 교차로횡단보도내,승용,남,52세,상해없음,보행자,여,61세,경상
2021090500100107,2021년 9월 5일 12시,일요일,충청북도 제천시 청전동,중상사고,0,2,0,0,차대차 - 측면충돌,직진우회전진행방해,건조,맑음,교차로 - 교차로안,화물,남,74세,상해없음,승용,남,80세,중상
2021090500100108,2021년 9월 5일 12시,일요일,충청북도 청주시 서원구 산남동,경상사고,0,0,2,0,차대차 - 측면충돌,안전운전불이행,건조,맑음,단일로 - 기타,화물,남,83세,상해없음,승용,여,52세,경상
2021090500100132,2021년 9월 5일 13시,일요일,충청북도 청주시 청원구 내덕동,경상사고,0,0,2,0,차대차 - 측면충돌,중앙선침범,건조,맑음,단일로 - 기타,승용,여,63세,상해없음,승용,남,61세,경상
2021090500100133,2021년 9월 5일 13시,일요일,충청북도 청주시 서원구 사창동,경상사고,0,0,1,0,차대차 - 추돌,안전거리미확보,건조,맑음,교차로 - 교차로부근,이륜,남,28세,경상,이륜,남,25세,상해없음
2021090500100165,2021년 9월 5일 14시,일요일,충청북도 제천시 명지동,중상사고,0,1,1,1,차대차 - 추돌,안전거리미확보,건조,맑음,교차로 - 교차로부근,이륜,남,64세,부상신고,승용,남,32세,경상
2021090500100197,2021년 9월 5일 15시,일요일,충청북도 진천군 진천읍,경상사고,0,0,1,0,차대차 - 측면충돌,안전거리미확보,건조,맑음,미분류 - 미분류,건설기계,남,50세,상해없음,승용,여,33세,경상
2021090500100237,2021년 9월 5일 16시,일요일,충청북도 음성군 감곡면,경상사고,0,0,1,0,차대차 - 측면충돌,안전운전불이행,건조,맑음,단일로 - 기타,승용,여,31세,상해없음,이륜,남,54세,경상
2021090500100238,2021년 9월 5일 16시,일요일,충청북도 청주시 서원구 성화동,중상사고,0,1,0,0,차대차 - 측면충돌,안전운전불이행,젖음/습기,비,교차로 - 교차로안,승용,남,44세,상해없음,이륜,남,29세,중상
2021090500100239,2021년 9월 5일 16시,일요일,충청북도 청주시 상당구 금천동,경상사고,0,0,1,0,차대차 - 기타,안전운전불이행,젖음/습기,비,교차로 - 교차로안,승용,남,55세,상해없음,이륜,남,25세,경상
2021090500100313,2021년 9월 5일 19시,일요일,충청북도 충주시 호암동,경상사고,0,0,1,0,차대차 - 측면충돌,안전운전불이행,건조,맑음,단일로 - 교량,승용,여,54세,상해없음,승용,여,51세,경상
2021090500100361,2021년 9월 5일 20시,일요일,충청북도 충주시 연수동,경상사고,0,0,1,0,차대차 - 정면충돌,안전운전불이행,건조,맑음,교차로 - 교차로안,승용,여,48세,상해없음,이륜,남,27세,경상
2021090500100389,2021년 9월 5일 21시,일요일,충청북도 음성군 금왕읍,부상신고사고,0,0,0,1,차량단독 - 전도전복 - 전도,안전운전불이행,건조,맑음,교차로 - 교차로안,사륜오토바이(ATV),남,53세,부상신고,,,,
2021090600100005,2021년 9월 6일 00시,월요일,충청북도 진천군 덕산읍,경상사고,0,0,2,0,차대차 - 측면충돌,신호위반,건조,흐림,교차로 - 교차로안,승용,남,30세,상해없음,화물,여,19세,경상
2021090600100029,2021년 9월 6일 05시,월요일,충청북도 충주시 호암동,경상사고,0,0,1,0,차대차 - 측면충돌,신호위반,건조,맑음,교차로 - 교차로안,승용,여,46세,상해없음,승용,남,24세,경상
2021090600100030,2021년 9월 6일 05시,월요일,충청북도 청주시 흥덕구 원평동,중상사고,0,1,0,0,차대사람 - 횡단중,안전운전불이행,건조,맑음,단일로 - 기타,승용,남,56세,상해없음,보행자,여,64세,중상
2021090600100037,2021년 9월 6일 06시,월요일,충청북도 단양군 매포읍,중상사고,0,1,1,0,차대차 - 측면충돌,기타,건조,맑음,교차로 - 교차로안,화물,남,66세,경상,화물,남,75세,중상
2021090600100054,2021년 9월 6일 07시,월요일,충청북도 청주시 흥덕구 복대동,중상사고,0,1,0,0,차대사람 - 기타,안전운전불이행,건조,맑음,기타 - 기타,승용,여,40세,상해없음,보행자,여,60세,중상