사고번호,사고일시,요일,시군구,사고내용,사망자수,중상자수,경상자수,부상신고자수,사고유형,법규위반,노면상태,기상상태,도로형태,가해운전자 차종,가해운전자 성별,가해운전자 연령,가해운전자 상해정도,피해운전자 차종,피해운전자 성별,피해운전자 연령,피해운전자 상해정도
2021090600100098,2021년 9월 6일 08시,월요일,충청북도 제천시 신백동,중상사고,0,1,0,0,차대차 - 측면충돌,안전운전불이행,건조,맑음,교차로 - 교차로부근,승용,남,62세,상해없음,자전거,남,70세,중상
2021090600100136,2021년 9월 6일 09시,월요일,충청북도 청주시 상당구 용정동,중상사고,0,1,0,0,차대차 - 측면충돌,안전운전불이행,건조,맑음,단일로 - 기타,자전거,여,56세,중상,승용,여,29세,상해없음
2021090600100137,2021년 9월 6일 09시,월요일,충청북도 청주시 서원구 모충동,경상사고,0,0,2,0,차대차 - 추돌,안전운전불이행,건조,맑음,교차로 - 교차로부근,승용,남,72세,기타불명,승용,여,57세,경상
2021090600100212,2021년 9월 6일 11시,월요일,충청북도 청주시 청원구 오창읍,경상사고,0,0,1,0,차대차 - 추돌,안전운전불이행,건조,맑음,기타 - 기타,승용,여,55세,상해없음,승용,남,44세,경상
2021090600100213,2021년 9월 6일 11시,월요일,충청북도 충주시 연수동,경상사고,0,0,2,0,차대차 - 추돌,안전거리미확보,건조,맑음,단일로 - 기타,승합,남,53세,상해없음,승용,여,58세,경상
2021090600100214,2021년 9월 6일 11시,월요일,충청북도 제천시 중앙로1가,경상사고,0,0,1,0,차대차 - 측면충돌,신호위반,건조,흐림,교차로 - 교차로안,화물,남,55세,상해없음,화물,남,65세,경상
2021090600100247,2021년 9월 6일 12시,월요일,충청북도 청주시 서원구 사창동,경상사고,0,0,1,0,차대차 - 기타,직진우회전진행방해,건조,맑음,교차로 - 교차로안,이륜,남,25세,경상,승용,남,66세,상해없음
2021090600100248,2021년 9월 6일 12시,월요일,충청북도 충주시 충인동,경상사고,0,0,5,0,차대차 - 정면충돌,안전거리미확보,건조,맑음,교차로 - 교차로안,승용,여,62세,경상,승용,여,19세,경상
2021090600100249,2021년 9월 6일 12시,월요일,충청북도 증평군 증평읍,경상사고,0,0,1,0,차대차 - 측면충돌,중앙선침범,건조,흐림,교차로 - 교차로부근,승용,남,47세,상해없음,승용,남,55세,경상
2021090600100280,2021년 9월 6일 13시,월요일,충청북도 충주시 목행동,경상사고,0,0,1,1,차대차 - 정면충돌,안전운전불이행,건조,맑음,기타 - 기타,승용,남,68세,부상신고,승용,남,38세,경상
2021090600100281,2021년 9월 6일 13시,월요일,충청북도 음성군 음성읍,경상사고,0,0,2,0,차대차 - 추돌,안전운전불이행,건조,맑음,교차로 - 교차로부근,승용,남,26세,경상,특수,남,51세,경상
2021090600100316,2021년 9월 6일 14시,월요일,충청북도 충주시 교현동,경상사고,0,0,1,0,차대차 - 측면충돌,안전운전불이행,건조,맑음,단일로 - 기타,승용,여,67세,상해없음,승용,여,34세,경상
2021090600100317,2021년 9월 6일 14시,월요일,충청북도 옥천군 옥천읍,중상사고,0,1,0,0,차대사람 - 기타,안전운전불이행,젖음/습기,흐림,기타 - 기타,승용,여,58세,상해없음,보행자,여,60세,중상
2021090600100337,2021년 9월 6일 15시,월요일,충청북도 제천시 봉양읍,중상사고,0,1,1,0,차대차 - 측면충돌,안전거리미확보,건조,맑음,기타 - 기타,이륜,남,79세,경상,승용,남,56세,상해없음
2021090600100338,2021년 9월 6일 15시,월요일,충청북도 음성군 삼성면,경상사고,0,0,2,0,차대차 - 측면충돌,직진우회전진행방해,젖음/습기,비,교차로 - 교차로안,승용,남,31세,경상,화물,남,49세,상해없음
2021090600100339,2021년 9월 6일 15시,월요일,충청북도 옥천군 청성면,중상사고,0,1,0,0,차대차 - 측면충돌,중앙선침범,젖음/습기,비,단일로 - 기타,화물,남,82세,상해없음,화물,남,27세,상해없음
2021090600100460,2021년 9월 6일 18시,월요일,충청북도 충주시 달천동,경상사고,0,0,1,0,차대차 - 추돌,안전운전불이행,건조,맑음,단일로 - 기타,승용,남,51세,상해없음,승용,여,42세,경상
2021090600100461,2021년 9월 6일 18시,월요일,충청북도 청주시 흥덕구 복대동,경상사고,0,0,1,0,차대차 - 측면충돌,안전운전불이행,건조,맑음,주차장 - 주차장,승용,여,31세,경상,승용,남,20세,상해없음
2021090600100526,2021년 9월 6일 19시,월요일,충청북도 청주시 청원구 주중동,중상사고,0,1,0,0,차대차 - 기타,신호위반,젖음/습기,비,교차로 - 교차로안,승용,남,40세,기타불명,승용,남,48세,중상
2021090600100527,2021년 9월 6일 19시,월요일,충청북도 청주시 흥덕구 운천동,부상신고사고,0,0,0,1,차대차 - 측면충돌,안전거리미확보,젖음/습기,비,단일로 - 기타,승용,여,59세,부상신고,화물,남,45세,상해없음
2021090600100577,2021년 9월 6일 20시,월요일,충청북도 청주시 서원구 사창동,경상사고,0,0,1,0,차대차 - 추돌,안전운전불이행,건조,맑음,교차로 - 교차로부근,승용,남,50세,상해없음,승용,여,26세,경상
2021090600100613,2021년 9월 6일 21시,월요일,충청북도 청주시 청원구 주중동,경상사고,0,0,1,0,차대차 - 기타,중앙선침범,젖음/습기,비,기타 - 기타,승용,남,42세,상해없음,승용,남,45세,경상
2021090600100614,2021년 9월 6일 21시,월요일,충청북도 청주시 청원구 오창읍,경상사고,0,0,1,0,차대사람 - 횡단중,안전운전불이행,젖음/습기,비,교차로 - 교차로횡단보도내,승용,남,56세,상해없음,보행자,남,40세,경상
2021090600100615,2021년 9월 6일 21시,월요일,충청북도 청주시 서원구 사직동,경상사고,0,0,1,0,차대차 - 기타,안전운전불이행,젖음/습기,비,기타 - 기타,승용,여,57세,상해없음,승용,남,24세,경상
2021090600100649,2021년 9월 6일 22시,월요일,충청북도 충주시 금릉동,중상사고,0,1,1,0,차대차 - 정면충돌,신호위반,젖음/습기,비,교차로 - 교차로안,개인형이동수단(PM),남,29세,중상,승용,여,56세,경상
2021090600100650,2021년 9월 6일 22시,월요일,충청북도 청주시 서원구 수곡동,경상사고,0,0,1,0,차대차 - 추돌,안전운전불이행,건조,맑음,단일로 - 기타,승용,남,31세,상해없음,이륜,남,16세,경상
2021090700100044,2021년 9월 7일 06시,화요일,충청북도 청주시 서원구 미평동,중상사고,0,1,1,0,차대차 - 정면충돌,신호위반,젖음/습기,비,교차로 - 교차로안,화물,남,56세,경상,승용,여,60세,중상
2021090700100058,2021년 9월 7일 07시,화요일,충청북도 청주시 서원구 사창동,중상사고,0,1,1,0,차대차 - 기타,교차로운행방법위반,건조,맑음,교차로 - 교차로부근,승용,남,62세,중상,승합,남,55세,경상
2021090700100084,2021년 9월 7일 08시,화요일,충청북도 청주시 흥덕구 복대동,경상사고,0,0,1,0,차대사람 - 횡단중,보행자보호의무위반,젖음/습기,맑음,교차로 - 교차로횡단보도내,승용,남,23세,상해없음,보행자,남,8세,경상
2021090700100127,2021년 9월 7일 09시,화요일,충청북도 제천시 명지동,경상사고,0,0,2,0,차대차 - 측면충돌,교차로운행방법위반,젖음/습기,비,교차로 - 교차로안,승용,여,52세,상해없음,승용,남,62세,경상
2021090700100166,2021년 9월 7일 10시,화요일,충청북도 충주시 충인동,중상사고,0,1,0,0,차대차 - 측면충돌,안전거리미확보,건조,맑음,교차로 - 교차로안,승용,남,73세,상해없음,이륜,남,84세,중상
2021090700100197,2021년 9월 7일 11시,화요일,충청북도 청주시 청원구 율량동,경상사고,0,0,1,0,차대차 - 기타,안전운전불이행,젖음/습기,비,단일로 - 기타,승용,남,56세,기타불명,승용,여,65세,경상
2021090700100287,2021년 9월 7일 14시,화요일,충청북도 청주시 청원구 내덕동,경상사고,0,0,1,0,차대차 - 기타,안전거리미확보,건조,맑음,단일로 - 기타,화물,남,24세,상해없음,이륜,남,49세,경상
2021090700100320,2021년 9월 7일 15시,화요일,충청북도 청주시 청원구 사천동,경상사고,0,0,1,0,차대차 - 기타,교차로운행방법위반,젖음/습기,비,교차로 - 교차로안,승합,남,61세,상해없음,승용,남,54세,경상
2021090700100321,2021년 9월 7일 15시,화요일,충청북도 진천군 진천읍,경상사고,0,0,1,0,차대차 - 측면충돌,안전거리미확보,건조,맑음,교차로 - 교차로안,승용,남,54세,상해없음,승용,남,36세,경상
2021090700100322,2021년 9월 7일 15시,화요일,충청북도 청주시 상당구 방서동,경상사고,0,0,1,0,차대차 - 기타,안전운전불이행,건조,맑음,단일로 - 기타,승용,여,55세,상해없음,승용,여,32세,경상
2021090700100354,2021년 9월 7일 16시,화요일,충청북도 청주시 흥덕구 복대동,경상사고,0,0,1,0,차대차 - 추돌,안전운전불이행,젖음/습기,비,교차로 - 교차로부근,승용,남,54세,상해없음,승용,여,54세,경상
2021090700100418,2021년 9월 7일 18시,화요일,충청북도 청주시 청원구 내수읍,중상사고,0,1,0,0,차대차 - 기타,신호위반,건조,맑음,교차로 - 교차로안,승합,남,73세,상해없음,승용,여,51세,중상
2021090700100419,2021년 9월 7일 18시,화요일,충청북도 제천시 영천동,경상사고,0,0,1,0,차대차 - 추돌,안전거리미확보,젖음/습기,비,교차로 - 교차로부근,승용,남,23세,상해없음,승용,여,32세,경상
2021090700100420,2021년 9월 7일 18시,화요일,충청북도 증평군 증평읍,경상사고,0,0,1,0,차대차 - 측면충돌,직진우회전진행방해,젖음/습기,비,교차로 - 교차로안,화물,남,29세,경상,화물,남,38세,상해없음
2021090700100421,2021년 9월 7일 18시,화요일,충청북도 청주시 서원구 분평동,중상사고,0,1,0,0,차대차 - 기타,안전운전불이행,젖음/습기,비,교차로 - 교차로안,승용,여,27세,상해없음,이륜,남,26세,중상
2021090700100459,2021년 9월 7일 19시,화요일,충청북도 청주시 서원구 산남동,중상사고,0,2,1,0,차대차 - 측면충돌,신호위반,건조,맑음,교차로 - 교차로안,승용,남,47세,상해없음,화물,남,59세,상해없음
2021090700100460,2021년 9월 7일 19시,화요일,충청북도 청주시 서원구 장암동,경상사고,0,0,1,0,차대차 - 추돌,안전운전불이행,젖음/습기,비,단일로 - 지하차도(도로)내,승용,남,43세,기타불명,승합,남,61세,경상
2021090700100503,2021년 9월 7일 20시,화요일,충청북도 충주시 단월동,중상사고,0,1,0,0,차대차 - 정면충돌,신호위반,젖음/습기,비,교차로 - 교차로안,승용,남,31세,상해없음,자전거,남,24세,중상
2021090700100592,2021년 9월 7일 23시,화요일,충청북도 청주시 흥덕구 복대동,경상사고,0,0,1,0,차대사람 - 기타,신호위반,건조,맑음,교차로 - 교차로부근,이륜,남,36세,경상,보행자,남,26세,상해없음
2021090800100030,2021년 9월 8일 05시,수요일,충청북도 음성군 맹동면,중상사고,0,1,2,0,차대차 - 추돌,안전운전불이행,젖음/습기,맑음,교차로 - 교차로부근,승용,남,20세,경상,건설기계,남,28세,경상
2021090800100031,2021년 9월 8일 05시,수요일,충청북도 청주시 서원구 산남동,중상사고,0,1,0,0,차대차 - 측면충돌,신호위반,젖음/습기,비,교차로 - 교차로안,승용,여,51세,상해없음,승용,여,59세,중상
2021090800100057,2021년 9월 8일 07시,수요일,충청북도 충주시 대소원면,경상사고,0,0,1,0,차대차 - 정면충돌,중앙선침범,건조,맑음,단일로 - 기타,승용,남,61세,기타불명,승용,여,41세,경상
2021090800100058,2021년 9월 8일 07시,수요일,충청북도 청주시 서원구 모충동,경상사고,0,0,1,0,차대차 - 측면충돌,직진우회전진행방해,건조,맑음,교차로 - 교차로안,승용,여,47세,기타불명,승용,남,41세,경상
2021090800100096,2021년 9월 8일 08시,수요일,충청북도 충주시 연수동,경상사고,0,0,1,0,차대차 - 정면충돌,신호위반,젖음/습기,비,교차로 - 교차로안,승용,여,58세,상해없음,승용,남,22세,경상
2021090800100097,2021년 9월 8일 08시,수요일,충청북도 충주시 금릉동,경상사고,0,0,1,1,차대차 - 측면충돌,안전거리미확보,건조,흐림,단일로 - 기타,승용,남,71세,부상신고,승용,남,37세,경상
2021090800100138,2021년 9월 8일 09시,수요일,충청북도 괴산군 문광면,중상사고,0,1,0,0,차량단독 - 기타,안전운전불이행,젖음/습기,흐림,교차로 - 교차로안,건설기계,남,52세,중상,,,,
2021090800100139,2021년 9월 8일 09시,수요일,충청북도 보은군 보은읍,경상사고,0,0,1,0,차대사람 - 횡단중,안전운전불이행,건조,맑음,교차로 - 교차로부근,승용,남,27세,상해없음,보행자,남,57세,경상
2021090800100318,2021년 9월 8일 14시,수요일,충청북도 충주시 수안보면,경상사고,0,0,5,1,차대차 - 측면충돌,안전운전불이행,건조,맑음,단일로 - 기타,화물,남,63세,부상신고,승용,남,64세,경상
2021090800100319,2021년 9월 8일 14시,수요일,충청북도 충주시 주덕읍,경상사고,0,0,2,0,차대차 - 정면충돌,중앙선침범,건조,맑음,단일로 - 기타,특수,남,39세,경상,승용,남,47세,경상
2021090800100320,2021년 9월 8일 14시,수요일,충청북도 제천시 남천동,중상사고,0,1,0,0,차대차 - 측면충돌,신호위반,건조,맑음,교차로 - 교차로횡단보도내,승용,여,73세,상해없음,이륜,남,49세,중상
2021090800100461,2021년 9월 8일 17시,수요일,충청북도 진천군 진천읍,경상사고,0,0,1,0,차대차 - 측면충돌,신호위반,건조,맑음,교차로 - 교차로안,승용,남,63세,상해없음,승용,여,39세,경상
2021090800100462,2021년 9월 8일 17시,수요일,충청북도 청주시 서원구 미평동,경상사고,0,0,1,0,차대차 - 기타,기타,건조,맑음,교차로 - 교차로안,승용,남,34세,경상,승용,여,56세,상해없음
2021090800100548,2021년 9월 8일 19시,수요일,충청북도 청주시 청원구 우암동,경상사고,0,0,1,0,차대차 - 측면충돌,안전운전불이행,건조,맑음,교차로 - 교차로안,화물,남,53세,상해없음,승용,여,31세,경상
2021090800100549,2021년 9월 8일 19시,수요일,충청북도 진천군 진천읍,중상사고,0,1,1,0,차대차 - 추돌,안전운전불이행,건조,맑음,단일로 - 기타,승용,남,60세,경상,농기계,남,47세,중상
2021090800100550,2021년 9월 8일 19시,수요일,충청북도 청주시 상당구 용암동,중상사고,0,1,0,0,차대사람 - 보도통행중,보행자보호의무위반,건조,맑음,단일로 - 기타,승용,남,59세,상해없음,보행자,여,58세,중상
2021090800100588,2021년 9월 8일 20시,수요일,충청북도 청주시 흥덕구 가경동,중상사고,0,1,0,0,차대차 - 측면충돌,중앙선침범,건조,맑음,단일로 - 기타,승용,남,56세,상해없음,이륜,남,29세,중상
2021090800100589,2021년 9월 8일 20시,수요일,충청북도 청주시 서원구 분평동,경상사고,0,0,1,0,차대사람 - 횡단중,안전운전불이행,건조,맑음,단일로 - 지하차도(도로)내,자전거,남,64세,상해없음,보행자,여,10세,경상
2021090800100640,2021년 9월 8일 22시,수요일,충청북도 청주시 상당구 용암동,중상사고,0,1,0,0,차대차 - 추돌,안전운전불이행,건조,맑음,단일로 - 기타,화물,남,32세,상해없음,승용,남,54세,중상
2021090900100005,2021년 9월 9일 00시,목요일,충청북도 진천군 진천읍,중상사고,0,1,0,0,차대차 - 측면충돌,차로위반,건조,맑음,교차로 - 교차로부근,승용,남,44세,상해없음,승합,남,56세,중상
2021090900100027,2021년 9월 9일 05시,목요일,충청북도 청주시 흥덕구 봉명동,경상사고,0,0,3,0,차대차 - 측면충돌,안전운전불이행,건조,맑음,교차로 - 교차로안,승용,남,30세,경상,화물,남,69세,경상
2021090900100089,2021년 9월 9일 08시,목요일,충청북도 충주시 대소원면,경상사고,0,0,1,1,차대차 - 후진중충돌,안전운전불이행,건조,맑음,단일로 - 기타,승용,남,25세,부상신고,승용,남,20세,경상
2021090900100090,2021년 9월 9일 08시,목요일,충청북도 제천시 장락동,중상사고,0,1,0,0,차대차 - 정면충돌,중앙선침범,건조,맑음,기타 - 기타,승용,여,29세,상해없음,승용,남,35세,중상
2021090900100091,2021년 9월 9일 08시,목요일,충청북도 단양군 매포읍,중상사고,0,1,0,0,차량단독 - 도로외이탈 - 추락,안전운전불이행,건조,맑음,교차로 - 교차로부근,승용,여,34세,중상,,,,
2021090900100092,2021년 9월 9일 08시,목요일,충청북도 청주시 흥덕구 봉명동,경상사고,0,0,4,0,차대차 - 측면충돌,안전운전불이행,건조,맑음,기타 - 기타,승용,여,36세,경상,승용,여,42세,경상
2021090900100191,2021년 9월 9일 11시,목요일,충청북도 청주시 흥덕구 석곡동,경상사고,0,0,1,0,차대차 - 측면충돌,안전운전불이행,건조,맑음,단일로 - 기타,건설기계,남,61세,상해없음,승용,여,51세,경상
2021090900100192,2021년 9월 9일 11시,목요일,충청북도 청주시 상당구 서문동,중상사고,0,1,0,0,차대차 - 측면충돌,신호위반,건조,맑음,교차로 - 교차로안,개인형이동수단(PM),남,18세,중상,승용,남,58세,상해없음
2021090900100225,2021년 9월 9일 12시,목요일,충청북도 제천시 하소동,사망사고,1,0,1,0,차대차 - 측면충돌,안전운전불이행,건조,맑음,기타 - 기타,이륜,남,61세,사망,승용,여,30세,경상
2021090900100226,2021년 9월 9일 12시,목요일,충청북도 청주시 흥덕구 복대동,경상사고,0,0,3,0,차대차 - 측면충돌,안전거리미확보,건조,맑음,교차로 - 교차로부근,승용,여,34세,경상,승용,남,28세,경상
2021090900100261,2021년 9월 9일 13시,목요일,충청북도 충주시 신니면,중상사고,0,1,0,0,차대차 - 측면충돌,신호위반,건조,맑음,교차로 - 교차로안,화물,남,76세,상해없음,승용,남,47세,중상
2021090900100262,2021년 9월 9일 13시,목요일,충청북도 음성군 금왕읍,경상사고,0,0,1,0,차대차 - 추돌,안전운전불이행,건조,맑음,교차로 - 교차로부근,이륜,남,56세,경상,건설기계,남,51세,상해없음
2021090900100339,2021년 9월 9일 15시,목요일,충청북도 청주시 청원구 율량동,경상사고,0,0,1,0,차대차 - 측면충돌,안전거리미확보,건조,맑음,단일로 - 기타,승용,남,33세,상해없음,승합,남,44세,경상
2021090900100374,2021년 9월 9일 16시,목요일,충청북도 청주시 상당구 북문로2가,중상사고,0,1,0,0,차대차 - 정면충돌,신호위반,건조,맑음,교차로 - 교차로안,이륜,남,17세,중상,승용,남,60세,상해없음
2021090900100375,2021년 9월 9일 16시,목요일,충청북도 청주시 흥덕구 복대동,경상사고,0,0,1,0,차대사람 - 기타,안전운전불이행,건조,맑음,단일로 - 기타,기타불명,기타불명,미분류,기타불명,보행자,남,19세,경상
2021090900100376,2021년 9월 9일 16시,목요일,충청북도 청주시 서원구 사직동,경상사고,0,0,3,0,차대차 - 추돌,안전운전불이행,건조,맑음,단일로 - 기타,이륜,남,22세,경상,승용,여,66세,경상
2021090900100410,2021년 9월 9일 17시,목요일,충청북도 충주시 중앙탑면,중상사고,0,1,4,0,차대차 - 정면충돌,안전운전불이행,건조,맑음,단일로 - 기타,화물,남,29세,상해없음,승용,남,34세,경상
2021090900100489,2021년 9월 9일 19시,목요일,충청북도 충주시 충인동,중상사고,0,1,2,0,차대차 - 측면충돌,안전거리미확보,건조,맑음,교차로 - 교차로안,화물,남,49세,상해없음,승용,남,23세,경상
2021090900100490,2021년 9월 9일 19시,목요일,충청북도 괴산군 청천면,중상사고,0,1,0,0,차대사람 - 길가장자리구역통행중,안전운전불이행,건조,맑음,교차로 - 교차로부근,화물,남,62세,상해없음,보행자,여,76세,중상
2021090900100491,2021년 9월 9일 19시,목요일,충청북도 단양군 단성면,경상사고,0,0,1,0,차대차 - 추돌,안전운전불이행,건조,맑음,기타 - 기타,승용,남,62세,상해없음,화물,남,58세,경상
2021090900100567,2021년 9월 9일 22시,목요일,충청북도 충주시 교현동,중상사고,0,1,0,0,차대차 - 측면충돌,안전거리미확보,건조,맑음,단일로 - 기타,승용,남,33세,상해없음,승용,남,44세,중상
2021090900100568,2021년 9월 9일 22시,목요일,충청북도 청주시 흥덕구 문암동,경상사고,0,0,2,0,차대차 - 추돌,안전운전불이행,건조,맑음,교차로 - 교차로부근,승용,남,33세,기타불명,승합,남,34세,경상
2021091000100021,2021년 9월 10일 03시,금요일,충청북도 음성군 원남면,경상사고,0,0,2,0,차대차 - 정면충돌,중앙선침범,건조,맑음,교차로 - 교차로부근,승용,남,40세,경상,승용,남,40세,경상
2021091000100048,2021년 9월 10일 06시,금요일,충청북도 진천군 초평면,중상사고,0,1,0,0,차량단독 - 공작물충돌,안전운전불이행,건조,맑음,단일로 - 기타,화물,남,61세,중상,,,,
2021091000100049,2021년 9월 10일 06시,금요일,충청북도 청주시 상당구 용암동,중상사고,0,1,0,0,차대차 - 정면충돌,신호위반,건조,맑음,교차로 - 교차로안,자전거,남,76세,중상,화물,남,65세,상해없음
2021091000100060,2021년 9월 10일 07시,금요일,충청북도 청주시 상당구 용담동,경상사고,0,0,1,0,차대차 - 측면충돌,교차로운행방법위반,건조,맑음,교차로 - 교차로안,승용,남,29세,상해없음,개인형이동수단(PM),남,36세,경상
2021091000100087,2021년 9월 10일 08시,금요일,충청북도 충주시 대소원면,중상사고,0,1,1,0,차대차 - 정면충돌,안전운전불이행,건조,맑음,단일로 - 기타,화물,남,58세,경상,승용,여,57세,중상
2021091000100088,2021년 9월 10일 08시,금요일,충청북도 청주시 상당구 탑동,중상사고,0,1,0,0,차대사람 - 차도통행중,안전운전불이행,건조,맑음,교차로 - 교차로안,승용,남,43세,상해없음,보행자,여,14세,중상
2021091000100193,2021년 9월 10일 11시,금요일,충청북도 청주시 흥덕구 외북동,경상사고,0,0,1,0,차대차 - 측면충돌,신호위반,건조,맑음,교차로 - 교차로안,승용,여,38세,상해없음,특수,남,39세,경상
2021091000100251,2021년 9월 10일 13시,금요일,충청북도 증평군 증평읍,경상사고,0,0,1,0,차대차 - 추돌,안전거리미확보,건조,맑음,교차로 - 교차로부근,승용,남,28세,상해없음,승용,남,67세,경상
2021091000100280,2021년 9월 10일 14시,금요일,충청북도 충주시 호암동,경상사고,0,0,1,0,차대차 - 기타,신호위반,건조,맑음,교차로 - 교차로안,승용,여,23세,상해없음,승용,여,66세,경상
2021091000100281,2021년 9월 10일 14시,금요일,충청북도 충주시 연수동,경상사고,0,0,1,0,차대차 - 측면충돌,신호위반,건조,맑음,교차로 - 교차로안,승용,남,55세,상해없음,승용,여,45세,경상
2021091000100282,2021년 9월 10일 14시,금요일,충청북도 보은군 보은읍,경상사고,0,0,1,0,차대차 - 추돌,불법유턴,건조,맑음,단일로 - 기타,승용,여,57세,상해없음,이륜,남,63세,경상
2021091000100322,2021년 9월 10일 15시,금요일,충청북도 충주시 금릉동,경상사고,0,0,1,0,차대차 - 측면충돌,안전운전불이행,건조,맑음,교차로 - 교차로안,화물,남,62세,상해없음,승용,남,49세,경상
2021091000100323,2021년 9월 10일 15시,금요일,충청북도 청주시 서원구 남이면,경상사고,0,0,1,1,차대차 - 측면충돌,안전운전불이행,건조,맑음,단일로 - 기타,승용,남,80세,상해없음,승용,남,33세,경상
2021091000100324,2021년 9월 10일 15시,금요일,충청북도 청주시 서원구 모충동,중상사고,0,1,0,0,차대차 - 측면충돌,안전운전불이행,건조,맑음,교차로 - 교차로부근,승용,남,21세,기타불명,승용,여,68세,중상
2021091000100325,2021년 9월 10일 15시,금요일,충청북도 충주시 노은면,경상사고,0,0,1,0,차량단독 - 기타,안전운전불이행,건조,맑음,단일로 - 기타,승용,남,34세,경상,,,,
2021091000100362,2021년 9월 10일 16시,금요일,충청북도 제천시 화산동,중상사고,0,1,0,0,차대사람 - 기타,중앙선침범,건조,맑음,교차로 - 교차로안,승합,남,33세,상해없음,보행자,남,80세,중상
2021091000100363,2021년 9월 10일 16시,금요일,충청북도 제천시 봉양읍,경상사고,0,0,2,0,차대차 - 측면충돌,안전운전불이행,건조,맑음,단일로 - 기타,승합,남,61세,상해없음,승합,남,63세,경상
2021091000100364,2021년 9월 10일 16시,금요일,충청북도 음성군 음성읍,경상사고,0,0,1,0,차대차 - 추돌,안전운전불이행,건조,맑음,교차로 - 교차로부근,화물,남,59세,상해없음,승용,남,60세,상해없음
2021091000100365,2021년 9월 10일 16시,금요일,충청북도 음성군 금왕읍,경상사고,0,0,1,0,차대차 - 추돌,안전거리미확보,건조,맑음,단일로 - 기타,화물,남,65세,상해없음,승용,여,64세,경상
2021091000100415,2021년 9월 10일 17시,금요일,충청북도 진천군 이월면,중상사고,0,1,0,0,차대차 - 측면충돌,안전운전불이행,건조,맑음,교차로 - 교차로안,기타불명,기타불명,미분류,기타불명,자전거,남,12세,중상
2021091000100416,2021년 9월 10일 17시,금요일,충청북도 청주시 흥덕구 옥산면,경상사고,0,0,1,0,차대차 - 측면충돌,신호위반,건조,맑음,교차로 - 교차로횡단보도내,승용,여,19세,상해없음,개인형이동수단(PM),남,30세,경상
2021091000100475,2021년 9월 10일 18시,금요일,충청북도 충주시 연수동,경상사고,0,0,1,0,차량단독 - 기타,안전운전불이행,건조,맑음,단일로 - 기타,이륜,남,42세,경상,,,,
2021091000100522,2021년 9월 10일 19시,금요일,충청북도 충주시 대소원면,중상사고,0,1,0,0,차대차 - 측면충돌,신호위반,건조,흐림,단일로 - 기타,이륜,남,61세,중상,승용,남,31세,상해없음
2021091000100523,2021년 9월 10일 19시,금요일,충청북도 충주시 지현동,경상사고,0,0,1,0,차대차 - 후진중충돌,안전운전불이행,건조,맑음,단일로 - 기타,승용,남,47세,상해없음,승용,남,64세,경상
2021091000100524,2021년 9월 10일 19시,금요일,충청북도 청주시 흥덕구 복대동,경상사고,0,0,1,0,차대차 - 측면충돌,차로위반,건조,맑음,단일로 - 기타,승용,남,25세,상해없음,승용,남,64세,경상
2021091000100561,2021년 9월 10일 20시,금요일,충청북도 음성군 맹동면,중상사고,0,1,0,0,차대차 - 측면충돌,직진우회전진행방해,건조,맑음,교차로 - 교차로안,승용,여,46세,상해없음,이륜,남,30세,중상
2021091000100562,2021년 9월 10일 20시,금요일,충청북도 청주시 흥덕구 복대동,경상사고,0,0,4,0,차대차 - 측면충돌,안전운전불이행,건조,맑음,교차로 - 교차로부근,이륜,남,22세,경상,승용,남,34세,경상
2021091000100601,2021년 9월 10일 21시,금요일,충청북도 음성군 금왕읍,중상사고,0,1,0,0,차대사람 - 횡단중,안전운전불이행,건조,맑음,교차로 - 교차로안,승용,여,43세,상해없음,보행자,남,29세,중상
2021091000100632,2021년 9월 10일 22시,금요일,충청북도 제천시 중앙로2가,경상사고,0,0,1,0,차대사람 - 횡단중,보행자보호의무위반,건조,맑음,교차로 - 교차로횡단보도내,승용,남,58세,상해없음,보행자,여,55세,경상
2021091000100668,2021년 9월 10일 23시,금요일,충청북도 증평군 증평읍,중상사고,0,1,0,0,차대사람 - 기타,안전운전불이행,건조,기타,기타 - 기타,승용,남,64세,상해없음,보행자,여,50세,중상
2021091100100015,2021년 9월 11일 01시,토요일,충청북도 청주시 서원구 사창동,중상사고,0,1,0,0,차대사람 - 기타,안전운전불이행,건조,맑음,교차로 - 교차로부근,승용,남,55세,상해없음,보행자,남,34세,중상
2021091100100016,2021년 9월 11일 01시,토요일,충청북도 청주시 흥덕구 가경동,경상사고,0,0,5,0,차대차 - 측면충돌,안전운전불이행,건조,맑음,단일로 - 기타,승용,남,19세,경상,이륜,남,17세,경상
2021091100100035,2021년 9월 11일 05시,토요일,충청북도 청주시 서원구 사직동,사망사고,1,0,0,0,차대차 - 기타,안전거리미확보,건조,맑음,기타 - 기타,자전거,남,69세,사망,승합,남,40세,상해없음
2021091100100060,2021년 9월 11일 07시,토요일,충청북도 청주시 흥덕구 옥산면,중상사고,0,1,0,0,차대차 - 측면충돌,교차로운행방법위반,건조,맑음,교차로 - 교차로안,승용,남,68세,상해없음,승용,남,66세,중상
2021091100100077,2021년 9월 11일 08시,토요일,충청북도 청주시 청원구 내덕동,경상사고,0,0,2,0,차대차 - 기타,안전거리미확보,건조,맑음,교차로 - 교차로안,승용,남,52세,상해없음,이륜,남,31세,경상