사고번호,사고일시,요일,시군구,사고내용,사망자수,중상자수,경상자수,부상신고자수,사고유형,법규위반,노면상태,기상상태,도로형태,가해운전자 차종,가해운전자 성별,가해운전자 연령,가해운전자 상해정도,피해운전자 차종,피해운전자 성별,피해운전자 연령,피해운전자 상해정도
2021091500100312,2021년 9월 15일 13시,수요일,충청북도 음성군 금왕읍,중상사고,0,1,0,0,차대차 - 측면충돌,중앙선침범,건조,맑음,미분류 - 미분류,이륜,남,84세,상해없음,승용,여,55세,중상
2021091500100313,2021년 9월 15일 13시,수요일,충청북도 음성군 음성읍,경상사고,0,0,1,0,차대차 - 측면충돌,교차로운행방법위반,건조,맑음,교차로 - 교차로안,승용,여,60세,상해없음,화물,남,61세,경상
2021091500100314,2021년 9월 15일 13시,수요일,충청북도 청주시 흥덕구 신봉동,중상사고,0,1,2,0,차대차 - 정면충돌,교차로운행방법위반,건조,맑음,교차로 - 교차로안,승용,남,23세,경상,승용,남,33세,중상
2021091500100406,2021년 9월 15일 15시,수요일,충청북도 청주시 청원구 오창읍,경상사고,0,0,2,0,차대차 - 측면충돌,기타,건조,맑음,교차로 - 교차로부근,승용,남,23세,상해없음,승용,남,30세,경상
2021091500100407,2021년 9월 15일 15시,수요일,충청북도 충주시 동량면,중상사고,0,1,0,0,차대차 - 추돌,중앙선침범,건조,맑음,교차로 - 교차로안,화물,남,67세,상해없음,이륜,남,67세,중상
2021091500100459,2021년 9월 15일 16시,수요일,충청북도 청주시 흥덕구 비하동,경상사고,0,0,1,0,차대사람 - 보도통행중,보행자보호의무위반,건조,맑음,교차로 - 교차로안,승용,여,44세,상해없음,보행자,남,7세,경상
2021091500100460,2021년 9월 15일 16시,수요일,충청북도 청주시 흥덕구 가경동,경상사고,0,0,1,0,차대사람 - 기타,보행자보호의무위반,건조,맑음,교차로 - 교차로횡단보도내,승용,여,43세,상해없음,보행자,남,15세,경상
2021091500100522,2021년 9월 15일 17시,수요일,충청북도 증평군 증평읍,경상사고,0,0,2,0,차대차 - 측면충돌,직진우회전진행방해,건조,맑음,교차로 - 교차로안,승용,남,80세,경상,승용,남,52세,경상
2021091500100523,2021년 9월 15일 17시,수요일,충청북도 청주시 서원구 남이면,경상사고,0,0,3,0,차대차 - 추돌,안전운전불이행,건조,맑음,단일로 - 기타,화물,남,40세,상해없음,승용,여,50세,경상
2021091500100524,2021년 9월 15일 17시,수요일,충청북도 청주시 흥덕구 오송읍,경상사고,0,0,1,0,차대차 - 추돌,안전운전불이행,건조,맑음,기타 - 기타,화물,남,66세,상해없음,승용,여,68세,경상
2021091500100581,2021년 9월 15일 18시,수요일,충청북도 충주시 목행동,중상사고,0,1,2,0,차대차 - 측면충돌,교차로운행방법위반,건조,맑음,교차로 - 교차로안,승용,남,51세,상해없음,승용,남,35세,경상
2021091500100582,2021년 9월 15일 18시,수요일,충청북도 음성군 금왕읍,경상사고,0,0,1,0,차대차 - 추돌,안전운전불이행,건조,맑음,미분류 - 미분류,승용,남,69세,상해없음,승용,남,48세,경상
2021091500100629,2021년 9월 15일 19시,수요일,충청북도 음성군 금왕읍,중상사고,0,1,1,0,차대차 - 정면충돌,신호위반,건조,맑음,교차로 - 교차로안,이륜,남,16세,경상,승용,남,61세,상해없음
2021091500100630,2021년 9월 15일 19시,수요일,충청북도 청주시 상당구 북문로1가,경상사고,0,0,1,0,차대차 - 후진중충돌,안전운전불이행,건조,맑음,단일로 - 기타,승용,남,25세,상해없음,이륜,남,43세,경상
2021091500100733,2021년 9월 15일 22시,수요일,충청북도 청주시 서원구 사창동,경상사고,0,0,1,0,차대차 - 기타,안전운전불이행,건조,맑음,기타 - 기타,승용,남,26세,상해없음,승용,남,23세,경상
2021091500100755,2021년 9월 15일 23시,수요일,충청북도 음성군 감곡면,부상신고사고,0,0,0,1,차대차 - 후진중충돌,안전운전불이행,건조,맑음,교차로 - 교차로부근,승용,남,47세,상해없음,승용,남,37세,상해없음
2021091600100033,2021년 9월 16일 06시,목요일,충청북도 괴산군 사리면,경상사고,0,0,1,0,차대차 - 추돌,안전거리미확보,건조,맑음,기타 - 기타,승용,남,67세,상해없음,승용,남,58세,경상
2021091600100052,2021년 9월 16일 07시,목요일,충청북도 진천군 진천읍,중상사고,0,1,0,0,차대차 - 측면충돌,안전운전불이행,건조,맑음,교차로 - 교차로안,승용,남,59세,상해없음,승용,여,43세,중상
2021091600100096,2021년 9월 16일 08시,목요일,충청북도 음성군 대소면,경상사고,0,0,1,0,차대차 - 측면충돌,중앙선침범,건조,맑음,미분류 - 미분류,승용,여,55세,상해없음,승용,여,29세,경상
2021091600100097,2021년 9월 16일 08시,목요일,충청북도 진천군 진천읍,경상사고,0,0,1,0,차대차 - 추돌,안전운전불이행,건조,맑음,단일로 - 기타,승합,남,30세,상해없음,승용,남,53세,경상
2021091600100098,2021년 9월 16일 08시,목요일,충청북도 진천군 진천읍,경상사고,0,0,1,0,차대차 - 측면충돌,안전거리미확보,건조,맑음,교차로 - 교차로부근,건설기계,남,64세,상해없음,승용,남,37세,경상
2021091600100139,2021년 9월 16일 09시,목요일,충청북도 충주시 중앙탑면,경상사고,0,0,1,0,차대차 - 측면충돌,안전거리미확보,건조,맑음,단일로 - 기타,승용,남,24세,상해없음,승용,남,32세,경상
2021091600100140,2021년 9월 16일 09시,목요일,충청북도 청주시 상당구 석교동,경상사고,0,0,1,0,차대차 - 측면충돌,신호위반,건조,맑음,단일로 - 기타,승용,남,79세,상해없음,승용,여,53세,경상
2021091600100173,2021년 9월 16일 10시,목요일,충청북도 제천시 청전동,경상사고,0,0,1,0,차대차 - 측면충돌,안전운전불이행,건조,맑음,교차로 - 교차로안,자전거,남,53세,경상,승용,여,43세,상해없음
2021091600100174,2021년 9월 16일 10시,목요일,충청북도 청주시 흥덕구 문암동,부상신고사고,0,0,0,1,차대차 - 추돌,안전운전불이행,건조,맑음,교차로 - 교차로안,승용,여,62세,상해없음,승용,여,30세,부상신고
2021091600100202,2021년 9월 16일 11시,목요일,충청북도 청주시 서원구 수곡동,경상사고,0,0,1,0,차대차 - 측면충돌,교차로운행방법위반,건조,맑음,교차로 - 교차로안,화물,남,54세,상해없음,화물,남,66세,경상
2021091600100242,2021년 9월 16일 12시,목요일,충청북도 충주시 노은면,경상사고,0,0,1,0,차대차 - 정면충돌,교차로운행방법위반,건조,맑음,교차로 - 교차로안,화물,남,72세,상해없음,승용,여,61세,경상
2021091600100243,2021년 9월 16일 12시,목요일,충청북도 제천시 장락동,경상사고,0,0,1,0,차대사람 - 기타,안전운전불이행,건조,맑음,주차장 - 주차장,승용,남,68세,기타불명,보행자,여,76세,경상
2021091600100244,2021년 9월 16일 12시,목요일,충청북도 제천시 영천동,중상사고,0,1,5,0,차대차 - 후진중충돌,불법유턴,건조,맑음,단일로 - 기타,승용,여,61세,경상,승용,남,62세,경상
2021091600100245,2021년 9월 16일 12시,목요일,충청북도 영동군 상촌면,경상사고,0,0,1,0,차대사람 - 기타,안전운전불이행,건조,맑음,기타 - 기타,화물,남,64세,상해없음,보행자,남,55세,경상
2021091600100246,2021년 9월 16일 12시,목요일,충청북도 청주시 흥덕구 봉명동,경상사고,0,0,1,0,차대사람 - 횡단중,보행자보호의무위반,건조,맑음,교차로 - 교차로횡단보도내,화물,남,47세,상해없음,보행자,여,53세,경상
2021091600100283,2021년 9월 16일 13시,목요일,충청북도 충주시 목행동,경상사고,0,0,1,0,차대차 - 기타,안전운전불이행,건조,맑음,교차로 - 교차로안,승용,남,35세,상해없음,화물,남,46세,경상
2021091600100336,2021년 9월 16일 14시,목요일,충청북도 음성군 음성읍,경상사고,0,0,1,0,차대차 - 측면충돌,교차로운행방법위반,건조,맑음,교차로 - 교차로안,승용,남,32세,상해없음,승용,남,38세,경상
2021091600100337,2021년 9월 16일 14시,목요일,충청북도 청주시 흥덕구 오송읍,경상사고,0,0,1,0,차대차 - 측면충돌,교차로운행방법위반,건조,맑음,교차로 - 교차로안,화물,남,75세,상해없음,화물,남,66세,경상
2021091600100383,2021년 9월 16일 15시,목요일,충청북도 청주시 청원구 내덕동,경상사고,0,0,1,0,차대사람 - 기타,안전운전불이행,건조,맑음,주차장 - 주차장,승용,여,65세,상해없음,보행자,여,47세,경상
2021091600100384,2021년 9월 16일 15시,목요일,충청북도 제천시 의림동,경상사고,0,0,2,0,차대차 - 추돌,불법유턴,건조,맑음,교차로 - 교차로안,승용,남,65세,상해없음,승용,남,38세,경상
2021091600100424,2021년 9월 16일 16시,목요일,충청북도 충주시 교현동,경상사고,0,0,1,0,차대사람 - 기타,안전운전불이행,건조,맑음,단일로 - 기타,화물,남,55세,상해없음,보행자,여,69세,경상
2021091600100425,2021년 9월 16일 16시,목요일,충청북도 진천군 덕산읍,중상사고,0,1,0,0,차대차 - 측면충돌,안전운전불이행,건조,맑음,교차로 - 교차로안,화물,남,38세,상해없음,자전거,남,16세,중상
2021091600100469,2021년 9월 16일 17시,목요일,충청북도 충주시 금릉동,중상사고,0,1,0,0,차대차 - 정면충돌,안전거리미확보,건조,맑음,단일로 - 기타,승합,남,72세,상해없음,화물,여,66세,중상
2021091600100470,2021년 9월 16일 17시,목요일,충청북도 제천시 명동,경상사고,0,0,3,0,차대차 - 측면충돌,교차로운행방법위반,건조,맑음,교차로 - 교차로안,승용,여,45세,경상,승용,남,62세,경상
2021091600100471,2021년 9월 16일 17시,목요일,충청북도 음성군 금왕읍,경상사고,0,0,1,0,차대차 - 측면충돌,기타,건조,맑음,미분류 - 미분류,승용,남,54세,상해없음,승용,남,50세,경상
2021091600100472,2021년 9월 16일 17시,목요일,충청북도 청주시 흥덕구 봉명동,중상사고,0,1,0,0,차대차 - 측면충돌,안전운전불이행,건조,맑음,교차로 - 교차로부근,이륜,남,48세,중상,승용,남,52세,상해없음
2021091600100512,2021년 9월 16일 18시,목요일,충청북도 제천시 중앙로1가,중상사고,0,1,0,0,차대차 - 측면충돌,안전운전불이행,건조,맑음,교차로 - 교차로부근,승용,남,65세,상해없음,승용,여,48세,중상
2021091600100513,2021년 9월 16일 18시,목요일,충청북도 청주시 흥덕구 상신동,경상사고,0,0,2,0,차대차 - 추돌,안전운전불이행,건조,맑음,단일로 - 지하차도(도로)내,승용,여,52세,상해없음,승용,남,23세,경상
2021091600100564,2021년 9월 16일 19시,목요일,충청북도 청주시 상당구 용암동,경상사고,0,0,1,0,차대차 - 측면충돌,안전운전불이행,건조,맑음,교차로 - 교차로횡단보도내,승용,남,50세,상해없음,자전거,여,75세,경상
2021091600100565,2021년 9월 16일 19시,목요일,충청북도 청주시 상당구 영운동,경상사고,0,0,2,0,차대차 - 측면충돌,안전운전불이행,건조,맑음,단일로 - 지하차도(도로)내,화물,남,64세,상해없음,승용,여,60세,경상
2021091600100670,2021년 9월 16일 22시,목요일,충청북도 청주시 서원구 사창동,경상사고,0,0,1,0,차대차 - 기타,차로위반,건조,맑음,단일로 - 기타,화물,남,21세,상해없음,승용,남,37세,경상
2021091700100005,2021년 9월 17일 00시,금요일,충청북도 청주시 청원구 내덕동,중상사고,0,1,0,0,차대차 - 기타,신호위반,건조,흐림,교차로 - 교차로횡단보도내,승용,남,61세,상해없음,개인형이동수단(PM),남,21세,중상
2021091700100029,2021년 9월 17일 04시,금요일,충청북도 음성군 감곡면,경상사고,0,0,1,0,차대사람 - 기타,안전운전불이행,건조,맑음,단일로 - 기타,승용,남,26세,상해없음,보행자,남,29세,경상
2021091700100037,2021년 9월 17일 05시,금요일,충청북도 음성군 금왕읍,부상신고사고,0,0,0,1,차대차 - 기타,안전운전불이행,건조,맑음,교차로 - 교차로안,이륜,남,24세,부상신고,승용,남,59세,상해없음
2021091700100089,2021년 9월 17일 08시,금요일,충청북도 충주시 연수동,경상사고,0,0,1,1,차대차 - 측면충돌,불법유턴,건조,맑음,교차로 - 교차로안,승용,여,26세,부상신고,승용,남,50세,경상
2021091700100090,2021년 9월 17일 08시,금요일,충청북도 제천시 강제동,경상사고,0,0,1,0,차대차 - 후진중충돌,안전운전불이행,젖음/습기,비,교차로 - 교차로부근,건설기계,남,63세,상해없음,승용,남,28세,경상
2021091700100181,2021년 9월 17일 10시,금요일,충청북도 청주시 흥덕구 오송읍,경상사고,0,0,1,0,차대차 - 측면충돌,신호위반,젖음/습기,비,교차로 - 교차로안,승용,남,28세,상해없음,화물,남,50세,경상
2021091700100182,2021년 9월 17일 10시,금요일,충청북도 청주시 흥덕구 복대동,경상사고,0,0,1,0,차대차 - 측면충돌,안전운전불이행,젖음/습기,비,단일로 - 기타,이륜,남,40세,상해없음,승용,여,47세,경상
2021091700100220,2021년 9월 17일 11시,금요일,충청북도 충주시 연수동,경상사고,0,0,2,0,차대차 - 측면충돌,신호위반,젖음/습기,비,교차로 - 교차로안,승용,남,63세,상해없음,화물,남,21세,경상
2021091700100222,2021년 9월 17일 11시,금요일,충청북도 제천시 청전동,중상사고,0,1,1,0,차대차 - 측면충돌,기타,젖음/습기,비,교차로 - 교차로안,승용,남,78세,경상,승용,여,70세,중상
2021091700100223,2021년 9월 17일 11시,금요일,충청북도 청주시 흥덕구 강서동,중상사고,0,1,0,0,차대사람 - 횡단중,안전운전불이행,건조,맑음,교차로 - 교차로안,승용,남,71세,상해없음,보행자,여,54세,중상
2021091700100331,2021년 9월 17일 13시,금요일,충청북도 청주시 서원구 성화동,경상사고,0,0,1,0,차대차 - 측면충돌,안전운전불이행,건조,맑음,주차장 - 주차장,승용,여,39세,상해없음,승용,여,47세,경상
2021091700100376,2021년 9월 17일 14시,금요일,충청북도 옥천군 옥천읍,중상사고,0,1,0,0,차대차 - 측면충돌,안전운전불이행,건조,맑음,교차로 - 교차로안,이륜,남,31세,상해없음,자전거,여,79세,중상
2021091700100377,2021년 9월 17일 14시,금요일,충청북도 청주시 흥덕구 봉명동,경상사고,0,0,1,0,차대차 - 측면충돌,안전운전불이행,건조,맑음,단일로 - 기타,건설기계,남,60세,상해없음,승용,남,25세,경상
2021091700100432,2021년 9월 17일 15시,금요일,충청북도 충주시 용산동,경상사고,0,0,1,0,차대차 - 정면충돌,직진우회전진행방해,건조,맑음,교차로 - 교차로부근,승용,남,62세,상해없음,승용,남,63세,경상
2021091700100433,2021년 9월 17일 15시,금요일,충청북도 청주시 흥덕구 정봉동,부상신고사고,0,0,0,1,차량단독 - 전도전복 - 전도,안전운전불이행,건조,맑음,단일로 - 기타,승용,여,39세,부상신고,,,,
2021091700100491,2021년 9월 17일 16시,금요일,충청북도 청주시 청원구 내덕동,경상사고,0,0,1,0,차대차 - 측면충돌,안전운전불이행,건조,맑음,교차로 - 교차로횡단보도내,승합,남,38세,상해없음,개인형이동수단(PM),남,16세,경상
2021091700100492,2021년 9월 17일 16시,금요일,충청북도 제천시 청전동,중상사고,0,1,0,0,차대사람 - 횡단중,신호위반,건조,맑음,교차로 - 교차로횡단보도내,화물,남,72세,상해없음,보행자,남,13세,중상
2021091700100551,2021년 9월 17일 17시,금요일,충청북도 충주시 성남동,중상사고,0,1,0,0,차대차 - 기타,안전운전불이행,건조,맑음,단일로 - 기타,승용,남,23세,상해없음,이륜,남,44세,중상
2021091700100552,2021년 9월 17일 17시,금요일,충청북도 제천시 모산동,중상사고,0,1,0,0,차대차 - 측면충돌,안전운전불이행,건조,맑음,교차로 - 교차로안,승용,남,49세,상해없음,자전거,남,51세,중상
2021091700100612,2021년 9월 17일 18시,금요일,충청북도 제천시 청전동,중상사고,0,1,0,0,차대차 - 측면충돌,직진우회전진행방해,건조,맑음,교차로 - 교차로안,승용,남,44세,상해없음,승용,여,45세,중상
2021091700100666,2021년 9월 17일 19시,금요일,충청북도 진천군 광혜원면,경상사고,0,0,1,0,차대차 - 기타,안전거리미확보,건조,맑음,단일로 - 기타,승용,남,42세,상해없음,승합,남,46세,경상
2021091700100714,2021년 9월 17일 20시,금요일,충청북도 충주시 금릉동,중상사고,0,1,0,0,차대사람 - 횡단중,보행자보호의무위반,건조,맑음,기타 - 기타,승용,여,51세,상해없음,보행자,남,61세,중상
2021091700100715,2021년 9월 17일 20시,금요일,충청북도 충주시 교현동,경상사고,0,0,2,0,차대사람 - 횡단중,안전운전불이행,건조,맑음,단일로 - 기타,이륜,남,46세,경상,보행자,여,32세,경상
2021091700100751,2021년 9월 17일 21시,금요일,충청북도 충주시 목행동,경상사고,0,0,3,1,차대차 - 기타,신호위반,건조,맑음,교차로 - 교차로안,승용,남,21세,상해없음,승용,남,30세,부상신고
2021091700100788,2021년 9월 17일 22시,금요일,충청북도 괴산군 장연면,경상사고,0,0,1,0,차대차 - 기타,안전거리미확보,건조,맑음,단일로 - 기타,승용,남,47세,상해없음,화물,남,42세,경상
2021091700100804,2021년 9월 17일 23시,금요일,충청북도 청주시 청원구 주중동,경상사고,0,0,1,0,차대차 - 정면충돌,신호위반,건조,맑음,교차로 - 교차로안,승용,남,24세,상해없음,화물,남,64세,경상
2021091700100805,2021년 9월 17일 23시,금요일,충청북도 충주시 중앙탑면,중상사고,0,1,0,0,차대사람 - 차도통행중,안전운전불이행,건조,흐림,단일로 - 기타,승용,남,40세,상해없음,보행자,남,56세,중상
2021091700100806,2021년 9월 17일 23시,금요일,충청북도 음성군 감곡면,경상사고,0,0,4,0,차대차 - 추돌,안전운전불이행,건조,맑음,교차로 - 교차로부근,승용,남,29세,상해없음,승용,남,34세,경상
2021091800100048,2021년 9월 18일 07시,토요일,충청북도 충주시 교현동,경상사고,0,0,2,0,차대차 - 추돌,안전운전불이행,건조,맑음,단일로 - 기타,승용,남,25세,상해없음,승용,남,54세,상해없음
2021091800100147,2021년 9월 18일 10시,토요일,충청북도 제천시 명동,중상사고,0,1,0,0,차대사람 - 횡단중,안전운전불이행,건조,맑음,교차로 - 교차로횡단보도내,승용,남,80세,상해없음,보행자,남,84세,중상
2021091800100148,2021년 9월 18일 10시,토요일,충청북도 음성군 생극면,경상사고,0,0,1,0,차대차 - 측면충돌,교차로운행방법위반,건조,맑음,교차로 - 교차로안,화물,남,73세,경상,화물,남,64세,상해없음
2021091800100205,2021년 9월 18일 11시,토요일,충청북도 청주시 청원구 내덕동,경상사고,0,0,2,0,차대차 - 기타,안전운전불이행,건조,맑음,기타 - 기타,승용,남,63세,상해없음,승용,여,28세,경상
2021091800100206,2021년 9월 18일 11시,토요일,충청북도 충주시 칠금동,경상사고,0,0,1,0,차대차 - 측면충돌,안전운전불이행,건조,맑음,교차로 - 교차로안,승용,남,73세,상해없음,승용,여,35세,경상
2021091800100207,2021년 9월 18일 11시,토요일,충청북도 제천시 신월동,경상사고,0,0,2,0,차대차 - 추돌,안전거리미확보,건조,맑음,교차로 - 교차로부근,승용,남,65세,상해없음,승용,여,49세,경상
2021091800100208,2021년 9월 18일 11시,토요일,충청북도 옥천군 이원면,중상사고,0,1,4,0,차대차 - 측면충돌,안전운전불이행,건조,맑음,교차로 - 교차로안,승용,남,60세,경상,승용,남,52세,경상
2021091800100254,2021년 9월 18일 12시,토요일,충청북도 청주시 청원구 오창읍,경상사고,0,0,1,0,차대차 - 후진중충돌,안전운전불이행,건조,맑음,단일로 - 기타,승용,여,55세,상해없음,승용,남,47세,경상
2021091800100255,2021년 9월 18일 12시,토요일,충청북도 괴산군 칠성면,경상사고,0,0,1,0,차대차 - 측면충돌,직진우회전진행방해,건조,맑음,교차로 - 교차로안,화물,남,57세,상해없음,자전거,여,31세,경상
2021091800100256,2021년 9월 18일 12시,토요일,충청북도 청주시 흥덕구 송절동,경상사고,0,0,3,0,차대차 - 측면충돌,신호위반,건조,맑음,교차로 - 교차로부근,승용,여,52세,기타불명,승용,남,33세,경상
2021091800100257,2021년 9월 18일 12시,토요일,충청북도 청주시 상당구 탑동,중상사고,0,1,0,0,차대사람 - 기타,안전운전불이행,건조,맑음,단일로 - 기타,화물,남,66세,상해없음,보행자,여,84세,중상
2021091800100258,2021년 9월 18일 12시,토요일,충청북도 충주시 앙성면,경상사고,0,0,5,0,차대차 - 추돌,안전운전불이행,건조,맑음,단일로 - 터널,승용,남,31세,경상,승용,남,55세,경상
2021091800100306,2021년 9월 18일 13시,토요일,충청북도 충주시 봉방동,중상사고,0,1,0,0,차대사람 - 기타,안전운전불이행,건조,맑음,기타 - 기타,승용,남,49세,상해없음,보행자,남,81세,중상
2021091800100307,2021년 9월 18일 13시,토요일,충청북도 충주시 안림동,경상사고,0,0,1,0,차대차 - 측면충돌,안전거리미확보,건조,맑음,단일로 - 기타,화물,남,60세,상해없음,승용,남,25세,경상
2021091800100308,2021년 9월 18일 13시,토요일,충청북도 청주시 흥덕구 가경동,경상사고,0,0,2,0,차대차 - 측면충돌,안전운전불이행,건조,맑음,단일로 - 기타,승용,남,23세,상해없음,승용,남,45세,경상
2021091800100309,2021년 9월 18일 13시,토요일,충청북도 청주시 흥덕구 복대동,경상사고,0,0,1,0,차대차 - 측면충돌,안전운전불이행,건조,맑음,주차장 - 주차장,승용,남,31세,상해없음,승용,여,37세,경상
2021091800100343,2021년 9월 18일 14시,토요일,충청북도 옥천군 옥천읍,경상사고,0,0,1,0,차대차 - 측면충돌,안전운전불이행,건조,맑음,교차로 - 교차로안,이륜,여,60세,경상,승용,남,79세,상해없음
2021091800100383,2021년 9월 18일 15시,토요일,충청북도 음성군 금왕읍,부상신고사고,0,0,0,1,차대사람 - 길가장자리구역통행중,안전운전불이행,건조,맑음,미분류 - 미분류,화물,남,66세,상해없음,보행자,남,42세,부상신고
2021091800100475,2021년 9월 18일 17시,토요일,충청북도 충주시 칠금동,경상사고,0,0,1,0,차대차 - 정면충돌,불법유턴,건조,맑음,교차로 - 교차로안,승용,여,50세,상해없음,승용,남,40세,경상
2021091800100476,2021년 9월 18일 17시,토요일,충청북도 청주시 흥덕구 송절동,경상사고,0,0,2,0,차대차 - 추돌,안전운전불이행,건조,맑음,단일로 - 기타,승용,여,26세,상해없음,승용,여,29세,경상
2021091800100524,2021년 9월 18일 18시,토요일,충청북도 청주시 청원구 우암동,경상사고,0,0,1,0,차대차 - 기타,신호위반,건조,맑음,교차로 - 교차로횡단보도내,화물,남,59세,상해없음,자전거,남,63세,경상
2021091800100635,2021년 9월 18일 21시,토요일,충청북도 증평군 증평읍,경상사고,0,0,5,0,차대차 - 추돌,기타,건조,맑음,교차로 - 교차로부근,승용,여,49세,상해없음,승용,남,24세,경상
2021091800100668,2021년 9월 18일 22시,토요일,충청북도 충주시 용산동,경상사고,0,0,1,0,차대사람 - 횡단중,신호위반,건조,맑음,교차로 - 교차로횡단보도내,승용,남,24세,상해없음,보행자,남,42세,경상
2021091800100690,2021년 9월 18일 23시,토요일,충청북도 청주시 상당구 방서동,경상사고,0,0,1,1,차대차 - 추돌,안전운전불이행,건조,맑음,단일로 - 지하차도(도로)내,이륜,남,29세,부상신고,승용,남,25세,경상
2021091900100003,2021년 9월 19일 00시,일요일,충청북도 충주시 대소원면,사망사고,1,0,0,0,차대사람 - 기타,안전운전불이행,건조,맑음,단일로 - 기타,승용,여,25세,상해없음,보행자,남,41세,사망
2021091900100069,2021년 9월 19일 09시,일요일,충청북도 청주시 청원구 율량동,경상사고,0,0,1,0,차대차 - 기타,안전운전불이행,건조,맑음,단일로 - 기타,이륜,남,27세,기타불명,승용,남,36세,경상
2021091900100070,2021년 9월 19일 09시,일요일,충청북도 충주시 주덕읍,경상사고,0,0,1,0,차대사람 - 차도통행중,안전운전불이행,건조,맑음,교차로 - 교차로부근,승용,남,58세,상해없음,보행자,남,3세,경상
2021091900100090,2021년 9월 19일 10시,일요일,충청북도 청주시 흥덕구 비하동,경상사고,0,0,1,0,차대차 - 측면충돌,안전운전불이행,건조,맑음,교차로 - 교차로부근,승합,남,42세,상해없음,승용,여,35세,경상
2021091900100119,2021년 9월 19일 11시,일요일,충청북도 청주시 상당구 가덕면,경상사고,0,0,1,0,차대차 - 정면충돌,안전운전불이행,건조,맑음,단일로 - 지하차도(도로)내,승용,남,45세,상해없음,자전거,남,33세,경상
2021091900100170,2021년 9월 19일 13시,일요일,충청북도 청주시 청원구 오창읍,중상사고,0,1,2,0,차대차 - 기타,교차로운행방법위반,건조,맑음,교차로 - 교차로안,승용,여,54세,중상,승용,남,68세,경상
2021091900100171,2021년 9월 19일 13시,일요일,충청북도 증평군 증평읍,경상사고,0,0,1,0,차대차 - 측면충돌,신호위반,건조,맑음,교차로 - 교차로안,화물,남,66세,상해없음,기타불명,남,84세,경상
2021091900100172,2021년 9월 19일 13시,일요일,충청북도 청주시 흥덕구 오송읍,경상사고,0,0,4,0,차대차 - 측면충돌,안전운전불이행,건조,맑음,단일로 - 기타,승용,남,45세,경상,승용,남,20세,경상
2021091900100207,2021년 9월 19일 14시,일요일,충청북도 음성군 음성읍,경상사고,0,0,1,0,차대차 - 추돌,신호위반,건조,맑음,교차로 - 교차로안,이륜,남,60세,상해없음,승용,여,57세,경상
2021091900100237,2021년 9월 19일 15시,일요일,충청북도 청주시 청원구 율량동,중상사고,0,1,2,0,차대차 - 측면충돌,신호위반,건조,맑음,교차로 - 교차로안,승용,남,31세,기타불명,승용,여,39세,중상
2021091900100238,2021년 9월 19일 15시,일요일,충청북도 충주시 목벌동,경상사고,0,0,1,0,차대차 - 정면충돌,중앙선침범,건조,맑음,단일로 - 기타,승용,남,37세,상해없음,승용,남,23세,경상
2021091900100239,2021년 9월 19일 15시,일요일,충청북도 청주시 흥덕구 복대동,경상사고,0,0,1,0,차대차 - 추돌,불법유턴,건조,맑음,단일로 - 기타,승용,남,35세,상해없음,이륜,남,50세,경상
2021091900100240,2021년 9월 19일 15시,일요일,충청북도 청주시 상당구 금천동,경상사고,0,0,1,0,차대차 - 추돌,안전운전불이행,건조,맑음,단일로 - 기타,승용,남,22세,상해없음,승용,여,55세,경상
2021091900100268,2021년 9월 19일 16시,일요일,충청북도 보은군 내북면,경상사고,0,0,1,0,차대사람 - 차도통행중,안전운전불이행,건조,맑음,단일로 - 기타,화물,남,62세,상해없음,보행자,남,84세,경상
2021091900100269,2021년 9월 19일 16시,일요일,충청북도 청주시 상당구 방서동,중상사고,0,1,0,0,차대차 - 측면충돌,신호위반,건조,맑음,교차로 - 교차로안,승용,남,49세,상해없음,이륜,남,24세,중상
2021091900100311,2021년 9월 19일 17시,일요일,충청북도 증평군 증평읍,경상사고,0,0,1,0,차대차 - 측면충돌,안전거리미확보,건조,맑음,교차로 - 교차로부근,승용,여,66세,상해없음,승용,남,33세,경상
2021091900100312,2021년 9월 19일 17시,일요일,충청북도 청주시 흥덕구 비하동,경상사고,0,0,1,0,차대차 - 측면충돌,안전운전불이행,건조,맑음,교차로 - 교차로안,승용,남,31세,상해없음,승용,남,49세,경상
2021091900100350,2021년 9월 19일 18시,일요일,충청북도 충주시 연수동,중상사고,0,1,1,1,차대차 - 측면충돌,직진우회전진행방해,건조,맑음,교차로 - 교차로안,승용,남,60세,부상신고,승용,남,32세,경상
2021091900100379,2021년 9월 19일 19시,일요일,충청북도 충주시 단월동,경상사고,0,0,6,0,차대차 - 추돌,안전운전불이행,건조,맑음,교차로 - 교차로부근,승합,남,50세,상해없음,승용,남,66세,경상
2021091900100380,2021년 9월 19일 19시,일요일,충청북도 청주시 흥덕구 가경동,경상사고,0,0,1,0,차대사람 - 기타,안전운전불이행,건조,맑음,교차로 - 교차로횡단보도내,승용,여,44세,상해없음,보행자,남,5세,경상
2021091900100381,2021년 9월 19일 19시,일요일,충청북도 청주시 흥덕구 가경동,경상사고,0,0,1,0,차대차 - 측면충돌,안전운전불이행,건조,맑음,단일로 - 기타,승용,남,54세,상해없음,이륜,남,36세,경상
2021091900100400,2021년 9월 19일 20시,일요일,충청북도 청주시 청원구 내수읍,중상사고,0,2,0,0,차대차 - 정면충돌,신호위반,건조,맑음,교차로 - 교차로안,승용,남,38세,상해없음,승용,여,55세,중상