사고번호,사고일시,요일,시군구,사고내용,사망자수,중상자수,경상자수,부상신고자수,사고유형,법규위반,노면상태,기상상태,도로형태,가해운전자 차종,가해운전자 성별,가해운전자 연령,가해운전자 상해정도,피해운전자 차종,피해운전자 성별,피해운전자 연령,피해운전자 상해정도
2021100100100194,2021년 10월 1일 11시,금요일,충청북도 진천군 덕산읍,경상사고,0,0,1,0,차대차 - 측면충돌,안전운전불이행,건조,맑음,교차로 - 교차로안,화물,여,49세,상해없음,승용,여,41세,경상
2021100100100195,2021년 10월 1일 11시,금요일,충청북도 청주시 흥덕구 복대동,경상사고,0,0,1,0,차대차 - 측면충돌,안전거리미확보,건조,맑음,기타 - 기타,승용,남,68세,상해없음,승용,여,68세,경상
2021100100100229,2021년 10월 1일 12시,금요일,충청북도 충주시 지현동,경상사고,0,0,1,0,차대차 - 정면충돌,안전운전불이행,건조,맑음,기타 - 기타,화물,남,30세,상해없음,개인형이동수단(PM),남,21세,경상
2021100100100230,2021년 10월 1일 12시,금요일,충청북도 충주시 대소원면,경상사고,0,0,1,0,차대차 - 기타,신호위반,건조,맑음,교차로 - 교차로안,승용,여,52세,상해없음,승합,남,58세,상해없음
2021100100100231,2021년 10월 1일 12시,금요일,충청북도 청주시 흥덕구 향정동,경상사고,0,0,3,0,차대차 - 추돌,안전운전불이행,건조,맑음,단일로 - 기타,승용,남,49세,상해없음,화물,남,67세,경상
2021100100100232,2021년 10월 1일 12시,금요일,충청북도 청주시 흥덕구 강서동,중상사고,0,2,0,0,차대차 - 측면충돌,안전운전불이행,건조,맑음,단일로 - 기타,승용,남,59세,상해없음,승용,남,62세,중상
2021100100100233,2021년 10월 1일 12시,금요일,충청북도 청주시 서원구 모충동,경상사고,0,0,1,0,차대차 - 측면충돌,교차로운행방법위반,건조,맑음,교차로 - 교차로안,승용,남,58세,상해없음,이륜,남,41세,경상
2021100100100276,2021년 10월 1일 13시,금요일,충청북도 청주시 청원구 우암동,경상사고,0,0,2,0,차대차 - 기타,안전운전불이행,기타,맑음,기타 - 기타,승용,여,30세,상해없음,승용,남,28세,경상
2021100100100277,2021년 10월 1일 13시,금요일,충청북도 충주시 교현동,경상사고,0,0,1,0,차대차 - 추돌,안전운전불이행,건조,맑음,단일로 - 기타,승용,남,65세,상해없음,승용,남,62세,경상
2021100100100278,2021년 10월 1일 13시,금요일,충청북도 청주시 흥덕구 봉명동,중상사고,0,1,0,0,차대차 - 측면충돌,안전운전불이행,건조,맑음,단일로 - 기타,승용,남,28세,상해없음,개인형이동수단(PM),여,16세,중상
2021100100100279,2021년 10월 1일 13시,금요일,충청북도 청주시 흥덕구 강서동,경상사고,0,0,1,0,차대차 - 후진중충돌,안전운전불이행,건조,맑음,교차로 - 교차로안,승용,남,62세,상해없음,승용,여,31세,경상
2021100100100311,2021년 10월 1일 14시,금요일,충청북도 충주시 문화동,중상사고,0,1,0,0,차대차 - 측면충돌,안전운전불이행,건조,맑음,단일로 - 기타,화물,남,45세,상해없음,승용,남,73세,상해없음
2021100100100352,2021년 10월 1일 15시,금요일,충청북도 음성군 삼성면,중상사고,0,1,0,0,차대차 - 후진중충돌,안전운전불이행,건조,맑음,단일로 - 기타,승용,남,62세,상해없음,승용,여,49세,중상
2021100100100353,2021년 10월 1일 15시,금요일,충청북도 청주시 서원구 남이면,경상사고,0,0,1,0,차대차 - 측면충돌,직진우회전진행방해,건조,맑음,교차로 - 교차로안,승용,남,27세,상해없음,승용,여,35세,경상
2021100100100405,2021년 10월 1일 16시,금요일,충청북도 제천시 하소동,경상사고,0,0,1,0,차대차 - 추돌,안전거리미확보,건조,맑음,교차로 - 교차로부근,승용,여,48세,상해없음,화물,남,44세,상해없음
2021100100100406,2021년 10월 1일 16시,금요일,충청북도 청주시 흥덕구 송정동,중상사고,0,1,0,0,차대차 - 측면충돌,안전운전불이행,건조,맑음,기타 - 기타,승용,남,49세,상해없음,자전거,남,51세,중상
2021100100100453,2021년 10월 1일 17시,금요일,충청북도 충주시 대소원면,경상사고,0,0,1,0,차대차 - 측면충돌,안전운전불이행,건조,맑음,단일로 - 기타,화물,남,54세,상해없음,승용,남,64세,경상
2021100100100454,2021년 10월 1일 17시,금요일,충청북도 영동군 상촌면,중상사고,0,1,0,0,차대차 - 기타,안전운전불이행,건조,맑음,단일로 - 기타,화물,남,76세,상해없음,이륜,여,63세,중상
2021100100100455,2021년 10월 1일 17시,금요일,충청북도 음성군 감곡면,중상사고,0,3,0,1,차대차 - 측면충돌,직진우회전진행방해,건조,맑음,교차로 - 교차로안,승용,남,59세,중상,승용,여,54세,중상
2021100100100456,2021년 10월 1일 17시,금요일,충청북도 청주시 흥덕구 강서동,경상사고,0,0,2,1,차대차 - 측면충돌,안전운전불이행,건조,맑음,교차로 - 교차로부근,승용,여,55세,부상신고,승용,여,39세,경상
2021100100100497,2021년 10월 1일 18시,금요일,충청북도 제천시 천남동,경상사고,0,0,3,0,차대차 - 추돌,안전거리미확보,건조,맑음,교차로 - 교차로안,승용,여,54세,상해없음,승용,여,39세,경상
2021100100100498,2021년 10월 1일 18시,금요일,충청북도 음성군 음성읍,경상사고,0,0,1,0,차대차 - 측면충돌,직진우회전진행방해,건조,맑음,교차로 - 교차로안,승용,여,32세,상해없음,승용,여,55세,경상
2021100100100499,2021년 10월 1일 18시,금요일,충청북도 옥천군 옥천읍,중상사고,0,1,0,0,차대차 - 정면충돌,신호위반,건조,맑음,교차로 - 교차로안,승용,여,52세,상해없음,이륜,남,50세,중상
2021100100100500,2021년 10월 1일 18시,금요일,충청북도 청주시 흥덕구 봉명동,경상사고,0,0,1,0,차대차 - 측면충돌,안전운전불이행,건조,맑음,단일로 - 기타,승용,남,53세,상해없음,이륜,남,52세,경상
2021100100100568,2021년 10월 1일 19시,금요일,충청북도 충주시 단월동,경상사고,0,0,1,0,차대사람 - 길가장자리구역통행중,안전운전불이행,건조,흐림,단일로 - 기타,승용,남,26세,상해없음,보행자,남,20세,경상
2021100100100666,2021년 10월 1일 22시,금요일,충청북도 증평군 증평읍,경상사고,0,0,1,0,차대사람 - 횡단중,보행자보호의무위반,건조,맑음,교차로 - 교차로안,승용,남,54세,상해없음,보행자,여,25세,경상
2021100100100667,2021년 10월 1일 22시,금요일,충청북도 음성군 금왕읍,경상사고,0,0,2,0,차대차 - 측면충돌,중앙선침범,건조,흐림,교차로 - 교차로부근,승용,여,29세,상해없음,승용,남,23세,경상
2021100100100668,2021년 10월 1일 22시,금요일,충청북도 청주시 흥덕구 옥산면,부상신고사고,0,0,0,1,차대사람 - 보도통행중,안전운전불이행,건조,맑음,단일로 - 기타,기타불명,기타불명,미분류,기타불명,보행자,남,59세,부상신고
2021100100100710,2021년 10월 1일 23시,금요일,충청북도 청주시 서원구 모충동,부상신고사고,0,0,0,1,차대사람 - 길가장자리구역통행중,안전운전불이행,건조,맑음,단일로 - 터널,승용,남,27세,상해없음,보행자,남,45세,부상신고
2021100200100006,2021년 10월 2일 00시,토요일,충청북도 청주시 흥덕구 강서동,경상사고,0,0,2,0,차대차 - 측면충돌,직진우회전진행방해,건조,흐림,교차로 - 교차로안,승용,여,29세,상해없음,승용,여,28세,경상
2021100200100042,2021년 10월 2일 06시,토요일,충청북도 증평군 증평읍,경상사고,0,0,1,0,차대차 - 추돌,안전운전불이행,기타,기타,교차로 - 교차로부근,승용,여,43세,상해없음,승용,남,59세,경상
2021100200100043,2021년 10월 2일 06시,토요일,충청북도 청주시 흥덕구 옥산면,경상사고,0,0,1,0,차대차 - 추돌,안전운전불이행,건조,맑음,단일로 - 지하차도(도로)내,화물,남,60세,상해없음,승용,남,25세,경상
2021100200100068,2021년 10월 2일 08시,토요일,충청북도 청주시 흥덕구 오송읍,경상사고,0,0,3,2,차대차 - 측면충돌,교차로운행방법위반,건조,맑음,교차로 - 교차로안,승용,여,60세,경상,승용,남,55세,경상
2021100200100171,2021년 10월 2일 11시,토요일,충청북도 괴산군 청천면,사망사고,1,0,0,0,차대차 - 측면충돌,안전운전불이행,건조,맑음,단일로 - 기타,승용,남,73세,사망,승용,여,52세,상해없음
2021100200100172,2021년 10월 2일 11시,토요일,충청북도 청주시 흥덕구 오송읍,경상사고,0,0,1,0,차대차 - 기타,교차로운행방법위반,건조,맑음,교차로 - 교차로안,승용,여,66세,상해없음,자전거,남,14세,경상
2021100200100293,2021년 10월 2일 14시,토요일,충청북도 청주시 청원구 외평동,경상사고,0,0,2,0,차대차 - 추돌,안전운전불이행,건조,맑음,단일로 - 기타,승합,남,40세,상해없음,승용,남,30세,경상
2021100200100294,2021년 10월 2일 14시,토요일,충청북도 청주시 흥덕구 옥산면,경상사고,0,0,2,0,차대차 - 추돌,안전거리미확보,건조,맑음,단일로 - 기타,승용,남,26세,상해없음,승용,여,27세,경상
2021100200100383,2021년 10월 2일 16시,토요일,충청북도 청주시 서원구 사직동,경상사고,0,0,1,0,차대사람 - 기타,안전운전불이행,건조,맑음,단일로 - 기타,승용,남,77세,상해없음,보행자,남,55세,경상
2021100200100384,2021년 10월 2일 16시,토요일,충청북도 청주시 흥덕구 복대동,경상사고,0,0,1,0,차대차 - 측면충돌,안전운전불이행,건조,맑음,교차로 - 교차로부근,기타불명,기타불명,미분류,기타불명,자전거,남,12세,경상
2021100200100514,2021년 10월 2일 19시,토요일,충청북도 충주시 교현동,경상사고,0,0,2,0,차대차 - 측면충돌,기타,건조,맑음,교차로 - 교차로안,승용,남,32세,경상,승용,여,52세,상해없음
2021100200100549,2021년 10월 2일 20시,토요일,충청북도 진천군 덕산읍,경상사고,0,0,1,0,차대차 - 측면충돌,중앙선침범,건조,맑음,단일로 - 기타,승합,남,18세,상해없음,승용,여,64세,경상
2021100300100015,2021년 10월 3일 01시,일요일,충청북도 청주시 흥덕구 봉명동,부상신고사고,0,0,0,1,차량단독 - 전도전복 - 전도,안전운전불이행,건조,맑음,단일로 - 기타,원동기,남,32세,부상신고,,,,
2021100300100026,2021년 10월 3일 03시,일요일,충청북도 충주시 호암동,경상사고,0,0,1,0,차량단독 - 공작물충돌,안전운전불이행,건조,맑음,교차로 - 교차로횡단보도내,승용,남,21세,상해없음,,,,
2021100300100042,2021년 10월 3일 06시,일요일,충청북도 충주시 수안보면,중상사고,0,1,0,0,차대차 - 후진중충돌,불법유턴,젖음/습기,안개,단일로 - 기타,승용,남,70세,상해없음,화물,남,36세,중상
2021100300100048,2021년 10월 3일 07시,일요일,충청북도 충주시 풍동,경상사고,0,0,1,0,차대차 - 기타,교차로운행방법위반,건조,맑음,교차로 - 교차로안,승용,남,73세,기타불명,승용,여,60세,경상
2021100300100072,2021년 10월 3일 09시,일요일,충청북도 청주시 서원구 현도면,중상사고,0,1,0,0,차대차 - 정면충돌,중앙선침범,건조,맑음,단일로 - 기타,승용,여,53세,상해없음,화물,남,46세,중상
2021100300100088,2021년 10월 3일 10시,일요일,충청북도 충주시 칠금동,경상사고,0,0,1,1,차대차 - 측면충돌,직진우회전진행방해,건조,흐림,교차로 - 교차로안,승용,여,67세,부상신고,승용,남,51세,경상
2021100300100120,2021년 10월 3일 11시,일요일,충청북도 충주시 금릉동,경상사고,0,0,2,0,차대차 - 추돌,안전운전불이행,건조,맑음,단일로 - 기타,승용,여,64세,상해없음,승용,남,61세,경상
2021100300100121,2021년 10월 3일 11시,일요일,충청북도 청주시 흥덕구 복대동,경상사고,0,0,1,0,차대차 - 측면충돌,안전운전불이행,건조,맑음,교차로 - 교차로안,승용,여,52세,상해없음,승용,남,56세,경상
2021100300100122,2021년 10월 3일 11시,일요일,충청북도 청주시 상당구 남일면,중상사고,0,1,0,0,차대사람 - 기타,안전운전불이행,건조,맑음,단일로 - 지하차도(도로)내,승합,남,37세,상해없음,보행자,남,77세,중상
2021100300100225,2021년 10월 3일 14시,일요일,충청북도 제천시 수산면,중상사고,0,1,3,0,차대차 - 정면충돌,중앙선침범,건조,맑음,교차로 - 교차로부근,승용,남,31세,중상,승용,남,39세,경상
2021100300100226,2021년 10월 3일 14시,일요일,충청북도 청주시 상당구 용암동,중상사고,0,2,1,0,차대차 - 정면충돌,신호위반,건조,맑음,교차로 - 교차로안,승용,여,34세,경상,승용,남,48세,중상
2021100300100298,2021년 10월 3일 16시,일요일,충청북도 청주시 상당구 미원면,경상사고,0,0,2,0,차대차 - 측면충돌,교차로운행방법위반,건조,맑음,교차로 - 교차로안,승용,남,73세,경상,승용,남,52세,경상
2021100300100329,2021년 10월 3일 17시,일요일,충청북도 음성군 소이면,중상사고,0,1,0,0,차대차 - 측면충돌,기타,건조,맑음,교차로 - 교차로안,승용,남,61세,상해없음,사륜오토바이(ATV),남,75세,중상
2021100300100330,2021년 10월 3일 17시,일요일,충청북도 청주시 상당구 용암동,중상사고,0,1,0,0,차대차 - 측면충돌,안전운전불이행,건조,맑음,교차로 - 교차로부근,화물,남,51세,상해없음,이륜,여,58세,중상
2021100300100367,2021년 10월 3일 18시,일요일,충청북도 충주시 단월동,중상사고,0,1,0,0,차대사람 - 기타,안전운전불이행,건조,맑음,단일로 - 기타,이륜,남,54세,상해없음,보행자,여,65세,중상
2021100300100368,2021년 10월 3일 18시,일요일,충청북도 청주시 흥덕구 복대동,경상사고,0,0,2,0,차대차 - 정면충돌,중앙선침범,건조,맑음,단일로 - 기타,승용,남,38세,상해없음,승용,남,52세,경상
2021100300100369,2021년 10월 3일 18시,일요일,충청북도 청주시 흥덕구 가경동,경상사고,0,0,1,0,차대차 - 측면충돌,안전거리미확보,건조,맑음,교차로 - 교차로부근,승용,여,60세,상해없음,이륜,남,46세,경상
2021100300100412,2021년 10월 3일 19시,일요일,충청북도 청주시 서원구 사창동,중상사고,0,1,0,0,차대차 - 기타,신호위반,건조,맑음,교차로 - 교차로안,승용,남,33세,기타불명,이륜,남,22세,중상
2021100300100413,2021년 10월 3일 19시,일요일,충청북도 청주시 상당구 용암동,경상사고,0,0,3,0,차대차 - 측면충돌,중앙선침범,건조,맑음,단일로 - 지하차도(도로)내,이륜,남,30세,상해없음,이륜,남,32세,경상
2021100300100414,2021년 10월 3일 19시,일요일,충청북도 청주시 상당구 남일면,경상사고,0,0,1,0,차대사람 - 길가장자리구역통행중,안전운전불이행,건조,맑음,단일로 - 지하차도(도로)내,승용,남,69세,상해없음,보행자,남,71세,경상
2021100300100476,2021년 10월 3일 21시,일요일,충청북도 청주시 서원구 개신동,중상사고,0,2,1,0,차대차 - 측면충돌,안전거리미확보,건조,맑음,교차로 - 교차로안,이륜,남,32세,중상,이륜,남,26세,경상
2021100300100514,2021년 10월 3일 23시,일요일,충청북도 충주시 앙성면,중상사고,0,1,0,0,차대차 - 추돌,안전운전불이행,건조,맑음,단일로 - 기타,특수,남,58세,상해없음,화물,남,66세,중상
2021100400100008,2021년 10월 4일 00시,월요일,충청북도 청주시 흥덕구 복대동,중상사고,0,2,0,0,차대차 - 추돌,안전운전불이행,건조,맑음,교차로 - 교차로안,승용,남,35세,상해없음,승용,여,33세,중상
2021100400100037,2021년 10월 4일 06시,월요일,충청북도 청주시 상당구 용암동,중상사고,0,1,0,0,차대사람 - 기타,보행자보호의무위반,건조,맑음,단일로 - 지하차도(도로)내,승용,남,62세,상해없음,보행자,남,79세,중상
2021100400100046,2021년 10월 4일 07시,월요일,충청북도 청주시 서원구 성화동,중상사고,0,1,0,0,차량단독 - 공작물충돌,안전운전불이행,건조,맑음,단일로 - 기타,이륜,남,74세,중상,,,,
2021100400100058,2021년 10월 4일 08시,월요일,충청북도 충주시 칠금동,경상사고,0,0,1,0,차대차 - 기타,안전거리미확보,건조,맑음,교차로 - 교차로안,화물,남,65세,상해없음,승용,남,31세,경상
2021100400100074,2021년 10월 4일 09시,월요일,충청북도 충주시 목행동,경상사고,0,0,1,0,차대차 - 기타,불법유턴,건조,맑음,주차장 - 주차장,승용,남,71세,상해없음,승용,여,70세,경상
2021100400100211,2021년 10월 4일 14시,월요일,충청북도 충주시 문화동,경상사고,0,0,2,0,차대차 - 측면충돌,불법유턴,건조,맑음,교차로 - 교차로횡단보도내,승용,여,68세,상해없음,승용,남,44세,경상
2021100400100212,2021년 10월 4일 14시,월요일,충청북도 청주시 상당구 가덕면,경상사고,0,0,1,0,차대차 - 측면충돌,안전운전불이행,건조,맑음,교차로 - 교차로안,승용,여,68세,상해없음,자전거,남,71세,경상
2021100400100213,2021년 10월 4일 14시,월요일,충청북도 청주시 상당구 남일면,경상사고,0,0,1,0,차대차 - 추돌,안전운전불이행,건조,맑음,단일로 - 기타,승용,남,68세,상해없음,승용,여,60세,경상
2021100400100316,2021년 10월 4일 17시,월요일,충청북도 청주시 흥덕구 옥산면,경상사고,0,0,3,0,차대차 - 추돌,안전거리미확보,건조,맑음,단일로 - 지하차도(도로)내,화물,남,69세,상해없음,승용,남,47세,경상
2021100400100352,2021년 10월 4일 18시,월요일,충청북도 청주시 청원구 주성동,중상사고,0,1,0,0,차대차 - 기타,신호위반,건조,맑음,교차로 - 교차로안,승용,여,55세,상해없음,자전거,남,62세,중상
2021100400100353,2021년 10월 4일 18시,월요일,충청북도 충주시 달천동,중상사고,0,1,2,0,차대차 - 추돌,안전운전불이행,건조,맑음,기타 - 기타,승용,여,58세,상해없음,화물,여,68세,중상
2021100400100354,2021년 10월 4일 18시,월요일,충청북도 제천시 남천동,경상사고,0,0,1,0,차대차 - 측면충돌,직진우회전진행방해,건조,맑음,교차로 - 교차로안,승용,남,68세,상해없음,승용,여,78세,경상
2021100400100387,2021년 10월 4일 19시,월요일,충청북도 충주시 칠금동,경상사고,0,0,1,0,차대사람 - 횡단중,신호위반,건조,흐림,단일로 - 기타,승용,여,53세,상해없음,보행자,여,15세,경상
2021100400100388,2021년 10월 4일 19시,월요일,충청북도 청주시 흥덕구 봉명동,경상사고,0,0,1,0,차대차 - 측면충돌,안전운전불이행,건조,맑음,교차로 - 교차로부근,승용,남,30세,상해없음,이륜,남,58세,경상
2021100400100426,2021년 10월 4일 20시,월요일,충청북도 음성군 감곡면,경상사고,0,0,2,0,차대차 - 측면충돌,중앙선침범,건조,맑음,단일로 - 기타,승용,여,61세,경상,승용,남,24세,경상
2021100400100494,2021년 10월 4일 23시,월요일,충청북도 청주시 서원구 산남동,중상사고,0,1,0,0,차량단독 - 기타,안전운전불이행,건조,맑음,교차로 - 교차로부근,원동기,남,14세,상해없음,,,,
2021100500100080,2021년 10월 5일 08시,화요일,충청북도 청주시 청원구 오창읍,중상사고,0,1,1,0,차대차 - 측면충돌,신호위반,건조,맑음,교차로 - 교차로안,승용,여,37세,경상,승용,여,60세,중상
2021100500100081,2021년 10월 5일 08시,화요일,충청북도 영동군 영동읍,중상사고,0,2,0,0,차대사람 - 횡단중,보행자보호의무위반,건조,맑음,단일로 - 기타,승용,남,66세,상해없음,보행자,여,13세,중상
2021100500100082,2021년 10월 5일 08시,화요일,충청북도 증평군 증평읍,중상사고,0,1,1,0,차대차 - 정면충돌,신호위반,건조,맑음,교차로 - 교차로안,건설기계,남,64세,상해없음,승용,남,39세,중상
2021100500100155,2021년 10월 5일 10시,화요일,충청북도 괴산군 문광면,경상사고,0,0,1,0,차대차 - 측면충돌,기타,건조,맑음,교차로 - 교차로안,승용,남,71세,경상,건설기계,남,55세,상해없음
2021100500100185,2021년 10월 5일 11시,화요일,충청북도 충주시 성남동,경상사고,0,0,1,1,차대차 - 측면충돌,안전운전불이행,건조,맑음,교차로 - 교차로부근,이륜,남,39세,부상신고,자전거,남,70세,경상
2021100500100186,2021년 10월 5일 11시,화요일,충청북도 청주시 흥덕구 향정동,경상사고,0,0,1,0,차대차 - 추돌,안전운전불이행,건조,맑음,교차로 - 교차로부근,화물,남,55세,상해없음,승용,남,49세,경상
2021100500100187,2021년 10월 5일 11시,화요일,충청북도 청주시 상당구 용암동,경상사고,0,0,1,0,차대차 - 측면충돌,차로위반,건조,맑음,교차로 - 교차로부근,화물,남,73세,상해없음,화물,남,39세,경상
2021100500100188,2021년 10월 5일 11시,화요일,충청북도 보은군 수한면,사망사고,1,3,13,0,차대차 - 추돌,안전운전불이행,건조,맑음,단일로 - 지하차도(도로)내,화물,남,62세,사망,승합,남,67세,중상
2021100500100228,2021년 10월 5일 12시,화요일,충청북도 청주시 청원구 오창읍,중상사고,0,1,0,0,차대차 - 기타,중앙선침범,건조,맑음,기타 - 기타,기타불명,기타불명,미분류,기타불명,이륜,남,67세,중상
2021100500100272,2021년 10월 5일 13시,화요일,충청북도 청주시 흥덕구 오송읍,경상사고,0,0,3,0,차대차 - 추돌,안전거리미확보,건조,맑음,교차로 - 교차로부근,건설기계,남,50세,상해없음,승용,여,53세,경상
2021100500100311,2021년 10월 5일 14시,화요일,충청북도 청주시 서원구 사직동,경상사고,0,0,4,0,차대차 - 측면충돌,안전거리미확보,건조,맑음,단일로 - 기타,승용,남,64세,경상,승용,여,61세,경상
2021100500100352,2021년 10월 5일 15시,화요일,충청북도 청주시 서원구 남이면,경상사고,0,0,1,0,차대차 - 측면충돌,안전운전불이행,건조,맑음,교차로 - 교차로부근,승용,여,58세,상해없음,승용,여,57세,경상
2021100500100353,2021년 10월 5일 15시,화요일,충청북도 청주시 상당구 석교동,경상사고,0,0,1,0,차대차 - 측면충돌,안전운전불이행,건조,맑음,단일로 - 터널,화물,남,62세,상해없음,승용,여,56세,경상
2021100500100392,2021년 10월 5일 16시,화요일,충청북도 청주시 흥덕구 복대동,경상사고,0,0,1,0,차대차 - 측면충돌,교차로운행방법위반,건조,맑음,교차로 - 교차로부근,승용,여,37세,상해없음,개인형이동수단(PM),남,20세,경상
2021100500100440,2021년 10월 5일 17시,화요일,충청북도 청주시 청원구 내수읍,경상사고,0,0,1,0,차대차 - 기타,안전운전불이행,건조,맑음,단일로 - 기타,승용,남,75세,기타불명,승용,여,65세,경상
2021100500100441,2021년 10월 5일 17시,화요일,충청북도 청주시 청원구 율량동,경상사고,0,0,1,0,차대사람 - 횡단중,안전운전불이행,건조,맑음,단일로 - 기타,승용,여,39세,상해없음,보행자,남,30세,경상
2021100500100442,2021년 10월 5일 17시,화요일,충청북도 제천시 덕산면,중상사고,0,1,0,0,차대사람 - 횡단중,기타,건조,맑음,교차로 - 교차로안,화물,남,59세,상해없음,보행자,남,79세,중상
2021100500100443,2021년 10월 5일 17시,화요일,충청북도 제천시 강제동,중상사고,0,1,0,0,차대차 - 측면충돌,교차로운행방법위반,건조,맑음,교차로 - 교차로안,이륜,남,82세,중상,승용,남,23세,상해없음
2021100500100444,2021년 10월 5일 17시,화요일,충청북도 청주시 서원구 성화동,경상사고,0,0,1,0,차대사람 - 횡단중,신호위반,건조,맑음,교차로 - 교차로안,승용,여,42세,상해없음,보행자,남,8세,경상
2021100500100491,2021년 10월 5일 18시,화요일,충청북도 청주시 흥덕구 가경동,중상사고,0,1,1,0,차대차 - 측면충돌,안전운전불이행,건조,맑음,교차로 - 교차로안,승용,여,34세,상해없음,승합,남,55세,중상
2021100500100550,2021년 10월 5일 19시,화요일,충청북도 청주시 흥덕구 강서동,경상사고,0,0,2,0,차대차 - 추돌,안전운전불이행,건조,맑음,교차로 - 교차로부근,화물,남,46세,상해없음,승용,남,21세,경상
2021100500100627,2021년 10월 5일 22시,화요일,충청북도 청주시 서원구 사창동,경상사고,0,0,1,0,차대사람 - 기타,안전운전불이행,건조,맑음,단일로 - 기타,승용,남,20세,상해없음,보행자,남,26세,경상
2021100500100628,2021년 10월 5일 22시,화요일,충청북도 청주시 상당구 금천동,중상사고,0,1,2,0,차대차 - 측면충돌,신호위반,건조,맑음,교차로 - 교차로안,승용,남,47세,경상,승용,여,67세,중상
2021100600100036,2021년 10월 6일 06시,수요일,충청북도 청주시 상당구 남일면,중상사고,0,1,0,0,차대차 - 측면충돌,신호위반,건조,맑음,교차로 - 교차로안,화물,남,61세,상해없음,농기계,남,80세,중상
2021100600100093,2021년 10월 6일 08시,수요일,충청북도 증평군 증평읍,경상사고,0,0,4,0,차대차 - 정면충돌,안전운전불이행,건조,맑음,교차로 - 교차로안,화물,남,78세,경상,승용,여,38세,경상
2021100600100154,2021년 10월 6일 10시,수요일,충청북도 충주시 대소원면,경상사고,0,0,1,0,차대차 - 정면충돌,신호위반,건조,흐림,교차로 - 교차로안,승용,남,42세,상해없음,승용,남,27세,경상
2021100600100155,2021년 10월 6일 10시,수요일,충청북도 보은군 보은읍,경상사고,0,0,2,0,차대차 - 측면충돌,안전운전불이행,건조,맑음,교차로 - 교차로안,화물,남,71세,상해없음,승용,남,70세,경상
2021100600100156,2021년 10월 6일 10시,수요일,충청북도 청주시 서원구 남이면,경상사고,0,0,1,0,차대차 - 측면충돌,안전운전불이행,건조,맑음,단일로 - 기타,승용,여,61세,상해없음,승용,여,40세,경상
2021100600100189,2021년 10월 6일 11시,수요일,충청북도 청주시 청원구 오창읍,중상사고,0,1,0,0,차대차 - 기타,안전운전불이행,건조,맑음,기타 - 기타,화물,남,52세,상해없음,이륜,남,57세,중상
2021100600100190,2021년 10월 6일 11시,수요일,충청북도 청주시 흥덕구 오송읍,중상사고,0,2,0,0,차대차 - 측면충돌,교차로운행방법위반,건조,맑음,교차로 - 교차로안,승용,남,52세,중상,승용,남,52세,중상
2021100600100256,2021년 10월 6일 13시,수요일,충청북도 청주시 흥덕구 봉명동,중상사고,0,1,0,0,차대차 - 측면충돌,안전운전불이행,건조,맑음,교차로 - 교차로안,승용,여,38세,상해없음,승용,남,69세,중상
2021100600100324,2021년 10월 6일 15시,수요일,충청북도 청주시 흥덕구 가경동,경상사고,0,0,1,0,차대사람 - 횡단중,보행자보호의무위반,건조,맑음,교차로 - 교차로안,화물,남,41세,상해없음,보행자,여,31세,경상
2021100600100367,2021년 10월 6일 16시,수요일,충청북도 진천군 덕산읍,중상사고,0,1,0,0,차대차 - 추돌,안전운전불이행,건조,맑음,교차로 - 교차로부근,기타불명,기타불명,미분류,기타불명,원동기,남,73세,중상
2021100600100368,2021년 10월 6일 16시,수요일,충청북도 청주시 흥덕구 봉명동,중상사고,0,1,0,0,차대차 - 측면충돌,안전운전불이행,건조,맑음,기타 - 기타,승용,여,52세,상해없음,자전거,남,65세,중상
2021100600100369,2021년 10월 6일 16시,수요일,충청북도 충주시 대소원면,중상사고,0,1,3,0,차대차 - 추돌,안전거리미확보,건조,맑음,단일로 - 지하차도(도로)내,승용,남,25세,경상,승용,여,29세,상해없음
2021100600100409,2021년 10월 6일 17시,수요일,충청북도 청주시 청원구 오창읍,경상사고,0,0,1,0,차대사람 - 차도통행중,안전운전불이행,건조,맑음,단일로 - 기타,화물,남,65세,상해없음,보행자,여,10세,경상
2021100600100410,2021년 10월 6일 17시,수요일,충청북도 음성군 음성읍,경상사고,0,0,1,0,차대사람 - 차도통행중,안전운전불이행,건조,맑음,교차로 - 교차로안,승용,남,63세,상해없음,보행자,남,16세,경상
2021100600100456,2021년 10월 6일 18시,수요일,충청북도 청주시 흥덕구 휴암동,경상사고,0,0,1,0,차대사람 - 기타,안전운전불이행,건조,맑음,단일로 - 기타,화물,남,63세,상해없음,보행자,남,51세,경상
2021100600100457,2021년 10월 6일 18시,수요일,충청북도 청주시 서원구 장암동,경상사고,0,0,2,0,차대차 - 측면충돌,중앙선침범,건조,맑음,단일로 - 기타,승용,남,43세,경상,승용,여,44세,경상
2021100600100498,2021년 10월 6일 19시,수요일,충청북도 충주시 대소원면,경상사고,0,0,1,0,차대차 - 추돌,안전운전불이행,건조,맑음,단일로 - 교량,이륜,남,22세,상해없음,승용,남,34세,경상
2021100600100499,2021년 10월 6일 19시,수요일,충청북도 청주시 서원구 산남동,경상사고,0,0,1,0,차량단독 - 공작물충돌,기타,건조,맑음,단일로 - 지하차도(도로)내,이륜,남,60세,경상,,,,