사고번호,사고일시,요일,시군구,사고내용,사망자수,중상자수,경상자수,부상신고자수,사고유형,법규위반,노면상태,기상상태,도로형태,가해운전자 차종,가해운전자 성별,가해운전자 연령,가해운전자 상해정도,피해운전자 차종,피해운전자 성별,피해운전자 연령,피해운전자 상해정도
2021101100100064,2021년 10월 11일 08시,월요일,충청북도 제천시 금성면,경상사고,0,0,1,0,차대차 - 측면충돌,중앙선침범,젖음/습기,비,단일로 - 기타,승용,남,64세,상해없음,승용,여,38세,경상
2021101100100129,2021년 10월 11일 11시,월요일,충청북도 청주시 흥덕구 복대동,경상사고,0,0,2,0,차대차 - 추돌,안전운전불이행,건조,맑음,교차로 - 교차로부근,승용,남,33세,상해없음,승용,남,66세,경상
2021101100100130,2021년 10월 11일 11시,월요일,충청북도 청주시 상당구 낭성면,경상사고,0,0,1,0,차대차 - 측면충돌,안전운전불이행,건조,맑음,교차로 - 교차로부근,승용,여,31세,상해없음,이륜,남,72세,경상
2021101100100164,2021년 10월 11일 12시,월요일,충청북도 청주시 청원구 내수읍,경상사고,0,0,4,0,차대차 - 기타,신호위반,건조,맑음,교차로 - 교차로안,승용,여,50세,상해없음,승용,여,51세,경상
2021101100100165,2021년 10월 11일 12시,월요일,충청북도 청주시 상당구 용정동,경상사고,0,0,1,0,차대차 - 측면충돌,신호위반,건조,맑음,기타 - 기타,이륜,남,34세,상해없음,자전거,여,46세,경상
2021101100100197,2021년 10월 11일 13시,월요일,충청북도 충주시 연수동,경상사고,0,0,1,0,차대차 - 추돌,안전거리미확보,건조,맑음,단일로 - 기타,승용,남,63세,상해없음,승용,남,47세,경상
2021101100100198,2021년 10월 11일 13시,월요일,충청북도 청주시 흥덕구 복대동,중상사고,0,1,0,0,차대차 - 측면충돌,신호위반,건조,맑음,교차로 - 교차로안,화물,남,54세,상해없음,이륜,남,25세,중상
2021101100100337,2021년 10월 11일 17시,월요일,충청북도 청주시 청원구 주중동,경상사고,0,0,6,0,차대차 - 추돌,안전운전불이행,건조,맑음,교차로 - 교차로부근,승합,남,64세,상해없음,승용,남,69세,경상
2021101100100338,2021년 10월 11일 17시,월요일,충청북도 청주시 서원구 사창동,경상사고,0,0,3,0,차대차 - 측면충돌,안전운전불이행,건조,맑음,단일로 - 기타,이륜,남,27세,경상,승용,남,70세,경상
2021101100100339,2021년 10월 11일 17시,월요일,충청북도 제천시 화산동,중상사고,0,1,0,0,차대사람 - 횡단중,안전운전불이행,건조,맑음,교차로 - 교차로안,승용,여,25세,상해없음,보행자,여,64세,중상
2021101100100374,2021년 10월 11일 18시,월요일,충청북도 충주시 교현동,중상사고,0,1,0,0,차대사람 - 보도통행중,안전운전불이행,건조,맑음,교차로 - 교차로횡단보도내,승용,남,55세,상해없음,보행자,여,58세,중상
2021101100100375,2021년 10월 11일 18시,월요일,충청북도 청주시 흥덕구 복대동,경상사고,0,0,1,0,차대사람 - 보도통행중,안전운전불이행,건조,맑음,교차로 - 교차로부근,승용,남,59세,상해없음,보행자,여,25세,경상
2021101100100376,2021년 10월 11일 18시,월요일,충청북도 청주시 상당구 금천동,경상사고,0,0,1,0,차대차 - 측면충돌,안전운전불이행,건조,맑음,교차로 - 교차로안,화물,남,71세,상해없음,승용,남,28세,경상
2021101100100422,2021년 10월 11일 19시,월요일,충청북도 음성군 대소면,중상사고,0,1,0,0,차대차 - 추돌,안전운전불이행,건조,맑음,미분류 - 미분류,승용,남,54세,중상,특수,남,61세,상해없음
2021101100100468,2021년 10월 11일 20시,월요일,충청북도 청주시 흥덕구 오송읍,중상사고,0,1,0,0,차량단독 - 기타,안전운전불이행,건조,맑음,단일로 - 기타,이륜,남,38세,중상,,,,
2021101100100518,2021년 10월 11일 22시,월요일,충청북도 충주시 연수동,중상사고,0,1,0,0,차대사람 - 기타,안전운전불이행,건조,맑음,단일로 - 기타,화물,남,72세,상해없음,보행자,여,47세,중상
2021101100100519,2021년 10월 11일 22시,월요일,충청북도 음성군 대소면,중상사고,0,1,0,0,차대차 - 추돌,안전운전불이행,건조,맑음,미분류 - 미분류,승용,남,40세,상해없음,승용,여,50세,중상
2021101100100543,2021년 10월 11일 23시,월요일,충청북도 청주시 흥덕구 봉명동,경상사고,0,0,1,0,차대차 - 측면충돌,신호위반,건조,맑음,교차로 - 교차로안,이륜,남,25세,경상,승용,여,39세,상해없음
2021101200100024,2021년 10월 12일 05시,화요일,충청북도 청주시 상당구 영운동,중상사고,0,1,1,0,차대차 - 측면충돌,신호위반,건조,맑음,교차로 - 교차로안,승용,남,54세,상해없음,승용,남,51세,경상
2021101200100090,2021년 10월 12일 08시,화요일,충청북도 청주시 서원구 사직동,경상사고,0,0,2,0,차대차 - 기타,교차로운행방법위반,건조,맑음,교차로 - 교차로안,승합,남,61세,상해없음,승용,여,41세,경상
2021101200100091,2021년 10월 12일 08시,화요일,충청북도 청주시 상당구 방서동,경상사고,0,0,3,0,차대차 - 측면충돌,안전운전불이행,건조,맑음,단일로 - 기타,화물,남,47세,경상,화물,남,62세,경상
2021101200100227,2021년 10월 12일 12시,화요일,충청북도 청주시 청원구 오창읍,경상사고,0,0,1,0,차대차 - 추돌,안전운전불이행,건조,맑음,단일로 - 기타,이륜,남,31세,경상,승용,남,62세,기타불명
2021101200100249,2021년 10월 12일 13시,화요일,충청북도 진천군 이월면,경상사고,0,0,4,0,차대차 - 기타,기타,건조,맑음,단일로 - 고가도로위,승용,여,36세,경상,화물,남,60세,상해없음
2021101200100250,2021년 10월 12일 13시,화요일,충청북도 청주시 흥덕구 송절동,경상사고,0,0,1,0,차대차 - 측면충돌,안전운전불이행,건조,맑음,교차로 - 교차로부근,승용,여,40세,상해없음,승합,남,51세,경상
2021101200100251,2021년 10월 12일 13시,화요일,충청북도 청주시 상당구 영운동,경상사고,0,0,1,0,차대차 - 측면충돌,교차로운행방법위반,건조,맑음,교차로 - 교차로안,승합,남,48세,기타불명,화물,남,58세,경상
2021101200100276,2021년 10월 12일 14시,화요일,충청북도 제천시 송학면,경상사고,0,0,1,0,차대차 - 측면충돌,중앙선침범,젖음/습기,비,단일로 - 기타,화물,남,67세,상해없음,화물,남,31세,경상
2021101200100277,2021년 10월 12일 14시,화요일,충청북도 보은군 보은읍,중상사고,0,1,1,0,차대차 - 측면충돌,불법유턴,건조,맑음,교차로 - 교차로안,화물,남,47세,상해없음,화물,남,63세,경상
2021101200100305,2021년 10월 12일 15시,화요일,충청북도 음성군 금왕읍,중상사고,0,1,0,0,차대차 - 측면충돌,안전거리미확보,건조,맑음,교차로 - 교차로부근,승용,남,58세,상해없음,이륜,남,24세,중상
2021101200100306,2021년 10월 12일 15시,화요일,충청북도 청주시 상당구 미원면,중상사고,0,2,0,0,차대차 - 추돌,안전운전불이행,건조,맑음,단일로 - 기타,승용,남,77세,상해없음,승용,남,56세,상해없음
2021101200100378,2021년 10월 12일 17시,화요일,충청북도 청주시 서원구 산남동,경상사고,0,0,3,0,차대차 - 측면충돌,안전운전불이행,건조,맑음,단일로 - 기타,승용,남,57세,상해없음,승용,기타불명,미분류,기타불명
2021101200100424,2021년 10월 12일 18시,화요일,충청북도 옥천군 옥천읍,경상사고,0,0,1,0,차대차 - 추돌,안전운전불이행,건조,흐림,단일로 - 기타,승용,여,69세,기타불명,승용,남,42세,경상
2021101200100476,2021년 10월 12일 19시,화요일,충청북도 청주시 서원구 수곡동,중상사고,0,1,0,0,차대차 - 기타,안전운전불이행,젖음/습기,비,단일로 - 기타,승용,남,45세,상해없음,이륜,남,37세,중상
2021101200100508,2021년 10월 12일 20시,화요일,충청북도 제천시 하소동,중상사고,0,1,0,0,차대사람 - 횡단중,안전운전불이행,건조,흐림,교차로 - 교차로안,승용,남,26세,상해없음,보행자,남,58세,중상
2021101200100509,2021년 10월 12일 20시,화요일,충청북도 청주시 서원구 분평동,중상사고,0,1,0,0,차대차 - 추돌,안전운전불이행,건조,맑음,교차로 - 교차로부근,승용,남,50세,상해없음,승용,남,46세,중상
2021101200100562,2021년 10월 12일 22시,화요일,충청북도 청주시 흥덕구 강서동,경상사고,0,0,2,0,차대차 - 추돌,안전운전불이행,젖음/습기,흐림,교차로 - 교차로부근,승용,남,41세,상해없음,승용,남,26세,경상
2021101300100003,2021년 10월 13일 00시,수요일,충청북도 제천시 신월동,사망사고,1,0,0,0,차량단독 - 공작물충돌,안전운전불이행,젖음/습기,맑음,단일로 - 기타,승용,여,57세,사망,,,,
2021101300100051,2021년 10월 13일 07시,수요일,충청북도 진천군 광혜원면,경상사고,0,0,1,0,차대차 - 측면충돌,교차로운행방법위반,건조,맑음,교차로 - 교차로안,승용,남,30세,기타불명,승용,여,59세,경상
2021101300100052,2021년 10월 13일 07시,수요일,충청북도 청주시 서원구 남이면,경상사고,0,0,1,0,차대차 - 측면충돌,안전거리미확보,건조,맑음,교차로 - 교차로안,승합,남,61세,상해없음,승용,남,30세,경상
2021101300100077,2021년 10월 13일 08시,수요일,충청북도 충주시 호암동,중상사고,0,1,1,0,차대차 - 기타,중앙선침범,건조,맑음,교차로 - 교차로부근,이륜,여,59세,중상,승용,여,69세,경상
2021101300100078,2021년 10월 13일 08시,수요일,충청북도 충주시 중앙탑면,경상사고,0,0,2,0,차대차 - 기타,안전거리미확보,건조,맑음,교차로 - 교차로부근,승용,남,60세,상해없음,승용,남,51세,상해없음
2021101300100119,2021년 10월 13일 09시,수요일,충청북도 청주시 청원구 오창읍,경상사고,0,0,1,0,차대차 - 기타,안전운전불이행,건조,맑음,교차로 - 교차로안,화물,남,41세,상해없음,승용,남,31세,경상
2021101300100191,2021년 10월 13일 11시,수요일,충청북도 음성군 생극면,경상사고,0,0,3,0,차대차 - 측면충돌,교차로운행방법위반,건조,맑음,교차로 - 교차로안,승용,남,27세,경상,승용,남,50세,경상
2021101300100192,2021년 10월 13일 11시,수요일,충청북도 진천군 진천읍,경상사고,0,0,1,0,차대사람 - 기타,안전운전불이행,건조,맑음,교차로 - 교차로안,승용,남,48세,상해없음,보행자,여,60세,경상
2021101300100247,2021년 10월 13일 13시,수요일,충청북도 충주시 동량면,중상사고,0,2,1,0,차대차 - 정면충돌,중앙선침범,건조,맑음,교차로 - 교차로부근,승용,여,57세,상해없음,승용,여,59세,경상
2021101300100248,2021년 10월 13일 13시,수요일,충청북도 제천시 중앙로1가,경상사고,0,0,1,0,차대사람 - 기타,안전운전불이행,건조,맑음,단일로 - 지하차도(도로)내,화물,남,72세,상해없음,보행자,남,64세,경상
2021101300100249,2021년 10월 13일 13시,수요일,충청북도 제천시 청풍면,중상사고,0,1,0,0,차대사람 - 차도통행중,안전운전불이행,건조,맑음,기타 - 기타,승용,여,47세,상해없음,보행자,남,88세,중상
2021101300100250,2021년 10월 13일 13시,수요일,충청북도 진천군 광혜원면,경상사고,0,0,1,0,차대차 - 측면충돌,교차로운행방법위반,건조,맑음,교차로 - 교차로안,승용,여,42세,상해없음,승용,남,47세,경상
2021101300100251,2021년 10월 13일 13시,수요일,충청북도 청주시 흥덕구 복대동,경상사고,0,0,1,0,차대사람 - 기타,안전운전불이행,건조,맑음,단일로 - 기타,승용,남,35세,상해없음,보행자,남,53세,경상
2021101300100283,2021년 10월 13일 14시,수요일,충청북도 청주시 서원구 사직동,경상사고,0,0,1,0,차대차 - 기타,안전거리미확보,젖음/습기,맑음,단일로 - 기타,승용,남,71세,상해없음,이륜,남,21세,경상
2021101300100371,2021년 10월 13일 16시,수요일,충청북도 청주시 청원구 내수읍,경상사고,0,0,1,0,차대차 - 기타,교차로운행방법위반,건조,맑음,교차로 - 교차로안,승용,여,43세,상해없음,이륜,남,81세,경상
2021101300100372,2021년 10월 13일 16시,수요일,충청북도 진천군 덕산읍,중상사고,0,1,0,0,차대차 - 측면충돌,안전운전불이행,건조,맑음,단일로 - 기타,승용,남,31세,상해없음,승용,남,38세,중상
2021101300100411,2021년 10월 13일 17시,수요일,충청북도 진천군 문백면,경상사고,0,0,1,0,차대차 - 추돌,안전거리미확보,건조,맑음,단일로 - 교량,승용,남,50세,상해없음,승용,남,28세,경상
2021101300100458,2021년 10월 13일 18시,수요일,충청북도 청주시 청원구 오창읍,중상사고,0,1,4,0,차대차 - 측면충돌,안전거리미확보,건조,맑음,교차로 - 교차로부근,화물,남,52세,상해없음,이륜,남,47세,중상
2021101300100459,2021년 10월 13일 18시,수요일,충청북도 청주시 서원구 사창동,경상사고,0,0,1,0,차대사람 - 기타,중앙선침범,건조,맑음,교차로 - 교차로횡단보도내,승용,남,62세,상해없음,보행자,여,27세,경상
2021101300100460,2021년 10월 13일 18시,수요일,충청북도 청주시 상당구 영동,경상사고,0,0,1,0,차대차 - 기타,안전운전불이행,건조,맑음,단일로 - 기타,승용,남,22세,상해없음,승용,남,61세,경상
2021101300100461,2021년 10월 13일 18시,수요일,충청북도 충주시 호암동,경상사고,0,0,1,0,차대차 - 측면충돌,중앙선침범,건조,맑음,교차로 - 교차로안,개인형이동수단(PM),남,23세,경상,승용,남,63세,상해없음
2021101300100462,2021년 10월 13일 18시,수요일,충청북도 괴산군 감물면,중상사고,0,1,0,0,차량단독 - 공작물충돌,안전운전불이행,건조,맑음,단일로 - 기타,승용,여,51세,중상,,,,
2021101300100518,2021년 10월 13일 19시,수요일,충청북도 청주시 흥덕구 원평동,경상사고,0,0,1,0,차대차 - 측면충돌,안전운전불이행,건조,맑음,단일로 - 기타,승용,여,34세,상해없음,승합,남,50세,경상
2021101300100546,2021년 10월 13일 20시,수요일,충청북도 청주시 청원구 율량동,경상사고,0,0,1,0,차대차 - 추돌,안전운전불이행,건조,맑음,기타 - 기타,화물,남,54세,상해없음,승용,남,29세,경상
2021101300100578,2021년 10월 13일 21시,수요일,충청북도 청주시 서원구 성화동,경상사고,0,0,2,0,차대차 - 측면충돌,차로위반,건조,맑음,교차로 - 교차로부근,승합,남,66세,상해없음,승용,남,52세,경상
2021101300100604,2021년 10월 13일 22시,수요일,충청북도 청주시 흥덕구 복대동,경상사고,0,0,1,0,차대사람 - 기타,안전운전불이행,건조,맑음,교차로 - 교차로안,승용,남,65세,상해없음,보행자,남,33세,경상
2021101400100053,2021년 10월 14일 06시,목요일,충청북도 음성군 감곡면,사망사고,1,0,0,0,차대사람 - 길가장자리구역통행중,안전운전불이행,건조,맑음,미분류 - 미분류,화물,남,58세,상해없음,보행자,남,78세,사망
2021101400100054,2021년 10월 14일 06시,목요일,충청북도 진천군 진천읍,경상사고,0,0,1,0,차대차 - 측면충돌,신호위반,건조,맑음,단일로 - 교량,화물,남,27세,상해없음,특수,남,48세,경상
2021101400100068,2021년 10월 14일 07시,목요일,충청북도 충주시 달천동,경상사고,0,0,1,0,차대차 - 추돌,안전운전불이행,건조,맑음,단일로 - 기타,승용,남,26세,상해없음,승용,남,65세,경상
2021101400100069,2021년 10월 14일 07시,목요일,충청북도 진천군 덕산읍,사망사고,1,0,0,0,차대차 - 측면충돌,차로위반,건조,맑음,단일로 - 기타,원동기,남,51세,사망,승용,여,38세,상해없음
2021101400100109,2021년 10월 14일 08시,목요일,충청북도 제천시 강제동,경상사고,0,0,1,0,차대차 - 측면충돌,안전운전불이행,건조,맑음,교차로 - 교차로부근,화물,남,61세,상해없음,승용,여,19세,경상
2021101400100110,2021년 10월 14일 08시,목요일,충청북도 청주시 서원구 죽림동,경상사고,0,0,1,0,차대사람 - 횡단중,안전운전불이행,건조,맑음,교차로 - 교차로횡단보도내,승용,여,50세,상해없음,보행자,남,11세,경상
2021101400100153,2021년 10월 14일 09시,목요일,충청북도 진천군 이월면,사망사고,1,0,1,0,차대차 - 정면충돌,신호위반,건조,맑음,단일로 - 기타,화물,남,31세,사망,화물,남,47세,경상
2021101400100188,2021년 10월 14일 10시,목요일,충청북도 충주시 금릉동,경상사고,0,0,1,0,차대차 - 후진중충돌,불법유턴,건조,맑음,단일로 - 기타,화물,여,51세,상해없음,승용,남,44세,상해없음
2021101400100222,2021년 10월 14일 11시,목요일,충청북도 진천군 이월면,중상사고,0,1,0,0,차대차 - 정면충돌,중앙선침범,건조,맑음,기타 - 기타,승용,남,49세,상해없음,이륜,남,67세,중상
2021101400100256,2021년 10월 14일 12시,목요일,충청북도 제천시 중앙로2가,경상사고,0,0,1,0,차대차 - 측면충돌,안전거리미확보,건조,맑음,단일로 - 기타,승용,여,62세,상해없음,승용,여,65세,경상
2021101400100292,2021년 10월 14일 13시,목요일,충청북도 청주시 청원구 오창읍,경상사고,0,0,1,0,차대차 - 기타,중앙선침범,건조,맑음,기타 - 기타,화물,남,30세,상해없음,승용,남,56세,경상
2021101400100293,2021년 10월 14일 13시,목요일,충청북도 충주시 교현동,중상사고,0,1,0,0,차대차 - 측면충돌,안전운전불이행,건조,맑음,단일로 - 기타,승용,여,48세,상해없음,자전거,남,70세,중상
2021101400100329,2021년 10월 14일 14시,목요일,충청북도 진천군 초평면,경상사고,0,0,1,0,차대차 - 추돌,안전운전불이행,건조,맑음,단일로 - 기타,화물,남,44세,경상,화물,남,45세,상해없음
2021101400100330,2021년 10월 14일 14시,목요일,충청북도 청주시 상당구 방서동,경상사고,0,0,1,0,차대차 - 측면충돌,중앙선침범,건조,맑음,단일로 - 기타,승용,여,36세,경상,이륜,남,18세,상해없음
2021101400100374,2021년 10월 14일 15시,목요일,충청북도 제천시 하소동,경상사고,0,0,2,0,차대차 - 측면충돌,안전운전불이행,건조,맑음,단일로 - 기타,승용,여,51세,경상,승용,남,77세,경상
2021101400100440,2021년 10월 14일 17시,목요일,충청북도 영동군 황간면,중상사고,0,1,0,0,차대차 - 추돌,안전운전불이행,건조,맑음,기타 - 기타,승용,남,58세,상해없음,농기계,남,71세,중상
2021101400100495,2021년 10월 14일 18시,목요일,충청북도 충주시 호암동,중상사고,0,1,0,0,차대차 - 정면충돌,안전운전불이행,건조,맑음,기타 - 기타,승용,남,30세,상해없음,이륜,남,30세,중상
2021101400100496,2021년 10월 14일 18시,목요일,충청북도 충주시 호암동,경상사고,0,0,4,0,차대차 - 기타,안전운전불이행,건조,맑음,교차로 - 교차로안,승용,남,28세,경상,승용,남,54세,경상
2021101400100497,2021년 10월 14일 18시,목요일,충청북도 청주시 상당구 문화동,경상사고,0,0,1,0,차대차 - 정면충돌,중앙선침범,건조,맑음,교차로 - 교차로부근,승용,남,20세,상해없음,승용,남,55세,경상
2021101400100543,2021년 10월 14일 19시,목요일,충청북도 충주시 용관동,경상사고,0,0,4,0,차대차 - 측면충돌,안전운전불이행,건조,흐림,단일로 - 기타,화물,남,61세,상해없음,승용,남,47세,경상
2021101400100585,2021년 10월 14일 20시,목요일,충청북도 청주시 흥덕구 신봉동,중상사고,0,3,0,0,차대차 - 측면충돌,안전운전불이행,건조,맑음,교차로 - 교차로안,승용,여,60세,중상,승용,여,30세,중상
2021101400100625,2021년 10월 14일 22시,목요일,충청북도 청주시 흥덕구 가경동,중상사고,0,1,9,0,차대차 - 측면충돌,안전운전불이행,건조,맑음,교차로 - 교차로안,승용,남,58세,상해없음,승합,남,22세,경상
2021101400100626,2021년 10월 14일 22시,목요일,충청북도 진천군 진천읍,경상사고,0,0,1,0,차대차 - 후진중충돌,중앙선침범,건조,맑음,단일로 - 기타,승용,남,51세,상해없음,승용,남,25세,경상
2021101400100646,2021년 10월 14일 23시,목요일,충청북도 음성군 금왕읍,경상사고,0,0,1,0,차대차 - 추돌,안전운전불이행,건조,흐림,교차로 - 교차로부근,화물,남,32세,상해없음,승용,남,40세,상해없음
2021101500100004,2021년 10월 15일 00시,금요일,충청북도 청주시 상당구 낭성면,경상사고,0,0,1,0,차량단독 - 공작물충돌,안전운전불이행,건조,맑음,단일로 - 지하차도(도로)내,화물,남,36세,경상,,,,
2021101500100032,2021년 10월 15일 06시,금요일,충청북도 청주시 흥덕구 서촌동,경상사고,0,0,1,0,차대차 - 측면충돌,안전운전불이행,건조,맑음,교차로 - 교차로부근,화물,남,44세,상해없음,자전거,여,65세,경상
2021101500100045,2021년 10월 15일 07시,금요일,충청북도 음성군 금왕읍,중상사고,0,2,0,0,차대차 - 측면충돌,중앙선침범,건조,흐림,미분류 - 미분류,승용,남,54세,상해없음,승용,남,53세,중상
2021101500100046,2021년 10월 15일 07시,금요일,충청북도 옥천군 청산면,중상사고,0,1,0,0,차대차 - 측면충돌,안전운전불이행,건조,흐림,단일로 - 기타,이륜,남,69세,중상,화물,남,43세,상해없음
2021101500100047,2021년 10월 15일 07시,금요일,충청북도 청주시 흥덕구 신촌동,중상사고,0,1,0,0,차대차 - 측면충돌,신호위반,건조,맑음,교차로 - 교차로안,승용,남,54세,상해없음,화물,남,56세,상해없음
2021101500100085,2021년 10월 15일 08시,금요일,충청북도 충주시 칠금동,중상사고,0,1,0,0,차대차 - 측면충돌,안전거리미확보,건조,흐림,단일로 - 기타,건설기계,남,42세,상해없음,승용,남,80세,중상
2021101500100086,2021년 10월 15일 08시,금요일,충청북도 청주시 흥덕구 오송읍,경상사고,0,0,1,0,차대사람 - 기타,안전운전불이행,건조,맑음,단일로 - 기타,승용,여,42세,상해없음,보행자,남,59세,경상
2021101500100129,2021년 10월 15일 09시,금요일,충청북도 청주시 상당구 서운동,경상사고,0,0,1,0,차대차 - 측면충돌,안전운전불이행,건조,맑음,단일로 - 지하차도(도로)내,승용,여,40세,상해없음,승용,여,46세,경상
2021101500100214,2021년 10월 15일 11시,금요일,충청북도 청주시 흥덕구 정봉동,경상사고,0,0,2,0,차대차 - 추돌,안전거리미확보,건조,맑음,교차로 - 교차로부근,승용,여,31세,상해없음,승용,남,66세,경상
2021101500100251,2021년 10월 15일 12시,금요일,충청북도 청주시 상당구 미원면,경상사고,0,0,5,0,차대차 - 측면충돌,안전운전불이행,건조,맑음,교차로 - 교차로부근,승용,남,78세,상해없음,승용,남,64세,경상
2021101500100252,2021년 10월 15일 12시,금요일,충청북도 청주시 상당구 석교동,경상사고,0,0,1,0,차대차 - 측면충돌,안전운전불이행,건조,흐림,교차로 - 교차로부근,승용,여,52세,경상,승용,남,34세,상해없음
2021101500100275,2021년 10월 15일 13시,금요일,충청북도 청주시 흥덕구 봉명동,경상사고,0,0,1,0,차대차 - 추돌,안전운전불이행,건조,맑음,단일로 - 기타,화물,남,67세,상해없음,승용,남,54세,경상
2021101500100310,2021년 10월 15일 14시,금요일,충청북도 충주시 문화동,경상사고,0,0,3,0,차대차 - 기타,직진우회전진행방해,건조,맑음,교차로 - 교차로안,화물,남,42세,상해없음,승용,여,51세,경상
2021101500100311,2021년 10월 15일 14시,금요일,충청북도 진천군 초평면,경상사고,0,0,2,0,차대차 - 측면충돌,안전운전불이행,건조,맑음,교차로 - 교차로부근,승용,남,55세,상해없음,승용,남,60세,경상
2021101500100341,2021년 10월 15일 15시,금요일,충청북도 옥천군 청산면,경상사고,0,0,1,0,차대차 - 측면충돌,안전운전불이행,건조,흐림,교차로 - 교차로안,승용,남,64세,상해없음,승용,여,41세,경상
2021101500100373,2021년 10월 15일 16시,금요일,충청북도 청주시 청원구 오창읍,경상사고,0,0,1,0,차대차 - 기타,직진우회전진행방해,젖음/습기,비,교차로 - 교차로안,이륜,남,35세,경상,승용,남,29세,상해없음
2021101500100374,2021년 10월 15일 16시,금요일,충청북도 충주시 칠금동,경상사고,0,0,1,0,차대차 - 기타,안전운전불이행,건조,맑음,교차로 - 교차로부근,자전거,남,78세,경상,화물,남,55세,상해없음
2021101500100375,2021년 10월 15일 16시,금요일,충청북도 청주시 흥덕구 복대동,경상사고,0,0,2,0,차대차 - 추돌,안전운전불이행,건조,맑음,교차로 - 교차로부근,화물,남,53세,상해없음,승용,여,45세,경상
2021101500100376,2021년 10월 15일 16시,금요일,충청북도 청주시 서원구 수곡동,경상사고,0,0,1,0,차대차 - 측면충돌,안전운전불이행,젖음/습기,흐림,단일로 - 기타,승합,남,74세,상해없음,승용,남,59세,경상
2021101500100414,2021년 10월 15일 17시,금요일,충청북도 영동군 영동읍,경상사고,0,0,1,0,차대사람 - 횡단중,보행자보호의무위반,젖음/습기,비,교차로 - 교차로부근,승용,남,77세,상해없음,보행자,여,22세,경상
2021101500100415,2021년 10월 15일 17시,금요일,충청북도 청주시 흥덕구 옥산면,경상사고,0,0,1,0,차대차 - 기타,안전운전불이행,젖음/습기,비,교차로 - 교차로부근,승용,남,26세,상해없음,승용,남,35세,경상
2021101500100464,2021년 10월 15일 18시,금요일,충청북도 청주시 청원구 사천동,경상사고,0,0,1,0,차대차 - 측면충돌,안전운전불이행,젖음/습기,비,단일로 - 기타,이륜,남,32세,경상,승용,남,49세,상해없음
2021101500100465,2021년 10월 15일 18시,금요일,충청북도 청주시 청원구 율량동,중상사고,0,1,0,0,차대차 - 측면충돌,신호위반,젖음/습기,비,교차로 - 교차로안,화물,남,50세,상해없음,승용,남,63세,중상
2021101500100528,2021년 10월 15일 19시,금요일,충청북도 청주시 흥덕구 복대동,경상사고,0,0,1,0,차대차 - 추돌,안전운전불이행,젖음/습기,비,교차로 - 교차로부근,승용,남,34세,상해없음,승용,남,38세,경상
2021101500100571,2021년 10월 15일 20시,금요일,충청북도 충주시 교현동,경상사고,0,0,1,0,차대사람 - 기타,안전운전불이행,젖음/습기,흐림,기타 - 기타,이륜,남,39세,상해없음,보행자,남,1세,경상
2021101500100607,2021년 10월 15일 21시,금요일,충청북도 제천시 강제동,경상사고,0,0,1,0,차량단독 - 도로외이탈 - 기타,안전운전불이행,젖음/습기,비,교차로 - 교차로부근,승용,남,35세,경상,,,,
2021101500100635,2021년 10월 15일 22시,금요일,충청북도 청주시 청원구 주성동,경상사고,0,0,2,0,차대차 - 측면충돌,직진우회전진행방해,젖음/습기,비,교차로 - 교차로안,승용,남,45세,상해없음,승용,남,59세,경상
2021101500100672,2021년 10월 15일 23시,금요일,충청북도 청주시 흥덕구 송절동,경상사고,0,0,2,0,차대차 - 정면충돌,신호위반,젖음/습기,흐림,교차로 - 교차로안,승용,남,39세,상해없음,승용,남,61세,경상
2021101600100007,2021년 10월 16일 00시,토요일,충청북도 청주시 흥덕구 복대동,경상사고,0,0,2,0,차대차 - 추돌,안전운전불이행,젖음/습기,비,단일로 - 기타,승용,남,63세,상해없음,승용,남,73세,경상
2021101600100008,2021년 10월 16일 00시,토요일,충청북도 청주시 흥덕구 향정동,경상사고,0,0,2,0,차대차 - 추돌,안전운전불이행,젖음/습기,비,교차로 - 교차로부근,승용,남,56세,상해없음,승용,여,40세,경상
2021101600100009,2021년 10월 16일 00시,토요일,충청북도 청주시 흥덕구 비하동,중상사고,0,1,1,0,차대차 - 측면충돌,신호위반,젖음/습기,비,교차로 - 교차로안,승용,남,43세,상해없음,승용,남,60세,중상
2021101600100025,2021년 10월 16일 01시,토요일,충청북도 청주시 청원구 우암동,경상사고,0,0,2,0,차대차 - 측면충돌,신호위반,젖음/습기,비,교차로 - 교차로안,승용,남,56세,상해없음,승용,남,47세,경상
2021101600100164,2021년 10월 16일 11시,토요일,충청북도 청주시 흥덕구 오송읍,중상사고,0,1,0,0,차대차 - 측면충돌,신호위반,건조,맑음,교차로 - 교차로안,승용,남,83세,상해없음,이륜,남,46세,중상
2021101600100165,2021년 10월 16일 11시,토요일,충청북도 청주시 서원구 분평동,중상사고,0,1,0,0,차대사람 - 보도통행중,보행자보호의무위반,건조,맑음,단일로 - 기타,승용,남,65세,상해없음,보행자,여,12세,중상
2021101600100194,2021년 10월 16일 12시,토요일,충청북도 충주시 교현동,경상사고,0,0,1,0,차대차 - 측면충돌,안전운전불이행,건조,흐림,교차로 - 교차로안,이륜,남,46세,상해없음,자전거,남,72세,경상