사고번호,사고일시,요일,시군구,사고내용,사망자수,중상자수,경상자수,부상신고자수,사고유형,법규위반,노면상태,기상상태,도로형태,가해운전자 차종,가해운전자 성별,가해운전자 연령,가해운전자 상해정도,피해운전자 차종,피해운전자 성별,피해운전자 연령,피해운전자 상해정도
2021101600100195,2021년 10월 16일 12시,토요일,충청북도 청주시 상당구 문화동,경상사고,0,0,1,0,차대차 - 측면충돌,신호위반,건조,맑음,교차로 - 교차로안,승용,남,63세,상해없음,승용,남,37세,경상
2021101600100276,2021년 10월 16일 14시,토요일,충청북도 청주시 서원구 사창동,경상사고,0,0,1,0,차대차 - 기타,안전거리미확보,건조,맑음,단일로 - 기타,승용,여,23세,상해없음,승합,남,34세,상해없음
2021101600100277,2021년 10월 16일 14시,토요일,충청북도 진천군 진천읍,경상사고,0,0,1,0,차대차 - 측면충돌,안전운전불이행,건조,맑음,단일로 - 기타,자전거,남,81세,경상,승용,남,63세,상해없음
2021101600100278,2021년 10월 16일 14시,토요일,충청북도 청주시 서원구 성화동,중상사고,0,1,0,0,차대차 - 측면충돌,신호위반,건조,맑음,교차로 - 교차로안,승용,여,44세,상해없음,승용,남,58세,중상
2021101600100307,2021년 10월 16일 15시,토요일,충청북도 청주시 상당구 남일면,경상사고,0,0,2,0,차대차 - 측면충돌,신호위반,건조,맑음,교차로 - 교차로안,승용,남,24세,상해없음,승용,남,57세,경상
2021101600100336,2021년 10월 16일 16시,토요일,충청북도 청주시 흥덕구 비하동,경상사고,0,0,1,0,차대차 - 기타,교차로운행방법위반,건조,맑음,교차로 - 교차로안,승용,남,68세,상해없음,이륜,남,42세,경상
2021101600100359,2021년 10월 16일 17시,토요일,충청북도 충주시 교현동,중상사고,0,1,0,0,차대차 - 측면충돌,신호위반,건조,맑음,교차로 - 교차로안,이륜,남,32세,중상,승용,남,60세,상해없음
2021101600100360,2021년 10월 16일 17시,토요일,충청북도 단양군 단양읍,경상사고,0,0,1,0,차대차 - 측면충돌,교차로운행방법위반,건조,맑음,교차로 - 교차로안,승용,여,49세,경상,승합,남,60세,상해없음
2021101600100361,2021년 10월 16일 17시,토요일,충청북도 청주시 상당구 금천동,경상사고,0,0,1,0,차대차 - 측면충돌,안전운전불이행,건조,맑음,교차로 - 교차로안,승용,여,50세,상해없음,승용,남,25세,경상
2021101600100394,2021년 10월 16일 18시,토요일,충청북도 괴산군 청천면,경상사고,0,0,3,0,차대차 - 측면충돌,안전운전불이행,건조,기타,단일로 - 기타,승용,남,63세,경상,승용,남,62세,경상
2021101600100395,2021년 10월 16일 18시,토요일,충청북도 음성군 대소면,중상사고,0,1,0,0,차대사람 - 길가장자리구역통행중,안전운전불이행,건조,맑음,단일로 - 지하차도(도로)내,화물,남,52세,상해없음,보행자,남,49세,중상
2021101600100396,2021년 10월 16일 18시,토요일,충청북도 옥천군 옥천읍,경상사고,0,0,2,0,차대차 - 측면충돌,안전운전불이행,건조,맑음,교차로 - 교차로안,화물,남,61세,기타불명,승용,남,45세,경상
2021101600100457,2021년 10월 16일 20시,토요일,충청북도 청주시 흥덕구 오송읍,중상사고,0,1,0,0,차대차 - 측면충돌,안전운전불이행,건조,맑음,단일로 - 기타,승용,여,48세,상해없음,이륜,남,34세,중상
2021101600100475,2021년 10월 16일 21시,토요일,충청북도 청주시 청원구 오창읍,경상사고,0,0,1,0,차대차 - 기타,안전거리미확보,건조,맑음,단일로 - 기타,승용,남,34세,경상,승용,남,47세,상해없음
2021101600100476,2021년 10월 16일 21시,토요일,충청북도 청주시 흥덕구 가경동,중상사고,0,3,0,0,차대차 - 측면충돌,신호위반,건조,맑음,교차로 - 교차로안,이륜,남,19세,중상,승용,남,45세,중상
2021101600100477,2021년 10월 16일 21시,토요일,충청북도 청주시 서원구 모충동,경상사고,0,0,1,0,차량단독 - 기타,교차로운행방법위반,건조,맑음,교차로 - 교차로안,승용,남,59세,상해없음,,,,
2021101600100504,2021년 10월 16일 22시,토요일,충청북도 청주시 흥덕구 복대동,경상사고,0,0,1,0,차대차 - 추돌,안전운전불이행,건조,맑음,교차로 - 교차로안,승용,남,42세,상해없음,승용,남,32세,경상
2021101600100538,2021년 10월 16일 23시,토요일,충청북도 청주시 서원구 미평동,경상사고,0,0,1,0,차대차 - 추돌,안전운전불이행,건조,맑음,단일로 - 지하차도(도로)내,승용,남,47세,상해없음,승용,남,28세,경상
2021101700100010,2021년 10월 17일 00시,일요일,충청북도 청주시 흥덕구 복대동,경상사고,0,0,1,0,차대차 - 추돌,안전운전불이행,건조,맑음,교차로 - 교차로부근,승용,남,28세,상해없음,승용,남,33세,경상
2021101700100019,2021년 10월 17일 01시,일요일,충청북도 청주시 상당구 영운동,경상사고,0,0,2,0,차대차 - 후진중충돌,안전운전불이행,건조,맑음,단일로 - 기타,승용,남,44세,상해없음,승용,남,63세,경상
2021101700100067,2021년 10월 17일 09시,일요일,충청북도 청주시 서원구 성화동,경상사고,0,0,1,0,차대차 - 측면충돌,신호위반,건조,맑음,교차로 - 교차로안,승용,여,62세,상해없음,승용,남,28세,경상
2021101700100085,2021년 10월 17일 10시,일요일,충청북도 청주시 서원구 사직동,중상사고,0,1,2,0,차대차 - 기타,기타,건조,맑음,교차로 - 교차로안,이륜,남,49세,중상,승용,여,44세,경상
2021101700100107,2021년 10월 17일 11시,일요일,충청북도 제천시 왕암동,경상사고,0,0,2,0,차대차 - 측면충돌,안전거리미확보,건조,맑음,교차로 - 교차로부근,승용,여,68세,상해없음,승용,여,28세,경상
2021101700100108,2021년 10월 17일 11시,일요일,충청북도 청주시 상당구 문의면,부상신고사고,0,0,0,1,차대차 - 기타,안전운전불이행,건조,맑음,단일로 - 기타,승용,남,42세,상해없음,자전거,남,81세,부상신고
2021101700100109,2021년 10월 17일 11시,일요일,충청북도 청주시 상당구 운동동,경상사고,0,0,3,0,차대차 - 측면충돌,차로위반,건조,맑음,단일로 - 기타,승용,여,44세,상해없음,승용,여,37세,경상
2021101700100134,2021년 10월 17일 12시,일요일,충청북도 영동군 황간면,사망사고,1,0,0,0,차대차 - 정면충돌,중앙선침범,건조,맑음,단일로 - 기타,승용,남,73세,상해없음,이륜,남,52세,사망
2021101700100215,2021년 10월 17일 15시,일요일,충청북도 청주시 청원구 주중동,경상사고,0,0,2,0,차대차 - 기타,차로위반,건조,맑음,교차로 - 교차로부근,승용,여,47세,상해없음,승용,남,24세,경상
2021101700100216,2021년 10월 17일 15시,일요일,충청북도 보은군 보은읍,중상사고,0,1,3,0,차대차 - 추돌,안전거리미확보,건조,맑음,단일로 - 기타,화물,남,58세,상해없음,승합,여,51세,중상
2021101700100243,2021년 10월 17일 16시,일요일,충청북도 충주시 연수동,중상사고,0,1,0,0,차대차 - 기타,안전운전불이행,건조,맑음,교차로 - 교차로부근,승용,남,33세,상해없음,이륜,여,73세,중상
2021101700100244,2021년 10월 17일 16시,일요일,충청북도 충주시 봉방동,경상사고,0,0,1,0,차대차 - 추돌,안전운전불이행,건조,맑음,교차로 - 교차로안,승용,남,52세,상해없음,승용,여,22세,경상
2021101700100245,2021년 10월 17일 16시,일요일,충청북도 보은군 회인면,중상사고,0,1,2,0,차대차 - 추돌,안전운전불이행,건조,맑음,단일로 - 기타,승용,남,56세,상해없음,승용,남,42세,중상
2021101700100279,2021년 10월 17일 17시,일요일,충청북도 괴산군 감물면,사망사고,1,1,0,0,차대차 - 추돌,안전운전불이행,건조,맑음,단일로 - 기타,승용,남,58세,상해없음,자전거,남,64세,사망
2021101700100321,2021년 10월 17일 18시,일요일,충청북도 보은군 삼승면,경상사고,0,0,1,0,차대사람 - 횡단중,안전운전불이행,건조,맑음,기타 - 기타,승용,남,62세,상해없음,보행자,여,87세,경상
2021101700100322,2021년 10월 17일 18시,일요일,충청북도 청주시 상당구 용정동,경상사고,0,0,1,0,차대차 - 측면충돌,안전운전불이행,건조,맑음,교차로 - 교차로안,승용,여,32세,상해없음,이륜,남,51세,경상
2021101700100356,2021년 10월 17일 19시,일요일,충청북도 청주시 흥덕구 오송읍,경상사고,0,0,1,0,차대차 - 측면충돌,직진우회전진행방해,건조,맑음,교차로 - 교차로안,승용,여,39세,상해없음,승용,남,48세,경상
2021101700100388,2021년 10월 17일 20시,일요일,충청북도 청주시 청원구 내덕동,경상사고,0,0,1,0,차대차 - 기타,교차로운행방법위반,건조,맑음,교차로 - 교차로안,승용,남,49세,상해없음,이륜,남,27세,경상
2021101700100389,2021년 10월 17일 20시,일요일,충청북도 충주시 연수동,경상사고,0,0,1,0,차대차 - 측면충돌,신호위반,건조,맑음,교차로 - 교차로안,승용,여,30세,상해없음,화물,남,47세,경상
2021101700100390,2021년 10월 17일 20시,일요일,충청북도 충주시 칠금동,경상사고,0,0,2,0,차대차 - 측면충돌,안전운전불이행,건조,맑음,교차로 - 교차로안,승용,남,82세,상해없음,승용,남,42세,경상
2021101700100419,2021년 10월 17일 21시,일요일,충청북도 충주시 대소원면,경상사고,0,0,2,0,차대차 - 추돌,안전운전불이행,건조,맑음,교차로 - 교차로부근,승용,남,25세,상해없음,승용,남,51세,경상
2021101700100420,2021년 10월 17일 21시,일요일,충청북도 음성군 금왕읍,중상사고,0,1,0,0,차대차 - 측면충돌,안전운전불이행,건조,맑음,단일로 - 기타,승용,남,43세,상해없음,승용,여,53세,중상
2021101700100432,2021년 10월 17일 22시,일요일,충청북도 청주시 흥덕구 강서동,경상사고,0,0,4,1,차대차 - 측면충돌,안전운전불이행,건조,맑음,교차로 - 교차로안,승용,남,21세,경상,승용,남,30세,경상
2021101800100037,2021년 10월 18일 06시,월요일,충청북도 청주시 청원구 오창읍,경상사고,0,0,1,0,차대차 - 추돌,안전거리미확보,건조,맑음,단일로 - 기타,승용,남,23세,상해없음,승용,남,34세,경상
2021101800100063,2021년 10월 18일 07시,월요일,충청북도 진천군 덕산읍,경상사고,0,0,1,0,차대차 - 정면충돌,안전운전불이행,건조,맑음,교차로 - 교차로안,승용,남,25세,상해없음,승용,남,30세,경상
2021101800100064,2021년 10월 18일 07시,월요일,충청북도 청주시 상당구 산성동,경상사고,0,0,1,0,차대차 - 기타,차로위반,건조,맑음,단일로 - 지하차도(도로)내,승합,남,68세,상해없음,승용,남,24세,경상
2021101800100111,2021년 10월 18일 08시,월요일,충청북도 청주시 상당구 금천동,중상사고,0,1,0,0,차대사람 - 기타,안전운전불이행,건조,맑음,단일로 - 지하차도(도로)내,승합,남,55세,상해없음,보행자,여,57세,중상
2021101800100230,2021년 10월 18일 11시,월요일,충청북도 음성군 감곡면,사망사고,1,0,1,0,차대차 - 추돌,안전운전불이행,건조,맑음,단일로 - 기타,화물,남,56세,경상,화물,남,45세,사망
2021101800100231,2021년 10월 18일 11시,월요일,충청북도 단양군 매포읍,중상사고,0,1,0,0,차대차 - 추돌,안전거리미확보,건조,맑음,기타 - 기타,건설기계,남,61세,상해없음,승용,남,47세,중상
2021101800100271,2021년 10월 18일 12시,월요일,충청북도 제천시 하소동,중상사고,0,3,1,0,차대차 - 측면충돌,직진우회전진행방해,건조,맑음,교차로 - 교차로안,승용,남,63세,상해없음,승용,여,65세,중상
2021101800100339,2021년 10월 18일 14시,월요일,충청북도 충주시 교현동,경상사고,0,0,1,0,차대차 - 측면충돌,교차로운행방법위반,건조,맑음,교차로 - 교차로안,승용,남,29세,상해없음,자전거,남,12세,경상
2021101800100340,2021년 10월 18일 14시,월요일,충청북도 충주시 문화동,경상사고,0,0,1,0,차대차 - 측면충돌,신호위반,건조,맑음,교차로 - 교차로안,화물,남,65세,상해없음,승용,여,53세,경상
2021101800100380,2021년 10월 18일 15시,월요일,충청북도 청주시 흥덕구 비하동,부상신고사고,0,0,0,1,차대차 - 정면충돌,안전운전불이행,건조,맑음,단일로 - 기타,화물,남,45세,상해없음,승용,남,59세,부상신고
2021101800100455,2021년 10월 18일 17시,월요일,충청북도 제천시 고암동,중상사고,0,1,0,0,차대사람 - 횡단중,안전운전불이행,건조,맑음,교차로 - 교차로안,화물,남,72세,상해없음,보행자,남,84세,중상
2021101800100518,2021년 10월 18일 18시,월요일,충청북도 제천시 봉양읍,경상사고,0,0,1,0,차대차 - 기타,안전운전불이행,건조,흐림,기타 - 기타,승용,남,73세,경상,승용,남,32세,상해없음
2021101800100519,2021년 10월 18일 18시,월요일,충청북도 괴산군 청천면,경상사고,0,0,3,0,차대차 - 측면충돌,안전운전불이행,건조,맑음,단일로 - 기타,화물,남,63세,상해없음,승용,여,56세,경상
2021101800100520,2021년 10월 18일 18시,월요일,충청북도 청주시 흥덕구 가경동,경상사고,0,0,1,0,차량단독 - 기타,안전운전불이행,건조,맑음,단일로 - 기타,승합,남,58세,상해없음,,,,
2021101800100574,2021년 10월 18일 19시,월요일,충청북도 청주시 흥덕구 원평동,중상사고,0,2,3,0,차대차 - 추돌,안전운전불이행,건조,맑음,단일로 - 기타,화물,남,66세,상해없음,승용,여,37세,중상
2021101800100611,2021년 10월 18일 20시,월요일,충청북도 충주시 성내동,경상사고,0,0,1,0,차대사람 - 횡단중,보행자보호의무위반,건조,흐림,단일로 - 기타,승용,여,69세,상해없음,보행자,남,41세,경상
2021101800100612,2021년 10월 18일 20시,월요일,충청북도 음성군 금왕읍,경상사고,0,0,1,0,차대차 - 정면충돌,교차로운행방법위반,건조,맑음,교차로 - 교차로안,승용,남,34세,상해없음,승용,여,55세,경상
2021101900100020,2021년 10월 19일 02시,화요일,충청북도 제천시 장락동,중상사고,0,1,1,0,차량단독 - 전도전복 - 전도,안전운전불이행,건조,맑음,기타 - 기타,이륜,남,24세,경상,,,,
2021101900100021,2021년 10월 19일 02시,화요일,충청북도 청주시 흥덕구 가경동,경상사고,0,0,1,0,차대사람 - 기타,안전운전불이행,건조,맑음,기타 - 기타,승합,남,54세,상해없음,보행자,여,9세,경상
2021101900100023,2021년 10월 19일 03시,화요일,충청북도 청주시 흥덕구 강서동,경상사고,0,0,1,0,차대차 - 측면충돌,안전운전불이행,건조,맑음,교차로 - 교차로부근,화물,남,55세,상해없음,승용,남,25세,경상
2021101900100054,2021년 10월 19일 07시,화요일,충청북도 음성군 금왕읍,중상사고,0,1,0,0,차대차 - 측면충돌,안전운전불이행,건조,맑음,교차로 - 교차로안,승용,남,32세,상해없음,승용,여,53세,중상
2021101900100075,2021년 10월 19일 08시,화요일,충청북도 청주시 흥덕구 송정동,경상사고,0,0,1,0,차대차 - 측면충돌,교차로운행방법위반,건조,맑음,교차로 - 교차로안,승용,남,68세,상해없음,승용,여,70세,경상
2021101900100108,2021년 10월 19일 09시,화요일,충청북도 영동군 용산면,중상사고,0,1,1,0,차대차 - 측면충돌,기타,건조,맑음,교차로 - 교차로안,승용,여,44세,경상,화물,남,69세,중상
2021101900100136,2021년 10월 19일 10시,화요일,충청북도 청주시 상당구 영운동,중상사고,0,1,0,0,차대차 - 측면충돌,안전운전불이행,건조,맑음,교차로 - 교차로안,특수,남,67세,상해없음,이륜,남,52세,중상
2021101900100217,2021년 10월 19일 13시,화요일,충청북도 충주시 대소원면,경상사고,0,0,1,0,차대차 - 추돌,안전운전불이행,젖음/습기,비,단일로 - 기타,승용,남,22세,상해없음,승용,여,52세,경상
2021101900100218,2021년 10월 19일 13시,화요일,충청북도 충주시 문화동,경상사고,0,0,1,0,차대차 - 측면충돌,직진우회전진행방해,건조,맑음,교차로 - 교차로부근,승용,남,57세,기타불명,자전거,남,82세,경상
2021101900100219,2021년 10월 19일 13시,화요일,충청북도 제천시 신백동,중상사고,0,1,0,0,차대차 - 기타,신호위반,건조,맑음,교차로 - 교차로안,승용,여,50세,상해없음,승용,여,52세,중상
2021101900100220,2021년 10월 19일 13시,화요일,충청북도 청주시 상당구 남일면,경상사고,0,0,2,0,차대차 - 측면충돌,교차로운행방법위반,건조,맑음,교차로 - 교차로안,승용,남,58세,기타불명,승용,여,41세,경상
2021101900100254,2021년 10월 19일 14시,화요일,충청북도 청주시 서원구 현도면,경상사고,0,0,1,0,차대차 - 측면충돌,안전거리미확보,건조,흐림,단일로 - 기타,건설기계,남,57세,상해없음,승용,여,36세,경상
2021101900100275,2021년 10월 19일 15시,화요일,충청북도 충주시 칠금동,경상사고,0,0,1,0,차대차 - 정면충돌,불법유턴,건조,맑음,교차로 - 교차로부근,승합,여,51세,상해없음,개인형이동수단(PM),남,71세,상해없음
2021101900100276,2021년 10월 19일 15시,화요일,충청북도 충주시 소태면,중상사고,0,1,5,0,차대차 - 정면충돌,안전운전불이행,건조,맑음,교차로 - 교차로부근,승용,남,48세,상해없음,승용,남,44세,경상
2021101900100277,2021년 10월 19일 15시,화요일,충청북도 단양군 대강면,중상사고,0,1,1,0,차대차 - 측면충돌,중앙선침범,건조,맑음,단일로 - 기타,화물,남,73세,경상,승용,여,58세,중상
2021101900100408,2021년 10월 19일 18시,화요일,충청북도 제천시 봉양읍,경상사고,0,0,1,0,차대차 - 측면충돌,안전운전불이행,건조,맑음,교차로 - 교차로부근,승용,남,86세,경상,농기계,남,39세,기타불명
2021101900100409,2021년 10월 19일 18시,화요일,충청북도 진천군 광혜원면,경상사고,0,0,1,0,차대차 - 측면충돌,중앙선침범,건조,맑음,교차로 - 교차로부근,승용,남,24세,기타불명,승용,남,29세,경상
2021101900100410,2021년 10월 19일 18시,화요일,충청북도 청주시 흥덕구 석곡동,중상사고,0,1,4,0,차대차 - 추돌,안전운전불이행,건조,맑음,단일로 - 기타,승용,여,54세,경상,승용,남,58세,중상
2021101900100482,2021년 10월 19일 19시,화요일,충청북도 음성군 맹동면,중상사고,0,3,1,0,차대차 - 정면충돌,안전운전불이행,건조,맑음,교차로 - 교차로부근,승용,남,42세,경상,승용,남,58세,중상
2021101900100483,2021년 10월 19일 19시,화요일,충청북도 옥천군 옥천읍,경상사고,0,0,1,0,차대차 - 기타,안전운전불이행,건조,맑음,단일로 - 기타,승용,남,57세,기타불명,승용,여,25세,경상
2021101900100484,2021년 10월 19일 19시,화요일,충청북도 청주시 흥덕구 봉명동,경상사고,0,0,1,0,차대차 - 후진중충돌,불법유턴,건조,맑음,단일로 - 기타,승용,여,38세,상해없음,이륜,남,39세,경상
2021101900100485,2021년 10월 19일 19시,화요일,충청북도 청주시 흥덕구 봉명동,경상사고,0,0,2,0,차대차 - 측면충돌,신호위반,건조,맑음,교차로 - 교차로안,이륜,남,36세,경상,승용,여,63세,경상
2021101900100569,2021년 10월 19일 22시,화요일,충청북도 청주시 흥덕구 복대동,중상사고,0,2,0,0,차대차 - 측면충돌,안전운전불이행,건조,맑음,단일로 - 기타,승용,남,32세,상해없음,화물,남,28세,중상
2021102000100029,2021년 10월 20일 06시,수요일,충청북도 진천군 광혜원면,사망사고,1,0,0,0,차대사람 - 횡단중,안전운전불이행,건조,맑음,교차로 - 교차로안,승용,남,69세,상해없음,보행자,여,78세,사망
2021102000100042,2021년 10월 20일 07시,수요일,충청북도 청주시 흥덕구 봉명동,경상사고,0,0,2,0,차대차 - 측면충돌,차로위반,건조,맑음,단일로 - 기타,승용,여,27세,경상,승용,여,45세,경상
2021102000100139,2021년 10월 20일 10시,수요일,충청북도 음성군 소이면,중상사고,0,1,1,0,차량단독 - 공작물충돌,안전운전불이행,건조,맑음,단일로 - 기타,승용,여,52세,경상,,,,
2021102000100140,2021년 10월 20일 10시,수요일,충청북도 청주시 서원구 분평동,중상사고,0,1,0,0,차대차 - 측면충돌,안전운전불이행,건조,맑음,교차로 - 교차로안,승용,남,30세,상해없음,자전거,남,53세,중상
2021102000100173,2021년 10월 20일 11시,수요일,충청북도 충주시 중앙탑면,중상사고,0,1,0,0,차대차 - 정면충돌,중앙선침범,건조,맑음,단일로 - 기타,건설기계,남,66세,상해없음,건설기계,남,58세,중상
2021102000100204,2021년 10월 20일 12시,수요일,충청북도 청주시 청원구 율량동,경상사고,0,0,1,0,차대차 - 추돌,안전운전불이행,건조,맑음,교차로 - 교차로부근,승용,여,30세,상해없음,승용,남,56세,경상
2021102000100205,2021년 10월 20일 12시,수요일,충청북도 충주시 교현동,중상사고,0,1,0,0,차대사람 - 차도통행중,안전운전불이행,건조,맑음,단일로 - 기타,승용,남,72세,상해없음,보행자,여,15세,중상
2021102000100206,2021년 10월 20일 12시,수요일,충청북도 청주시 흥덕구 봉명동,경상사고,0,0,2,0,차대차 - 측면충돌,안전운전불이행,건조,맑음,단일로 - 기타,승용,여,26세,상해없음,이륜,남,62세,경상
2021102000100207,2021년 10월 20일 12시,수요일,충청북도 청주시 흥덕구 봉명동,중상사고,0,1,0,0,차대차 - 측면충돌,안전운전불이행,건조,맑음,단일로 - 기타,승용,남,32세,상해없음,자전거,남,67세,중상
2021102000100250,2021년 10월 20일 13시,수요일,충청북도 청주시 상당구 석교동,경상사고,0,0,1,0,차대차 - 측면충돌,안전운전불이행,건조,맑음,교차로 - 교차로안,승용,여,53세,상해없음,자전거,남,78세,경상
2021102000100286,2021년 10월 20일 14시,수요일,충청북도 청주시 흥덕구 복대동,경상사고,0,0,1,0,차대차 - 추돌,안전운전불이행,건조,맑음,교차로 - 교차로안,승용,여,52세,상해없음,개인형이동수단(PM),여,23세,경상
2021102000100323,2021년 10월 20일 15시,수요일,충청북도 청주시 흥덕구 옥산면,경상사고,0,0,1,0,차대차 - 추돌,안전운전불이행,건조,맑음,교차로 - 교차로부근,화물,남,64세,기타불명,승용,남,32세,경상
2021102000100368,2021년 10월 20일 16시,수요일,충청북도 청주시 청원구 오창읍,중상사고,0,1,0,0,차대차 - 기타,교차로운행방법위반,건조,맑음,교차로 - 교차로안,승용,남,40세,상해없음,이륜,남,82세,중상
2021102000100369,2021년 10월 20일 16시,수요일,충청북도 충주시 교현동,경상사고,0,0,1,0,차대사람 - 횡단중,안전운전불이행,건조,맑음,단일로 - 기타,이륜,남,50세,상해없음,보행자,남,68세,경상
2021102000100370,2021년 10월 20일 16시,수요일,충청북도 제천시 천남동,중상사고,0,1,1,0,차대차 - 측면충돌,안전운전불이행,건조,맑음,주차장 - 주차장,승합,남,62세,경상,승용,남,53세,중상
2021102000100371,2021년 10월 20일 16시,수요일,충청북도 청주시 흥덕구 복대동,경상사고,0,0,1,0,차대차 - 측면충돌,안전운전불이행,건조,맑음,교차로 - 교차로안,승합,남,29세,상해없음,이륜,남,28세,경상
2021102000100412,2021년 10월 20일 17시,수요일,충청북도 음성군 맹동면,경상사고,0,0,2,0,차대차 - 추돌,안전거리미확보,건조,맑음,교차로 - 교차로부근,승용,여,69세,기타불명,승용,남,57세,경상
2021102000100413,2021년 10월 20일 17시,수요일,충청북도 진천군 이월면,경상사고,0,0,1,0,차대차 - 추돌,안전거리미확보,건조,맑음,단일로 - 기타,승용,남,22세,기타불명,화물,남,61세,경상
2021102000100538,2021년 10월 20일 19시,수요일,충청북도 제천시 청전동,중상사고,0,1,0,0,차대차 - 정면충돌,신호위반,건조,맑음,교차로 - 교차로안,승용,남,24세,상해없음,승용,남,67세,중상
2021102000100539,2021년 10월 20일 19시,수요일,충청북도 증평군 증평읍,사망사고,1,0,0,0,차대사람 - 횡단중,기타,건조,맑음,단일로 - 기타,승용,여,58세,상해없음,보행자,남,67세,사망
2021102000100591,2021년 10월 20일 21시,수요일,충청북도 진천군 덕산읍,경상사고,0,0,1,0,차대차 - 측면충돌,신호위반,건조,맑음,교차로 - 교차로안,이륜,남,22세,경상,승합,남,54세,상해없음
2021102000100620,2021년 10월 20일 22시,수요일,충청북도 청주시 서원구 개신동,경상사고,0,0,1,0,차대차 - 기타,안전운전불이행,건조,맑음,단일로 - 기타,승용,여,25세,상해없음,승용,남,26세,경상
2021102000100640,2021년 10월 20일 23시,수요일,충청북도 청주시 청원구 율량동,중상사고,0,1,0,0,차대차 - 기타,교차로운행방법위반,건조,맑음,교차로 - 교차로안,승용,남,34세,상해없음,개인형이동수단(PM),남,46세,중상
2021102000100641,2021년 10월 20일 23시,수요일,충청북도 청주시 흥덕구 오송읍,경상사고,0,0,2,0,차대차 - 추돌,안전운전불이행,건조,맑음,교차로 - 교차로부근,승용,남,29세,상해없음,승용,여,32세,경상
2021102000100642,2021년 10월 20일 23시,수요일,충청북도 청주시 서원구 분평동,경상사고,0,0,1,0,차대차 - 측면충돌,안전운전불이행,건조,맑음,기타 - 기타,승용,남,55세,상해없음,승용,남,57세,경상
2021102100100004,2021년 10월 21일 00시,목요일,충청북도 충주시 대소원면,경상사고,0,0,1,0,차대차 - 기타,안전거리미확보,건조,맑음,교차로 - 교차로부근,건설기계,남,63세,상해없음,화물,남,44세,상해없음
2021102100100029,2021년 10월 21일 03시,목요일,충청북도 청주시 흥덕구 비하동,경상사고,0,0,1,0,차대차 - 추돌,안전운전불이행,건조,맑음,교차로 - 교차로부근,승용,남,24세,상해없음,승용,남,24세,경상
2021102100100044,2021년 10월 21일 06시,목요일,충청북도 음성군 음성읍,중상사고,0,1,0,0,차량단독 - 공작물충돌,안전운전불이행,건조,맑음,교차로 - 교차로안,승용,남,44세,중상,,,,
2021102100100045,2021년 10월 21일 06시,목요일,충청북도 청주시 상당구 지북동,사망사고,1,0,0,0,차량단독 - 공작물충돌,안전운전불이행,건조,맑음,교차로 - 교차로부근,이륜,남,49세,사망,,,,
2021102100100114,2021년 10월 21일 09시,목요일,충청북도 청주시 청원구 율량동,경상사고,0,0,2,0,차대차 - 측면충돌,직진우회전진행방해,건조,맑음,교차로 - 교차로안,승용,남,52세,상해없음,승용,여,34세,경상
2021102100100115,2021년 10월 21일 09시,목요일,충청북도 충주시 단월동,경상사고,0,0,2,0,차대차 - 측면충돌,직진우회전진행방해,건조,맑음,교차로 - 교차로안,화물,남,62세,상해없음,승용,남,23세,경상
2021102100100116,2021년 10월 21일 09시,목요일,충청북도 청주시 상당구 서문동,중상사고,0,1,0,0,차대사람 - 기타,교차로운행방법위반,건조,맑음,교차로 - 교차로부근,자전거,여,58세,중상,보행자,남,74세,상해없음
2021102100100117,2021년 10월 21일 09시,목요일,충청북도 청주시 상당구 문화동,경상사고,0,0,1,0,차대차 - 기타,안전거리미확보,건조,맑음,교차로 - 교차로부근,승용,남,63세,상해없음,이륜,남,23세,경상
2021102100100141,2021년 10월 21일 10시,목요일,충청북도 보은군 보은읍,경상사고,0,0,1,0,차대차 - 측면충돌,안전운전불이행,건조,맑음,단일로 - 기타,이륜,여,73세,경상,승용,남,60세,상해없음
2021102100100171,2021년 10월 21일 11시,목요일,충청북도 충주시 호암동,경상사고,0,0,1,0,차대차 - 측면충돌,직진우회전진행방해,건조,맑음,교차로 - 교차로안,승용,남,43세,상해없음,승용,여,49세,경상
2021102100100172,2021년 10월 21일 11시,목요일,충청북도 청주시 흥덕구 휴암동,경상사고,0,0,1,0,차대차 - 측면충돌,안전운전불이행,건조,맑음,기타 - 기타,승용,남,43세,상해없음,승용,남,23세,경상
2021102100100205,2021년 10월 21일 12시,목요일,충청북도 청주시 흥덕구 가경동,경상사고,0,0,2,0,차대차 - 측면충돌,안전운전불이행,건조,맑음,교차로 - 교차로부근,승용,남,59세,상해없음,승용,남,35세,경상
2021102100100238,2021년 10월 21일 13시,목요일,충청북도 단양군 단양읍,경상사고,0,0,2,0,차대차 - 추돌,안전운전불이행,건조,맑음,교차로 - 교차로안,승용,여,47세,경상,승용,여,34세,경상
2021102100100280,2021년 10월 21일 14시,목요일,충청북도 괴산군 괴산읍,중상사고,0,1,0,0,차대차 - 측면충돌,신호위반,건조,맑음,교차로 - 교차로안,건설기계,남,58세,상해없음,농기계,남,73세,중상