사고번호,사고일시,요일,시군구,사고내용,사망자수,중상자수,경상자수,부상신고자수,사고유형,법규위반,노면상태,기상상태,도로형태,가해운전자 차종,가해운전자 성별,가해운전자 연령,가해운전자 상해정도,피해운전자 차종,피해운전자 성별,피해운전자 연령,피해운전자 상해정도
2021102100100319,2021년 10월 21일 15시,목요일,충청북도 단양군 매포읍,중상사고,0,4,1,0,차대차 - 추돌,안전운전불이행,건조,맑음,교차로 - 교차로부근,화물,남,48세,경상,승용,남,67세,중상
2021102100100343,2021년 10월 21일 16시,목요일,충청북도 충주시 칠금동,경상사고,0,0,1,0,차대차 - 측면충돌,안전거리미확보,건조,맑음,단일로 - 기타,기타불명,남,83세,경상,화물,남,36세,상해없음
2021102100100443,2021년 10월 21일 18시,목요일,충청북도 충주시 호암동,경상사고,0,0,1,0,차대차 - 정면충돌,교차로운행방법위반,건조,맑음,교차로 - 교차로부근,승용,여,60세,상해없음,승용,여,42세,경상
2021102100100444,2021년 10월 21일 18시,목요일,충청북도 충주시 대소원면,중상사고,0,2,1,1,차대차 - 기타,안전운전불이행,건조,맑음,단일로 - 기타,승용,남,34세,기타불명,승용,여,68세,중상
2021102100100445,2021년 10월 21일 18시,목요일,충청북도 청주시 상당구 운동동,경상사고,0,0,2,0,차대차 - 측면충돌,안전운전불이행,건조,맑음,교차로 - 교차로부근,이륜,남,16세,경상,승용,여,35세,경상
2021102100100502,2021년 10월 21일 19시,목요일,충청북도 충주시 달천동,경상사고,0,0,3,0,차대차 - 정면충돌,안전운전불이행,건조,맑음,교차로 - 교차로안,승용,남,21세,경상,승용,남,24세,경상
2021102100100503,2021년 10월 21일 19시,목요일,충청북도 청주시 흥덕구 봉명동,중상사고,0,1,1,0,차대차 - 정면충돌,신호위반,건조,맑음,교차로 - 교차로부근,이륜,남,19세,상해없음,승용,남,64세,경상
2021102100100545,2021년 10월 21일 20시,목요일,충청북도 청주시 청원구 율량동,중상사고,0,1,0,0,차량단독 - 기타,기타,건조,맑음,단일로 - 기타,승합,남,50세,상해없음,,,,
2021102100100546,2021년 10월 21일 20시,목요일,충청북도 진천군 광혜원면,경상사고,0,0,1,0,차대차 - 정면충돌,교차로운행방법위반,건조,맑음,교차로 - 교차로안,승용,남,50세,기타불명,승용,남,35세,경상
2021102100100563,2021년 10월 21일 21시,목요일,충청북도 청주시 서원구 사창동,경상사고,0,0,1,0,차대차 - 기타,안전운전불이행,건조,맑음,기타 - 기타,승용,남,22세,상해없음,이륜,남,31세,경상
2021102100100564,2021년 10월 21일 21시,목요일,충청북도 음성군 금왕읍,경상사고,0,0,1,0,차대차 - 측면충돌,안전운전불이행,건조,맑음,교차로 - 교차로안,승합,남,48세,상해없음,이륜,남,44세,경상
2021102100100601,2021년 10월 21일 22시,목요일,충청북도 청주시 청원구 오창읍,경상사고,0,0,1,0,차대차 - 측면충돌,안전운전불이행,건조,맑음,교차로 - 교차로안,승용,여,42세,상해없음,화물,남,53세,경상
2021102200100004,2021년 10월 22일 00시,금요일,충청북도 충주시 중앙탑면,경상사고,0,0,2,0,차대차 - 후진중충돌,중앙선침범,건조,맑음,교차로 - 교차로횡단보도내,승용,여,30세,상해없음,승합,남,45세,경상
2021102200100030,2021년 10월 22일 05시,금요일,충청북도 청주시 상당구 금천동,경상사고,0,0,1,0,차대차 - 측면충돌,안전운전불이행,건조,맑음,교차로 - 교차로안,승용,남,60세,상해없음,승용,남,19세,경상
2021102200100055,2021년 10월 22일 07시,금요일,충청북도 청주시 서원구 수곡동,중상사고,0,1,0,0,차대차 - 정면충돌,안전운전불이행,건조,맑음,교차로 - 교차로안,승용,여,70세,기타불명,이륜,남,68세,중상
2021102200100095,2021년 10월 22일 08시,금요일,충청북도 청주시 청원구 오창읍,경상사고,0,0,1,0,차대차 - 기타,교차로운행방법위반,건조,맑음,기타 - 기타,승용,여,26세,기타불명,승용,여,34세,경상
2021102200100096,2021년 10월 22일 08시,금요일,충청북도 청주시 흥덕구 복대동,경상사고,0,0,1,0,차대차 - 추돌,안전운전불이행,건조,맑음,단일로 - 기타,승용,여,28세,상해없음,승용,여,48세,경상
2021102200100097,2021년 10월 22일 08시,금요일,충청북도 청주시 서원구 모충동,경상사고,0,0,2,0,차대차 - 추돌,안전거리미확보,건조,맑음,교차로 - 교차로부근,승용,여,56세,상해없음,승용,여,49세,경상
2021102200100131,2021년 10월 22일 09시,금요일,충청북도 증평군 증평읍,중상사고,0,1,0,0,차대차 - 측면충돌,중앙선침범,건조,맑음,교차로 - 교차로안,자전거,남,71세,중상,승용,남,54세,상해없음
2021102200100179,2021년 10월 22일 10시,금요일,충청북도 청주시 청원구 오창읍,경상사고,0,0,3,0,차대차 - 기타,안전운전불이행,건조,맑음,단일로 - 기타,승용,남,60세,경상,승용,남,33세,경상
2021102200100252,2021년 10월 22일 12시,금요일,충청북도 청주시 청원구 우암동,경상사고,0,0,3,0,차대차 - 기타,안전운전불이행,건조,맑음,교차로 - 교차로부근,승용,남,69세,상해없음,승용,여,66세,경상
2021102200100253,2021년 10월 22일 12시,금요일,충청북도 음성군 대소면,경상사고,0,0,2,0,차대차 - 추돌,안전운전불이행,건조,맑음,단일로 - 기타,이륜,남,18세,경상,승용,남,41세,경상
2021102200100254,2021년 10월 22일 12시,금요일,충청북도 단양군 단양읍,경상사고,0,0,1,0,차대차 - 측면충돌,안전운전불이행,건조,맑음,기타 - 기타,승용,남,60세,상해없음,이륜,남,23세,경상
2021102200100290,2021년 10월 22일 13시,금요일,충청북도 청주시 흥덕구 가경동,중상사고,0,1,0,0,차대사람 - 횡단중,안전운전불이행,건조,맑음,단일로 - 기타,화물,남,50세,상해없음,보행자,여,66세,중상
2021102200100326,2021년 10월 22일 14시,금요일,충청북도 충주시 교현동,경상사고,0,0,2,1,차대차 - 측면충돌,안전운전불이행,건조,맑음,단일로 - 기타,승용,여,43세,부상신고,승용,남,68세,경상
2021102200100327,2021년 10월 22일 14시,금요일,충청북도 제천시 장락동,경상사고,0,0,1,0,차대사람 - 횡단중,신호위반,건조,맑음,교차로 - 교차로횡단보도내,화물,여,72세,상해없음,보행자,여,28세,경상
2021102200100328,2021년 10월 22일 14시,금요일,충청북도 증평군 증평읍,경상사고,0,0,1,0,차대차 - 추돌,안전운전불이행,건조,맑음,단일로 - 기타,승용,여,62세,상해없음,이륜,남,68세,경상
2021102200100329,2021년 10월 22일 14시,금요일,충청북도 음성군 대소면,중상사고,0,1,0,0,차대차 - 측면충돌,안전운전불이행,건조,맑음,단일로 - 기타,승용,남,49세,상해없음,이륜,남,17세,중상
2021102200100330,2021년 10월 22일 14시,금요일,충청북도 청주시 흥덕구 지동동,경상사고,0,0,3,0,차대차 - 추돌,안전거리미확보,건조,맑음,교차로 - 교차로안,승용,남,54세,상해없음,승용,남,24세,경상
2021102200100370,2021년 10월 22일 15시,금요일,충청북도 제천시 중앙로1가,중상사고,0,1,0,1,차대사람 - 차도통행중,신호위반,건조,맑음,교차로 - 교차로부근,이륜,남,38세,부상신고,보행자,남,47세,중상
2021102200100419,2021년 10월 22일 16시,금요일,충청북도 청주시 청원구 율량동,경상사고,0,0,1,0,차대차 - 기타,차로위반,건조,맑음,교차로 - 교차로부근,승용,남,48세,상해없음,승용,여,35세,경상
2021102200100420,2021년 10월 22일 16시,금요일,충청북도 충주시 칠금동,경상사고,0,0,1,0,차대차 - 측면충돌,기타,건조,맑음,교차로 - 교차로안,승용,남,80세,경상,승용,남,64세,상해없음
2021102200100465,2021년 10월 22일 17시,금요일,충청북도 증평군 증평읍,경상사고,0,0,1,0,차대차 - 측면충돌,신호위반,건조,맑음,교차로 - 교차로안,승용,남,35세,상해없음,승용,여,54세,경상
2021102200100466,2021년 10월 22일 17시,금요일,충청북도 증평군 도안면,경상사고,0,0,1,0,차대차 - 측면충돌,기타,건조,맑음,단일로 - 기타,화물,남,44세,경상,승용,남,30세,상해없음
2021102200100467,2021년 10월 22일 17시,금요일,충청북도 진천군 진천읍,경상사고,0,0,1,0,차대차 - 측면충돌,안전운전불이행,건조,맑음,교차로 - 교차로안,자전거,남,68세,경상,승용,남,55세,상해없음
2021102200100468,2021년 10월 22일 17시,금요일,충청북도 청주시 서원구 모충동,중상사고,0,1,0,0,차대차 - 측면충돌,안전운전불이행,건조,맑음,교차로 - 교차로안,자전거,남,81세,중상,특수,남,32세,상해없음
2021102200100540,2021년 10월 22일 18시,금요일,충청북도 충주시 금가면,경상사고,0,0,1,0,차대차 - 측면충돌,안전거리미확보,건조,흐림,단일로 - 기타,기타불명,기타불명,미분류,기타불명,승용,남,58세,경상
2021102200100541,2021년 10월 22일 18시,금요일,충청북도 진천군 문백면,경상사고,0,0,2,0,차대차 - 측면충돌,중앙선침범,건조,기타,교차로 - 교차로부근,농기계,남,65세,상해없음,승용,남,35세,경상
2021102200100603,2021년 10월 22일 19시,금요일,충청북도 청주시 흥덕구 송정동,경상사고,0,0,1,0,차대차 - 측면충돌,교차로운행방법위반,건조,맑음,교차로 - 교차로안,승용,남,59세,상해없음,승용,여,21세,경상
2021102200100604,2021년 10월 22일 19시,금요일,충청북도 청주시 상당구 금천동,부상신고사고,0,0,0,1,차대차 - 측면충돌,안전운전불이행,건조,맑음,단일로 - 기타,이륜,남,42세,부상신고,승용,남,65세,상해없음
2021102200100669,2021년 10월 22일 21시,금요일,충청북도 청주시 청원구 우암동,경상사고,0,0,1,0,차대차 - 기타,안전거리미확보,건조,맑음,기타 - 기타,승용,여,63세,상해없음,승용,남,28세,경상
2021102200100706,2021년 10월 22일 22시,금요일,충청북도 청주시 서원구 수곡동,경상사고,0,0,1,0,차대사람 - 기타,안전운전불이행,건조,맑음,단일로 - 기타,승용,여,22세,상해없음,보행자,남,53세,경상
2021102200100738,2021년 10월 22일 23시,금요일,충청북도 청주시 서원구 사창동,경상사고,0,0,1,0,차대차 - 측면충돌,중앙선침범,건조,맑음,단일로 - 기타,자전거,남,29세,경상,승용,남,47세,상해없음
2021102300100011,2021년 10월 23일 00시,토요일,충청북도 청주시 청원구 율량동,중상사고,0,1,2,0,차대차 - 기타,신호위반,건조,맑음,교차로 - 교차로안,승용,남,25세,경상,승용,여,44세,경상
2021102300100017,2021년 10월 23일 01시,토요일,충청북도 청주시 서원구 사창동,경상사고,0,0,1,0,차대사람 - 보도통행중,안전운전불이행,건조,맑음,단일로 - 기타,개인형이동수단(PM),남,17세,상해없음,보행자,남,28세,경상
2021102300100120,2021년 10월 23일 10시,토요일,충청북도 충주시 연수동,경상사고,0,0,1,0,차대사람 - 기타,신호위반,건조,맑음,교차로 - 교차로안,화물,남,45세,기타불명,보행자,여,66세,경상
2021102300100121,2021년 10월 23일 10시,토요일,충청북도 제천시 하소동,중상사고,0,1,0,0,차대사람 - 횡단중,보행자보호의무위반,건조,맑음,교차로 - 교차로안,승합,남,63세,상해없음,보행자,여,69세,중상
2021102300100156,2021년 10월 23일 11시,토요일,충청북도 옥천군 청산면,중상사고,0,1,0,0,차대사람 - 차도통행중,안전운전불이행,건조,맑음,단일로 - 기타,화물,남,67세,상해없음,보행자,남,90세,중상
2021102300100299,2021년 10월 23일 14시,토요일,충청북도 충주시 엄정면,경상사고,0,0,1,0,차대차 - 측면충돌,중앙선침범,건조,맑음,단일로 - 기타,농기계,남,79세,상해없음,승용,여,56세,경상
2021102300100300,2021년 10월 23일 14시,토요일,충청북도 단양군 단양읍,중상사고,0,1,0,0,차대사람 - 횡단중,보행자보호의무위반,건조,맑음,기타 - 기타,승용,여,63세,상해없음,보행자,여,56세,중상
2021102300100301,2021년 10월 23일 14시,토요일,충청북도 청주시 상당구 용암동,경상사고,0,0,1,0,차대차 - 추돌,안전운전불이행,건조,맑음,단일로 - 기타,이륜,남,51세,경상,승용,여,34세,상해없음
2021102300100344,2021년 10월 23일 15시,토요일,충청북도 청주시 청원구 오창읍,경상사고,0,0,4,0,차대차 - 측면충돌,신호위반,건조,맑음,교차로 - 교차로안,승용,여,29세,경상,승용,남,49세,경상
2021102300100345,2021년 10월 23일 15시,토요일,충청북도 충주시 봉방동,경상사고,0,0,3,0,차대차 - 정면충돌,안전운전불이행,건조,맑음,주차장 - 주차장,승용,여,62세,경상,승용,여,68세,경상
2021102300100346,2021년 10월 23일 15시,토요일,충청북도 제천시 봉양읍,경상사고,0,0,1,0,차대차 - 추돌,안전운전불이행,건조,맑음,단일로 - 기타,승용,남,62세,상해없음,화물,남,64세,경상
2021102300100397,2021년 10월 23일 16시,토요일,충청북도 제천시 강제동,경상사고,0,0,3,0,차대차 - 측면충돌,신호위반,건조,맑음,교차로 - 교차로안,승용,여,53세,경상,승용,여,64세,경상
2021102300100398,2021년 10월 23일 16시,토요일,충청북도 청주시 서원구 수곡동,중상사고,0,1,0,0,차대사람 - 횡단중,보행자보호의무위반,건조,맑음,교차로 - 교차로횡단보도내,승용,여,36세,상해없음,보행자,여,65세,중상
2021102300100399,2021년 10월 23일 16시,토요일,충청북도 진천군 초평면,경상사고,0,0,3,0,차대차 - 추돌,안전거리미확보,건조,맑음,단일로 - 기타,승용,남,38세,상해없음,승용,여,52세,경상
2021102300100460,2021년 10월 23일 18시,토요일,충청북도 청주시 청원구 율량동,중상사고,0,2,0,0,차대차 - 기타,기타,건조,맑음,단일로 - 기타,화물,남,55세,상해없음,승용,여,58세,중상
2021102300100461,2021년 10월 23일 18시,토요일,충청북도 진천군 초평면,사망사고,1,0,0,0,차대차 - 기타,안전운전불이행,건조,흐림,단일로 - 기타,승용,남,52세,상해없음,이륜,남,64세,사망
2021102300100462,2021년 10월 23일 18시,토요일,충청북도 청주시 상당구 방서동,경상사고,0,0,1,0,차대차 - 측면충돌,안전운전불이행,건조,맑음,단일로 - 기타,승용,여,39세,상해없음,이륜,남,18세,경상
2021102300100518,2021년 10월 23일 19시,토요일,충청북도 청주시 청원구 내덕동,경상사고,0,0,3,0,차대차 - 측면충돌,교차로운행방법위반,건조,맑음,교차로 - 교차로부근,승용,여,26세,상해없음,승용,여,54세,경상
2021102300100519,2021년 10월 23일 19시,토요일,충청북도 청주시 서원구 수곡동,경상사고,0,0,1,0,차대사람 - 횡단중,안전운전불이행,건조,맑음,단일로 - 터널,기타불명,기타불명,미분류,기타불명,보행자,남,69세,경상
2021102300100594,2021년 10월 23일 22시,토요일,충청북도 음성군 맹동면,중상사고,0,3,1,0,차대차 - 정면충돌,교차로운행방법위반,건조,맑음,교차로 - 교차로안,승용,남,24세,경상,승용,남,45세,중상
2021102400100010,2021년 10월 24일 00시,일요일,충청북도 청주시 상당구 남일면,경상사고,0,0,1,0,차대차 - 기타,안전운전불이행,건조,맑음,단일로 - 기타,승용,남,27세,상해없음,승용,남,42세,경상
2021102400100024,2021년 10월 24일 01시,일요일,충청북도 청주시 청원구 오창읍,경상사고,0,0,2,0,차대차 - 측면충돌,신호위반,건조,맑음,교차로 - 교차로안,승용,여,22세,상해없음,승용,남,24세,경상
2021102400100025,2021년 10월 24일 01시,일요일,충청북도 음성군 맹동면,경상사고,0,0,3,0,차대차 - 추돌,안전운전불이행,건조,맑음,단일로 - 기타,승용,남,20세,경상,승용,남,24세,경상
2021102400100057,2021년 10월 24일 07시,일요일,충청북도 청주시 상당구 영운동,경상사고,0,0,1,0,차대차 - 측면충돌,안전운전불이행,건조,맑음,교차로 - 교차로안,승용,남,75세,상해없음,자전거,남,15세,경상
2021102400100080,2021년 10월 24일 09시,일요일,충청북도 음성군 금왕읍,중상사고,0,2,0,0,차대차 - 정면충돌,안전운전불이행,건조,맑음,단일로 - 기타,화물,여,51세,상해없음,이륜,남,81세,중상
2021102400100130,2021년 10월 24일 11시,일요일,충청북도 제천시 동현동,경상사고,0,0,2,0,차대차 - 측면충돌,신호위반,건조,맑음,교차로 - 교차로안,화물,남,73세,상해없음,승용,남,53세,경상
2021102400100162,2021년 10월 24일 12시,일요일,충청북도 제천시 금성면,중상사고,0,3,0,0,차량단독 - 공작물충돌,안전운전불이행,건조,맑음,기타 - 기타,승용,남,78세,중상,,,,
2021102400100163,2021년 10월 24일 12시,일요일,충청북도 제천시 서부동,경상사고,0,0,1,0,차대차 - 기타,안전운전불이행,건조,맑음,단일로 - 지하차도(도로)내,승용,여,45세,상해없음,이륜,남,35세,경상
2021102400100195,2021년 10월 24일 13시,일요일,충청북도 청주시 청원구 오창읍,경상사고,0,0,1,0,차대차 - 측면충돌,교차로운행방법위반,건조,맑음,교차로 - 교차로안,승용,남,32세,상해없음,승용,여,43세,경상
2021102400100196,2021년 10월 24일 13시,일요일,충청북도 청주시 상당구 용암동,중상사고,0,1,0,0,차대차 - 기타,안전운전불이행,건조,맑음,단일로 - 지하차도(도로)내,승용,남,46세,상해없음,이륜,남,43세,중상
2021102400100197,2021년 10월 24일 13시,일요일,충청북도 청주시 상당구 용암동,경상사고,0,0,2,0,차대차 - 추돌,안전운전불이행,건조,맑음,교차로 - 교차로안,승용,남,30세,상해없음,승용,여,29세,경상
2021102400100235,2021년 10월 24일 14시,일요일,충청북도 청주시 청원구 내덕동,중상사고,0,1,0,0,차대차 - 기타,기타,건조,맑음,단일로 - 기타,승용,남,57세,상해없음,승용,남,64세,상해없음
2021102400100263,2021년 10월 24일 15시,일요일,충청북도 증평군 증평읍,중상사고,0,1,0,0,차대차 - 추돌,안전운전불이행,건조,맑음,단일로 - 교량,이륜,남,80세,중상,승용,남,52세,상해없음
2021102400100264,2021년 10월 24일 15시,일요일,충청북도 청주시 흥덕구 옥산면,경상사고,0,0,1,0,차대차 - 측면충돌,안전운전불이행,건조,맑음,교차로 - 교차로부근,승용,남,28세,상해없음,승용,남,26세,경상
2021102400100293,2021년 10월 24일 16시,일요일,충청북도 청주시 흥덕구 가경동,경상사고,0,0,1,0,차대차 - 후진중충돌,안전운전불이행,건조,맑음,단일로 - 기타,승용,남,78세,상해없음,승용,남,30세,경상
2021102400100327,2021년 10월 24일 17시,일요일,충청북도 청주시 청원구 내수읍,경상사고,0,0,2,0,차대차 - 측면충돌,교차로운행방법위반,건조,맑음,교차로 - 교차로안,원동기,남,78세,경상,승용,남,28세,경상
2021102400100367,2021년 10월 24일 18시,일요일,충청북도 청주시 청원구 내덕동,중상사고,0,1,0,0,차대사람 - 기타,안전운전불이행,건조,맑음,교차로 - 교차로부근,승용,여,27세,상해없음,보행자,남,10세,중상
2021102400100460,2021년 10월 24일 21시,일요일,충청북도 충주시 교현동,중상사고,0,1,0,0,차대사람 - 차도통행중,안전운전불이행,건조,맑음,단일로 - 기타,이륜,남,48세,상해없음,보행자,남,53세,중상
2021102400100496,2021년 10월 24일 23시,일요일,충청북도 충주시 봉방동,경상사고,0,0,1,0,차대차 - 기타,중앙선침범,건조,맑음,단일로 - 기타,개인형이동수단(PM),남,22세,경상,승용,남,50세,상해없음
2021102500100048,2021년 10월 25일 07시,월요일,충청북도 진천군 진천읍,중상사고,0,1,1,0,차대차 - 측면충돌,중앙선침범,건조,맑음,단일로 - 기타,이륜,남,82세,상해없음,승용,남,47세,경상
2021102500100077,2021년 10월 25일 08시,월요일,충청북도 옥천군 옥천읍,경상사고,0,0,1,0,차대차 - 정면충돌,신호위반,건조,맑음,교차로 - 교차로안,화물,남,71세,상해없음,화물,남,45세,경상
2021102500100078,2021년 10월 25일 08시,월요일,충청북도 단양군 대강면,경상사고,0,0,3,0,차대차 - 정면충돌,중앙선침범,건조,맑음,단일로 - 기타,승용,여,49세,경상,승용,남,51세,경상
2021102500100079,2021년 10월 25일 08시,월요일,충청북도 청주시 흥덕구 외북동,중상사고,0,1,1,0,차대사람 - 횡단중,안전운전불이행,건조,맑음,단일로 - 기타,승용,남,40세,상해없음,보행자,남,62세,중상
2021102500100165,2021년 10월 25일 10시,월요일,충청북도 괴산군 괴산읍,사망사고,1,0,0,0,차량단독 - 전도전복 - 전도,안전운전불이행,건조,맑음,단일로 - 기타,개인형이동수단(PM),여,51세,사망,,,,
2021102500100166,2021년 10월 25일 10시,월요일,충청북도 음성군 금왕읍,경상사고,0,0,1,0,차대차 - 측면충돌,중앙선침범,건조,맑음,단일로 - 기타,승용,여,64세,상해없음,화물,남,52세,경상
2021102500100167,2021년 10월 25일 10시,월요일,충청북도 진천군 광혜원면,경상사고,0,0,1,0,차대차 - 측면충돌,안전운전불이행,건조,맑음,단일로 - 기타,화물,남,65세,상해없음,화물,남,47세,경상
2021102500100224,2021년 10월 25일 12시,월요일,충청북도 제천시 화산동,경상사고,0,0,1,0,차대차 - 기타,직진우회전진행방해,건조,맑음,교차로 - 교차로안,승용,남,59세,상해없음,이륜,남,41세,경상
2021102500100225,2021년 10월 25일 12시,월요일,충청북도 청주시 흥덕구 복대동,경상사고,0,0,1,0,차대차 - 측면충돌,중앙선침범,건조,맑음,단일로 - 기타,승용,여,41세,상해없음,승용,남,55세,경상
2021102500100263,2021년 10월 25일 13시,월요일,충청북도 청주시 흥덕구 복대동,경상사고,0,0,1,0,차대차 - 추돌,안전운전불이행,건조,맑음,교차로 - 교차로부근,승용,남,58세,상해없음,승용,여,58세,경상
2021102500100302,2021년 10월 25일 14시,월요일,충청북도 청주시 청원구 주성동,중상사고,0,2,0,0,차대차 - 측면충돌,안전운전불이행,건조,맑음,교차로 - 교차로부근,승용,남,22세,상해없음,승용,남,63세,중상
2021102500100344,2021년 10월 25일 15시,월요일,충청북도 단양군 단양읍,경상사고,0,0,2,0,차대차 - 추돌,안전운전불이행,건조,맑음,기타 - 기타,승용,여,56세,기타불명,승용,남,66세,경상
2021102500100345,2021년 10월 25일 15시,월요일,충청북도 청주시 상당구 방서동,경상사고,0,0,1,0,차대차 - 정면충돌,신호위반,건조,맑음,교차로 - 교차로안,승용,남,23세,기타불명,화물,남,58세,경상
2021102500100395,2021년 10월 25일 16시,월요일,충청북도 진천군 초평면,경상사고,0,0,1,0,차량단독 - 전도전복 - 전도,안전운전불이행,건조,맑음,단일로 - 기타,이륜,남,86세,경상,,,,
2021102500100396,2021년 10월 25일 16시,월요일,충청북도 청주시 서원구 미평동,경상사고,0,0,2,0,차대차 - 측면충돌,안전운전불이행,건조,맑음,단일로 - 기타,화물,남,54세,상해없음,승용,여,58세,경상
2021102500100438,2021년 10월 25일 17시,월요일,충청북도 음성군 금왕읍,중상사고,0,2,0,1,차대차 - 측면충돌,직진우회전진행방해,건조,맑음,교차로 - 교차로안,화물,남,55세,부상신고,화물,남,53세,상해없음
2021102500100439,2021년 10월 25일 17시,월요일,충청북도 청주시 서원구 죽림동,경상사고,0,0,1,0,차대차 - 후진중충돌,안전운전불이행,건조,맑음,단일로 - 기타,승용,남,80세,상해없음,승용,여,50세,경상
2021102500100440,2021년 10월 25일 17시,월요일,충청북도 청주시 흥덕구 가경동,경상사고,0,0,1,0,차대차 - 추돌,불법유턴,건조,맑음,교차로 - 교차로부근,승용,여,61세,상해없음,승용,남,37세,경상
2021102500100441,2021년 10월 25일 17시,월요일,충청북도 청주시 상당구 남일면,경상사고,0,0,1,0,차대차 - 추돌,안전운전불이행,건조,맑음,단일로 - 기타,화물,남,67세,상해없음,승용,남,42세,경상
2021102500100484,2021년 10월 25일 18시,월요일,충청북도 제천시 하소동,경상사고,0,0,1,0,차대차 - 추돌,안전거리미확보,건조,흐림,기타 - 기타,승용,여,39세,상해없음,화물,남,68세,경상
2021102500100485,2021년 10월 25일 18시,월요일,충청북도 영동군 황간면,중상사고,0,1,0,0,차대차 - 측면충돌,안전운전불이행,건조,맑음,교차로 - 교차로부근,승용,여,24세,상해없음,자전거,여,73세,중상
2021102500100538,2021년 10월 25일 19시,월요일,충청북도 청주시 청원구 주중동,경상사고,0,0,1,0,차대차 - 기타,차로위반,건조,맑음,기타 - 기타,승용,남,23세,상해없음,이륜,남,36세,경상
2021102500100539,2021년 10월 25일 19시,월요일,충청북도 청주시 서원구 수곡동,경상사고,0,0,1,0,차대사람 - 차도통행중,안전운전불이행,건조,맑음,기타 - 기타,승용,여,55세,상해없음,보행자,여,20세,경상
2021102500100639,2021년 10월 25일 22시,월요일,충청북도 청주시 흥덕구 가경동,경상사고,0,0,1,0,차대차 - 측면충돌,안전운전불이행,건조,맑음,단일로 - 기타,승용,남,43세,상해없음,이륜,남,49세,경상
2021102500100640,2021년 10월 25일 22시,월요일,충청북도 청주시 서원구 분평동,경상사고,0,0,1,0,차대차 - 추돌,안전운전불이행,건조,맑음,교차로 - 교차로부근,이륜,남,31세,경상,승용,여,41세,상해없음
2021102500100653,2021년 10월 25일 23시,월요일,충청북도 청주시 서원구 성화동,경상사고,0,0,1,0,차대차 - 측면충돌,교차로운행방법위반,건조,맑음,교차로 - 교차로안,승용,여,27세,상해없음,이륜,남,26세,경상
2021102600100036,2021년 10월 26일 06시,화요일,충청북도 충주시 대소원면,중상사고,0,1,0,0,차량단독 - 기타,안전운전불이행,건조,맑음,단일로 - 기타,농기계,남,79세,중상,,,,
2021102600100050,2021년 10월 26일 07시,화요일,충청북도 음성군 대소면,경상사고,0,0,2,0,차대차 - 측면충돌,중앙선침범,건조,맑음,교차로 - 교차로부근,승용,남,69세,경상,승용,여,34세,경상
2021102600100051,2021년 10월 26일 07시,화요일,충청북도 청주시 흥덕구 봉명동,경상사고,0,0,2,0,차대차 - 측면충돌,불법유턴,건조,맑음,교차로 - 교차로안,승용,여,61세,상해없음,승합,남,48세,상해없음
2021102600100077,2021년 10월 26일 08시,화요일,충청북도 청주시 서원구 분평동,경상사고,0,0,1,0,차대차 - 측면충돌,안전운전불이행,건조,맑음,교차로 - 교차로부근,승용,여,33세,상해없음,자전거,여,47세,경상
2021102600100113,2021년 10월 26일 09시,화요일,충청북도 증평군 증평읍,경상사고,0,0,1,0,차대차 - 측면충돌,안전운전불이행,건조,맑음,기타 - 기타,승용,남,71세,상해없음,승용,여,31세,경상
2021102600100114,2021년 10월 26일 09시,화요일,충청북도 음성군 맹동면,경상사고,0,0,1,0,차대차 - 추돌,안전거리미확보,건조,맑음,단일로 - 기타,건설기계,남,63세,상해없음,화물,남,66세,경상
2021102600100115,2021년 10월 26일 09시,화요일,충청북도 청주시 서원구 남이면,경상사고,0,0,1,0,차대차 - 추돌,안전운전불이행,건조,맑음,단일로 - 기타,승합,여,51세,상해없음,승용,여,52세,상해없음
2021102600100145,2021년 10월 26일 10시,화요일,충청북도 충주시 목행동,중상사고,0,1,0,0,차대차 - 측면충돌,안전운전불이행,건조,맑음,단일로 - 기타,승용,남,74세,상해없음,자전거,여,67세,중상
2021102600100146,2021년 10월 26일 10시,화요일,충청북도 제천시 강제동,경상사고,0,0,1,0,차대차 - 기타,신호위반,건조,맑음,교차로 - 교차로횡단보도내,승용,남,52세,상해없음,자전거,여,63세,경상
2021102600100147,2021년 10월 26일 10시,화요일,충청북도 괴산군 괴산읍,경상사고,0,0,1,0,차대차 - 측면충돌,안전운전불이행,건조,맑음,교차로 - 교차로부근,이륜,남,72세,경상,화물,남,39세,상해없음
2021102600100184,2021년 10월 26일 11시,화요일,충청북도 청주시 흥덕구 운천동,경상사고,0,0,2,0,차대차 - 추돌,안전운전불이행,건조,맑음,교차로 - 교차로부근,화물,남,47세,상해없음,승용,남,66세,경상
2021102600100215,2021년 10월 26일 12시,화요일,충청북도 청주시 흥덕구 비하동,경상사고,0,0,2,0,차대차 - 추돌,안전거리미확보,건조,맑음,단일로 - 기타,화물,남,32세,상해없음,승용,여,46세,경상
2021102600100247,2021년 10월 26일 13시,화요일,충청북도 충주시 신니면,중상사고,0,1,0,0,차대차 - 기타,안전운전불이행,건조,맑음,단일로 - 기타,화물,남,43세,중상,화물,남,60세,상해없음