사고번호,사고일시,요일,시군구,사고내용,사망자수,중상자수,경상자수,부상신고자수,사고유형,법규위반,노면상태,기상상태,도로형태,가해운전자 차종,가해운전자 성별,가해운전자 연령,가해운전자 상해정도,피해운전자 차종,피해운전자 성별,피해운전자 연령,피해운전자 상해정도
2021102600100290,2021년 10월 26일 14시,화요일,충청북도 청주시 상당구 지북동,경상사고,0,0,1,0,차대차 - 기타,안전운전불이행,건조,맑음,교차로 - 교차로부근,승용,여,62세,상해없음,화물,남,53세,경상
2021102600100363,2021년 10월 26일 16시,화요일,충청북도 충주시 교현동,경상사고,0,0,4,0,차대차 - 측면충돌,안전거리미확보,건조,맑음,단일로 - 기타,승용,여,62세,상해없음,승용,남,61세,경상
2021102600100364,2021년 10월 26일 16시,화요일,충청북도 충주시 연수동,경상사고,0,0,1,0,차대차 - 후진중충돌,안전운전불이행,건조,맑음,교차로 - 교차로안,승용,여,54세,상해없음,승용,남,34세,경상
2021102600100365,2021년 10월 26일 16시,화요일,충청북도 음성군 음성읍,경상사고,0,0,1,0,차대차 - 추돌,안전운전불이행,건조,맑음,교차로 - 교차로부근,화물,남,57세,상해없음,승용,남,61세,경상
2021102600100406,2021년 10월 26일 17시,화요일,충청북도 음성군 음성읍,중상사고,0,1,0,0,차대차 - 측면충돌,신호위반,건조,맑음,교차로 - 교차로안,승용,남,27세,상해없음,승합,남,62세,중상
2021102600100447,2021년 10월 26일 18시,화요일,충청북도 청주시 서원구 사직동,경상사고,0,0,1,0,차대차 - 기타,안전거리미확보,건조,맑음,교차로 - 교차로부근,기타불명,기타불명,미분류,기타불명,승합,남,47세,상해없음
2021102600100448,2021년 10월 26일 18시,화요일,충청북도 충주시 용산동,경상사고,0,0,1,0,차대차 - 측면충돌,교차로운행방법위반,건조,맑음,교차로 - 교차로안,승용,남,24세,상해없음,승용,남,21세,경상
2021102600100450,2021년 10월 26일 18시,화요일,충청북도 제천시 모산동,중상사고,0,1,2,0,차대차 - 추돌,안전거리미확보,건조,맑음,교차로 - 교차로안,승용,여,55세,상해없음,화물,남,52세,경상
2021102600100451,2021년 10월 26일 18시,화요일,충청북도 음성군 금왕읍,중상사고,0,2,0,0,차대차 - 정면충돌,중앙선침범,건조,맑음,단일로 - 기타,특수,남,46세,상해없음,화물,남,64세,중상
2021102600100452,2021년 10월 26일 18시,화요일,충청북도 청주시 흥덕구 강서동,경상사고,0,0,3,0,차대차 - 측면충돌,안전운전불이행,건조,맑음,교차로 - 교차로안,승용,여,56세,상해없음,승용,남,27세,경상
2021102600100453,2021년 10월 26일 18시,화요일,충청북도 청주시 흥덕구 지동동,경상사고,0,0,2,0,차대차 - 측면충돌,교차로운행방법위반,건조,맑음,교차로 - 교차로안,승용,남,51세,경상,승용,남,52세,경상
2021102600100508,2021년 10월 26일 19시,화요일,충청북도 청주시 상당구 수동,중상사고,0,1,0,0,차대차 - 기타,직진우회전진행방해,건조,맑음,교차로 - 교차로안,승용,남,52세,상해없음,자전거,남,62세,중상
2021102600100535,2021년 10월 26일 20시,화요일,충청북도 청주시 서원구 분평동,경상사고,0,0,1,0,차대사람 - 기타,기타,건조,맑음,기타 - 기타,개인형이동수단(PM),여,14세,상해없음,보행자,여,64세,경상
2021102600100559,2021년 10월 26일 21시,화요일,충청북도 충주시 대소원면,경상사고,0,0,1,0,차대차 - 추돌,안전운전불이행,건조,맑음,교차로 - 교차로부근,승용,남,49세,상해없음,승용,남,33세,경상
2021102600100589,2021년 10월 26일 22시,화요일,충청북도 영동군 용산면,사망사고,1,0,0,0,차량단독 - 전도전복 - 전복,안전운전불이행,건조,맑음,단일로 - 기타,사륜오토바이(ATV),남,71세,사망,,,,
2021102600100611,2021년 10월 26일 23시,화요일,충청북도 청주시 서원구 분평동,경상사고,0,0,1,0,차대차 - 기타,안전운전불이행,건조,맑음,교차로 - 교차로안,승용,여,36세,상해없음,이륜,남,44세,경상
2021102700100031,2021년 10월 27일 06시,수요일,충청북도 청주시 서원구 수곡동,중상사고,0,1,0,0,차대차 - 측면충돌,안전운전불이행,건조,맑음,교차로 - 교차로부근,승용,남,70세,상해없음,자전거,여,72세,중상
2021102700100056,2021년 10월 27일 07시,수요일,충청북도 청주시 청원구 외남동,경상사고,0,0,2,0,차대차 - 기타,기타,건조,맑음,단일로 - 기타,승용,남,33세,경상,승용,여,26세,경상
2021102700100084,2021년 10월 27일 08시,수요일,충청북도 음성군 맹동면,중상사고,0,2,1,0,차대차 - 측면충돌,직진우회전진행방해,건조,맑음,교차로 - 교차로안,승용,여,49세,경상,승용,남,57세,중상
2021102700100085,2021년 10월 27일 08시,수요일,충청북도 청주시 흥덕구 가경동,경상사고,0,0,1,0,차대차 - 측면충돌,안전운전불이행,건조,맑음,교차로 - 교차로부근,승용,여,43세,기타불명,승용,여,24세,경상
2021102700100144,2021년 10월 27일 10시,수요일,충청북도 제천시 하소동,경상사고,0,0,1,0,차대차 - 측면충돌,안전운전불이행,건조,맑음,교차로 - 교차로안,승용,여,77세,상해없음,승용,여,73세,경상
2021102700100177,2021년 10월 27일 11시,수요일,충청북도 진천군 진천읍,경상사고,0,0,2,0,차대차 - 추돌,교차로운행방법위반,건조,맑음,교차로 - 교차로안,승용,남,65세,경상,승용,남,41세,경상
2021102700100178,2021년 10월 27일 11시,수요일,충청북도 청주시 상당구 석교동,중상사고,0,1,0,0,차대차 - 정면충돌,교차로운행방법위반,건조,맑음,교차로 - 교차로안,이륜,남,81세,중상,승용,남,54세,상해없음
2021102700100221,2021년 10월 27일 13시,수요일,충청북도 청주시 흥덕구 석소동,중상사고,0,1,0,0,차대차 - 측면충돌,신호위반,건조,맑음,단일로 - 기타,승용,남,43세,상해없음,자전거,남,19세,중상
2021102700100257,2021년 10월 27일 14시,수요일,충청북도 단양군 영춘면,경상사고,0,0,1,0,차대차 - 기타,안전운전불이행,기타,맑음,단일로 - 기타,승용,남,49세,상해없음,이륜,남,60세,경상
2021102700100290,2021년 10월 27일 15시,수요일,충청북도 청주시 흥덕구 지동동,경상사고,0,0,1,0,차대차 - 추돌,안전거리미확보,건조,맑음,단일로 - 기타,승용,남,60세,상해없음,승용,남,60세,경상
2021102700100291,2021년 10월 27일 15시,수요일,충청북도 진천군 진천읍,경상사고,0,0,1,0,차대차 - 추돌,안전운전불이행,건조,맑음,단일로 - 기타,승용,남,46세,상해없음,승용,남,47세,경상
2021102700100342,2021년 10월 27일 16시,수요일,충청북도 청주시 서원구 사창동,중상사고,0,1,0,0,차대사람 - 보도통행중,안전운전불이행,건조,맑음,기타 - 기타,자전거,여,60세,상해없음,보행자,여,68세,중상
2021102700100343,2021년 10월 27일 16시,수요일,충청북도 영동군 양강면,경상사고,0,0,1,0,차대차 - 측면충돌,안전운전불이행,건조,맑음,교차로 - 교차로안,화물,남,32세,상해없음,승용,여,60세,경상
2021102700100344,2021년 10월 27일 16시,수요일,충청북도 증평군 증평읍,중상사고,0,1,2,0,차대차 - 추돌,안전거리미확보,건조,맑음,단일로 - 기타,화물,남,51세,경상,화물,남,59세,상해없음
2021102700100345,2021년 10월 27일 16시,수요일,충청북도 청주시 서원구 분평동,경상사고,0,0,1,0,차대차 - 측면충돌,중앙선침범,건조,맑음,단일로 - 지하차도(도로)내,승용,여,42세,상해없음,이륜,남,46세,경상
2021102700100346,2021년 10월 27일 16시,수요일,충청북도 청주시 서원구 분평동,중상사고,0,1,0,0,차대차 - 측면충돌,안전운전불이행,건조,맑음,단일로 - 지하차도(도로)내,개인형이동수단(PM),남,29세,중상,승용,여,60세,상해없음
2021102700100391,2021년 10월 27일 17시,수요일,충청북도 제천시 한수면,중상사고,0,1,0,0,차량단독 - 도로외이탈 - 추락,안전운전불이행,건조,맑음,기타 - 기타,건설기계,남,59세,중상,,,,
2021102700100392,2021년 10월 27일 17시,수요일,충청북도 제천시 신백동,경상사고,0,0,2,0,차대차 - 측면충돌,직진우회전진행방해,건조,맑음,교차로 - 교차로안,화물,남,55세,상해없음,승용,여,62세,경상
2021102700100393,2021년 10월 27일 17시,수요일,충청북도 옥천군 옥천읍,중상사고,0,1,0,0,차대차 - 측면충돌,중앙선침범,건조,맑음,단일로 - 기타,화물,남,65세,상해없음,승용,남,43세,중상
2021102700100442,2021년 10월 27일 18시,수요일,충청북도 옥천군 옥천읍,경상사고,0,0,1,0,차대사람 - 차도통행중,안전운전불이행,건조,맑음,교차로 - 교차로안,승용,남,56세,상해없음,보행자,여,49세,경상
2021102700100616,2021년 10월 27일 23시,수요일,충청북도 보은군 회인면,사망사고,1,0,2,0,차대차 - 추돌,안전운전불이행,건조,맑음,단일로 - 기타,화물,남,66세,사망,화물,남,33세,경상
2021102800100013,2021년 10월 28일 01시,목요일,충청북도 충주시 대소원면,경상사고,0,0,1,0,차대차 - 추돌,안전운전불이행,건조,맑음,단일로 - 기타,승용,남,28세,상해없음,승용,남,44세,경상
2021102800100113,2021년 10월 28일 08시,목요일,충청북도 충주시 목행동,경상사고,0,0,2,0,차대차 - 측면충돌,안전운전불이행,기타,안개,교차로 - 교차로부근,승용,여,65세,상해없음,승용,남,30세,상해없음
2021102800100114,2021년 10월 28일 08시,목요일,충청북도 음성군 대소면,경상사고,0,0,2,0,차대차 - 측면충돌,안전운전불이행,건조,맑음,교차로 - 교차로안,화물,남,57세,경상,승용,남,62세,경상
2021102800100115,2021년 10월 28일 08시,목요일,충청북도 청주시 서원구 남이면,경상사고,0,0,1,0,차대차 - 추돌,안전운전불이행,건조,맑음,교차로 - 교차로부근,승용,여,24세,상해없음,승용,여,38세,경상
2021102800100197,2021년 10월 28일 10시,목요일,충청북도 괴산군 괴산읍,중상사고,0,1,0,0,차대차 - 측면충돌,직진우회전진행방해,건조,맑음,교차로 - 교차로안,화물,남,64세,상해없음,이륜,남,78세,상해없음
2021102800100230,2021년 10월 28일 11시,목요일,충청북도 제천시 송학면,경상사고,0,0,2,0,차대차 - 정면충돌,중앙선침범,건조,맑음,기타 - 기타,승용,여,48세,상해없음,승용,남,71세,경상
2021102800100231,2021년 10월 28일 11시,목요일,충청북도 청주시 서원구 수곡동,경상사고,0,0,1,0,차대사람 - 차도통행중,안전운전불이행,건조,맑음,주차장 - 주차장,승용,남,44세,상해없음,보행자,여,77세,경상
2021102800100261,2021년 10월 28일 12시,목요일,충청북도 청주시 청원구 우암동,경상사고,0,0,2,0,차대차 - 기타,차로위반,건조,맑음,단일로 - 기타,승용,남,60세,상해없음,승용,남,51세,경상
2021102800100262,2021년 10월 28일 12시,목요일,충청북도 충주시 칠금동,중상사고,0,1,0,0,차대차 - 정면충돌,안전운전불이행,건조,맑음,교차로 - 교차로안,승용,남,58세,상해없음,이륜,남,51세,중상
2021102800100290,2021년 10월 28일 13시,목요일,충청북도 음성군 맹동면,경상사고,0,0,1,1,차대차 - 측면충돌,안전운전불이행,건조,맑음,교차로 - 교차로부근,승용,여,40세,부상신고,승용,남,52세,경상
2021102800100291,2021년 10월 28일 13시,목요일,충청북도 단양군 매포읍,경상사고,0,0,1,0,차대차 - 측면충돌,안전운전불이행,건조,맑음,단일로 - 기타,자전거,남,88세,경상,승용,남,47세,상해없음
2021102800100330,2021년 10월 28일 14시,목요일,충청북도 청주시 서원구 사창동,경상사고,0,0,1,0,차대차 - 추돌,안전운전불이행,건조,맑음,단일로 - 기타,화물,남,26세,상해없음,승용,여,54세,경상
2021102800100331,2021년 10월 28일 14시,목요일,충청북도 청주시 상당구 북문로3가,경상사고,0,0,1,0,차대차 - 추돌,안전운전불이행,건조,맑음,단일로 - 기타,이륜,남,19세,상해없음,승용,남,68세,경상
2021102800100332,2021년 10월 28일 14시,목요일,충청북도 제천시 중앙로1가,경상사고,0,0,3,0,차대차 - 추돌,안전운전불이행,건조,맑음,기타 - 기타,승용,남,79세,상해없음,승용,남,39세,경상
2021102800100403,2021년 10월 28일 16시,목요일,충청북도 충주시 호암동,경상사고,0,0,1,0,차대차 - 기타,안전운전불이행,건조,맑음,기타 - 기타,이륜,남,29세,상해없음,자전거,남,11세,경상
2021102800100452,2021년 10월 28일 17시,목요일,충청북도 청주시 청원구 사천동,중상사고,0,1,0,0,차대차 - 추돌,안전운전불이행,건조,맑음,단일로 - 기타,승용,여,48세,상해없음,승용,남,55세,중상
2021102800100500,2021년 10월 28일 18시,목요일,충청북도 충주시 풍동,경상사고,0,0,1,0,차대차 - 측면충돌,안전거리미확보,건조,맑음,기타 - 기타,자전거,남,59세,경상,화물,남,58세,상해없음
2021102800100501,2021년 10월 28일 18시,목요일,충청북도 충주시 호암동,경상사고,0,0,2,0,차대차 - 기타,교차로운행방법위반,건조,맑음,교차로 - 교차로안,승용,여,40세,상해없음,승용,여,30세,경상
2021102800100502,2021년 10월 28일 18시,목요일,충청북도 음성군 대소면,경상사고,0,0,1,0,차대차 - 후진중충돌,안전운전불이행,건조,맑음,교차로 - 교차로부근,승용,남,59세,상해없음,승용,여,45세,경상
2021102800100503,2021년 10월 28일 18시,목요일,충청북도 청주시 서원구 미평동,경상사고,0,0,1,0,차대차 - 추돌,안전거리미확보,건조,맑음,단일로 - 기타,화물,남,61세,상해없음,승용,여,57세,경상
2021102800100565,2021년 10월 28일 19시,목요일,충청북도 청주시 청원구 우암동,경상사고,0,0,1,0,차대차 - 기타,안전운전불이행,건조,맑음,기타 - 기타,승용,여,40세,상해없음,이륜,남,20세,경상
2021102800100566,2021년 10월 28일 19시,목요일,충청북도 청주시 청원구 내수읍,중상사고,0,1,1,0,차대차 - 추돌,신호위반,건조,맑음,교차로 - 교차로안,승용,남,54세,경상,승용,여,32세,중상
2021102800100567,2021년 10월 28일 19시,목요일,충청북도 충주시 문화동,경상사고,0,0,1,0,차대차 - 측면충돌,안전운전불이행,건조,흐림,단일로 - 기타,승용,남,52세,상해없음,승용,남,35세,경상
2021102800100568,2021년 10월 28일 19시,목요일,충청북도 제천시 금성면,사망사고,1,0,0,0,차대사람 - 기타,안전운전불이행,건조,흐림,기타 - 기타,승용,남,40세,상해없음,보행자,남,83세,사망
2021102900100014,2021년 10월 29일 02시,금요일,충청북도 청주시 상당구 대성동,경상사고,0,0,1,0,차대차 - 측면충돌,안전거리미확보,건조,맑음,교차로 - 교차로부근,승용,여,52세,상해없음,승용,남,21세,경상
2021102900100019,2021년 10월 29일 05시,금요일,충청북도 청주시 흥덕구 강내면,경상사고,0,0,1,0,차대차 - 측면충돌,신호위반,건조,맑음,교차로 - 교차로안,화물,남,64세,상해없음,승용,남,63세,경상
2021102900100042,2021년 10월 29일 07시,금요일,충청북도 청주시 청원구 우암동,경상사고,0,0,1,0,차대차 - 기타,직진우회전진행방해,건조,맑음,교차로 - 교차로안,화물,남,52세,기타불명,화물,남,60세,경상
2021102900100043,2021년 10월 29일 07시,금요일,충청북도 제천시 백운면,경상사고,0,0,1,0,차량단독 - 공작물충돌,안전운전불이행,건조,맑음,단일로 - 기타,승용,남,64세,경상,,,,
2021102900100044,2021년 10월 29일 07시,금요일,충청북도 청주시 상당구 명암동,경상사고,0,0,1,0,차대차 - 측면충돌,안전운전불이행,건조,맑음,기타 - 기타,승용,여,53세,상해없음,승용,여,28세,경상
2021102900100072,2021년 10월 29일 08시,금요일,충청북도 청주시 서원구 개신동,경상사고,0,0,1,0,차대사람 - 횡단중,보행자보호의무위반,건조,맑음,단일로 - 기타,승용,여,39세,상해없음,보행자,여,63세,경상
2021102900100106,2021년 10월 29일 09시,금요일,충청북도 충주시 용산동,경상사고,0,0,1,0,차대차 - 측면충돌,중앙선침범,건조,맑음,단일로 - 기타,승용,여,33세,상해없음,자전거,남,84세,경상
2021102900100181,2021년 10월 29일 11시,금요일,충청북도 청주시 청원구 율량동,경상사고,0,0,1,0,차대차 - 기타,교차로운행방법위반,건조,맑음,교차로 - 교차로안,승용,여,66세,상해없음,승용,여,64세,경상
2021102900100222,2021년 10월 29일 12시,금요일,충청북도 충주시 교현동,중상사고,0,1,0,0,차량단독 - 전도전복 - 전도,안전운전불이행,건조,맑음,교차로 - 교차로안,이륜,남,21세,중상,,,,
2021102900100223,2021년 10월 29일 12시,금요일,충청북도 단양군 매포읍,경상사고,0,0,1,0,차대차 - 측면충돌,안전운전불이행,건조,맑음,기타 - 기타,화물,여,32세,상해없음,기타불명,남,78세,경상
2021102900100251,2021년 10월 29일 13시,금요일,충청북도 제천시 서부동,경상사고,0,0,1,0,차대차 - 정면충돌,신호위반,건조,맑음,교차로 - 교차로안,승용,여,45세,상해없음,승용,여,50세,경상
2021102900100252,2021년 10월 29일 13시,금요일,충청북도 진천군 진천읍,중상사고,0,1,0,0,차대차 - 측면충돌,안전운전불이행,건조,맑음,교차로 - 교차로부근,이륜,남,78세,중상,화물,남,55세,상해없음
2021102900100288,2021년 10월 29일 14시,금요일,충청북도 충주시 산척면,경상사고,0,0,1,0,차대사람 - 기타,안전운전불이행,건조,맑음,단일로 - 기타,기타불명,기타불명,미분류,기타불명,보행자,여,90세,경상
2021102900100289,2021년 10월 29일 14시,금요일,충청북도 음성군 금왕읍,중상사고,0,1,6,0,차대차 - 측면충돌,안전운전불이행,건조,맑음,교차로 - 교차로안,승용,남,62세,경상,승합,남,66세,상해없음
2021102900100290,2021년 10월 29일 14시,금요일,충청북도 진천군 문백면,중상사고,0,2,8,0,차대차 - 추돌,안전운전불이행,건조,맑음,단일로 - 기타,승용,여,40세,상해없음,승용,남,56세,중상
2021102900100341,2021년 10월 29일 15시,금요일,충청북도 청주시 청원구 주중동,중상사고,0,1,0,0,차대사람 - 기타,안전운전불이행,건조,맑음,교차로 - 교차로안,승용,남,57세,상해없음,보행자,여,74세,중상
2021102900100342,2021년 10월 29일 15시,금요일,충청북도 청주시 흥덕구 강서동,경상사고,0,0,1,0,차대차 - 후진중충돌,안전운전불이행,건조,맑음,단일로 - 기타,화물,남,45세,상해없음,승용,남,34세,경상
2021102900100383,2021년 10월 29일 16시,금요일,충청북도 청주시 서원구 남이면,경상사고,0,0,1,0,차대차 - 추돌,안전거리미확보,건조,맑음,단일로 - 기타,승용,여,63세,상해없음,승용,남,37세,경상
2021102900100428,2021년 10월 29일 17시,금요일,충청북도 청주시 상당구 서문동,경상사고,0,0,2,0,차대차 - 기타,안전운전불이행,건조,맑음,단일로 - 기타,화물,남,41세,상해없음,승용,남,25세,경상
2021102900100488,2021년 10월 29일 18시,금요일,충청북도 청주시 청원구 내수읍,경상사고,0,0,1,0,차대차 - 기타,안전운전불이행,건조,맑음,기타 - 기타,승용,남,34세,상해없음,승용,남,30세,경상
2021102900100489,2021년 10월 29일 18시,금요일,충청북도 청주시 청원구 오창읍,중상사고,0,1,0,0,차대차 - 기타,교차로운행방법위반,건조,맑음,교차로 - 교차로안,승용,여,44세,상해없음,이륜,남,39세,중상
2021102900100490,2021년 10월 29일 18시,금요일,충청북도 충주시 호암동,중상사고,0,1,0,0,차대차 - 기타,안전운전불이행,건조,맑음,교차로 - 교차로안,승용,여,50세,상해없음,승용,여,42세,중상
2021102900100491,2021년 10월 29일 18시,금요일,충청북도 음성군 맹동면,경상사고,0,0,1,0,차대차 - 측면충돌,안전운전불이행,건조,맑음,교차로 - 교차로안,승용,여,35세,상해없음,승용,남,28세,경상
2021102900100492,2021년 10월 29일 18시,금요일,충청북도 진천군 덕산읍,경상사고,0,0,1,0,차대차 - 추돌,안전거리미확보,건조,맑음,단일로 - 기타,승용,여,26세,상해없음,승용,여,43세,경상
2021102900100493,2021년 10월 29일 18시,금요일,충청북도 청주시 흥덕구 가경동,경상사고,0,0,1,2,차대차 - 측면충돌,안전운전불이행,건조,맑음,단일로 - 기타,승용,여,20세,부상신고,승용,여,24세,경상
2021102900100596,2021년 10월 29일 20시,금요일,충청북도 청주시 청원구 사천동,경상사고,0,0,3,0,차대차 - 기타,신호위반,건조,맑음,교차로 - 교차로부근,승용,남,66세,경상,승용,남,35세,경상
2021102900100675,2021년 10월 29일 23시,금요일,충청북도 충주시 호암동,경상사고,0,0,3,0,차대차 - 측면충돌,신호위반,건조,맑음,교차로 - 교차로부근,승용,남,26세,상해없음,승용,남,27세,경상
2021102900100676,2021년 10월 29일 23시,금요일,충청북도 청주시 흥덕구 오송읍,경상사고,0,0,1,0,차대차 - 추돌,안전운전불이행,건조,맑음,교차로 - 교차로부근,승용,남,48세,상해없음,승용,남,37세,경상
2021102900100677,2021년 10월 29일 23시,금요일,충청북도 청주시 흥덕구 복대동,경상사고,0,0,1,0,차대차 - 측면충돌,직진우회전진행방해,건조,맑음,교차로 - 교차로안,승용,여,22세,상해없음,원동기,남,26세,경상
2021103000100038,2021년 10월 30일 03시,토요일,충청북도 제천시 강제동,사망사고,1,0,0,0,차대사람 - 횡단중,신호위반,건조,맑음,교차로 - 교차로횡단보도내,특수,남,53세,기타불명,보행자,여,91세,사망
2021103000100057,2021년 10월 30일 06시,토요일,충청북도 영동군 영동읍,중상사고,0,1,0,0,차대사람 - 횡단중,안전운전불이행,건조,맑음,교차로 - 교차로안,화물,남,61세,상해없음,보행자,남,65세,중상
2021103000100159,2021년 10월 30일 11시,토요일,충청북도 청주시 서원구 사창동,경상사고,0,0,2,1,차대차 - 기타,기타,건조,맑음,기타 - 기타,승용,남,30세,경상,이륜,남,48세,경상
2021103000100160,2021년 10월 30일 11시,토요일,충청북도 제천시 남천동,부상신고사고,0,0,0,1,차대차 - 측면충돌,안전거리미확보,건조,맑음,교차로 - 교차로부근,이륜,남,49세,부상신고,화물,남,65세,상해없음
2021103000100161,2021년 10월 30일 11시,토요일,충청북도 청주시 상당구 낭성면,경상사고,0,0,4,0,차대차 - 추돌,안전거리미확보,건조,맑음,교차로 - 교차로안,화물,남,27세,상해없음,승용,남,57세,경상
2021103000100189,2021년 10월 30일 12시,토요일,충청북도 충주시 문화동,중상사고,0,1,0,0,차대사람 - 기타,안전운전불이행,건조,맑음,교차로 - 교차로부근,승용,여,37세,상해없음,보행자,여,66세,중상
2021103000100362,2021년 10월 30일 17시,토요일,충청북도 충주시 교현동,경상사고,0,0,1,0,차대차 - 측면충돌,안전거리미확보,건조,맑음,교차로 - 교차로부근,승용,남,39세,기타불명,이륜,여,46세,경상
2021103000100363,2021년 10월 30일 17시,토요일,충청북도 제천시 청전동,중상사고,0,1,0,0,차대차 - 정면충돌,신호위반,건조,맑음,교차로 - 교차로안,승용,여,54세,상해없음,특수,남,33세,중상
2021103000100364,2021년 10월 30일 17시,토요일,충청북도 음성군 금왕읍,부상신고사고,0,0,0,1,차량단독 - 도로외이탈 - 추락,안전운전불이행,건조,맑음,단일로 - 기타,승용,남,27세,부상신고,,,,
2021103000100404,2021년 10월 30일 18시,토요일,충청북도 제천시 화산동,경상사고,0,0,1,0,차대차 - 측면충돌,안전운전불이행,건조,맑음,교차로 - 교차로부근,승용,여,46세,상해없음,승용,남,41세,경상
2021103000100405,2021년 10월 30일 18시,토요일,충청북도 청주시 흥덕구 복대동,부상신고사고,0,0,0,1,차대차 - 측면충돌,안전운전불이행,건조,맑음,교차로 - 교차로부근,승용,남,33세,상해없음,이륜,남,49세,부상신고
2021103000100458,2021년 10월 30일 19시,토요일,충청북도 청주시 청원구 율량동,경상사고,0,0,1,0,차대차 - 기타,안전운전불이행,건조,맑음,단일로 - 기타,승용,여,33세,상해없음,이륜,남,21세,경상
2021103000100482,2021년 10월 30일 20시,토요일,충청북도 충주시 교현동,중상사고,0,1,0,0,차대사람 - 횡단중,보행자보호의무위반,건조,맑음,기타 - 기타,승용,남,53세,상해없음,보행자,여,57세,중상
2021103000100483,2021년 10월 30일 20시,토요일,충청북도 제천시 하소동,사망사고,1,0,1,0,차대차 - 측면충돌,신호위반,건조,맑음,교차로 - 교차로안,이륜,남,16세,사망,승용,남,55세,경상
2021103000100484,2021년 10월 30일 20시,토요일,충청북도 음성군 금왕읍,경상사고,0,0,1,0,차대차 - 추돌,안전운전불이행,건조,맑음,교차로 - 교차로부근,이륜,남,44세,경상,화물,남,51세,상해없음
2021103000100562,2021년 10월 30일 23시,토요일,충청북도 청주시 흥덕구 복대동,경상사고,0,0,1,0,차대차 - 정면충돌,교차로운행방법위반,건조,맑음,교차로 - 교차로안,승용,여,47세,상해없음,승용,남,50세,경상
2021103000100563,2021년 10월 30일 23시,토요일,충청북도 청주시 상당구 금천동,경상사고,0,0,2,0,차대차 - 추돌,안전운전불이행,건조,맑음,단일로 - 지하차도(도로)내,승용,남,27세,상해없음,승용,남,30세,경상
2021103100100008,2021년 10월 31일 00시,일요일,충청북도 청주시 서원구 사직동,중상사고,0,1,0,0,차대사람 - 횡단중,보행자보호의무위반,건조,맑음,교차로 - 교차로횡단보도내,승용,남,18세,상해없음,보행자,여,26세,중상
2021103100100009,2021년 10월 31일 00시,일요일,충청북도 청주시 청원구 오창읍,경상사고,0,0,2,0,차대차 - 추돌,안전운전불이행,건조,맑음,단일로 - 지하차도(도로)내,승용,남,32세,상해없음,특수,남,71세,경상
2021103100100024,2021년 10월 31일 01시,일요일,충청북도 제천시 모산동,경상사고,0,0,1,0,차대차 - 추돌,직진우회전진행방해,건조,맑음,교차로 - 교차로안,이륜,남,35세,경상,승용,남,21세,상해없음
2021103100100109,2021년 10월 31일 11시,일요일,충청북도 증평군 증평읍,경상사고,0,0,1,0,차대차 - 측면충돌,신호위반,건조,맑음,교차로 - 교차로안,이륜,남,48세,경상,승용,남,52세,상해없음
2021103100100176,2021년 10월 31일 13시,일요일,충청북도 청주시 청원구 사천동,경상사고,0,0,2,0,차대차 - 추돌,안전운전불이행,건조,맑음,교차로 - 교차로부근,승용,여,27세,상해없음,승용,남,41세,경상
2021103100100177,2021년 10월 31일 13시,일요일,충청북도 충주시 교현동,경상사고,0,0,1,0,차대차 - 측면충돌,안전운전불이행,건조,맑음,단일로 - 기타,승합,남,70세,상해없음,승용,남,52세,경상
2021103100100242,2021년 10월 31일 15시,일요일,충청북도 괴산군 칠성면,중상사고,0,1,0,0,차대사람 - 횡단중,안전운전불이행,건조,맑음,단일로 - 기타,화물,남,58세,상해없음,보행자,여,70세,중상
2021103100100243,2021년 10월 31일 15시,일요일,충청북도 음성군 대소면,부상신고사고,0,0,0,1,차대차 - 측면충돌,안전운전불이행,건조,맑음,교차로 - 교차로안,원동기,여,54세,부상신고,승용,여,68세,상해없음
2021103100100282,2021년 10월 31일 16시,일요일,충청북도 진천군 진천읍,경상사고,0,0,1,0,차대차 - 기타,안전운전불이행,건조,맑음,교차로 - 교차로안,승용,여,48세,상해없음,승용,여,54세,경상
2021103100100284,2021년 10월 31일 16시,일요일,충청북도 청주시 상당구 미원면,경상사고,0,0,1,0,차대차 - 측면충돌,중앙선침범,건조,맑음,단일로 - 기타,승용,남,58세,기타불명,승용,남,59세,경상
2021103100100360,2021년 10월 31일 18시,일요일,충청북도 청주시 흥덕구 강서동,경상사고,0,0,1,0,차대차 - 측면충돌,안전거리미확보,건조,맑음,단일로 - 기타,승용,여,50세,상해없음,승용,여,58세,경상
2021103100100361,2021년 10월 31일 18시,일요일,충청북도 청주시 상당구 용암동,경상사고,0,0,2,0,차대차 - 측면충돌,차로위반,건조,흐림,교차로 - 교차로부근,승용,여,60세,상해없음,화물,남,58세,경상
2021110100100005,2021년 11월 1일 00시,월요일,충청북도 청주시 청원구 율량동,경상사고,0,0,1,0,차대사람 - 기타,안전운전불이행,건조,맑음,기타 - 기타,승용,남,67세,상해없음,보행자,남,23세,경상