사고번호,사고일시,요일,시군구,사고내용,사망자수,중상자수,경상자수,부상신고자수,사고유형,법규위반,노면상태,기상상태,도로형태,가해운전자 차종,가해운전자 성별,가해운전자 연령,가해운전자 상해정도,피해운전자 차종,피해운전자 성별,피해운전자 연령,피해운전자 상해정도
2021110100100006,2021년 11월 1일 00시,월요일,충청북도 제천시 장락동,부상신고사고,0,0,0,1,차대차 - 추돌,안전운전불이행,건조,맑음,교차로 - 교차로부근,화물,남,48세,상해없음,건설기계,남,55세,부상신고
2021110100100016,2021년 11월 1일 01시,월요일,충청북도 음성군 원남면,사망사고,1,0,1,0,차대차 - 추돌,안전운전불이행,건조,맑음,단일로 - 터널,화물,남,42세,사망,화물,남,61세,경상
2021110100100096,2021년 11월 1일 08시,월요일,충청북도 청주시 흥덕구 봉명동,경상사고,0,0,1,0,차대사람 - 횡단중,안전운전불이행,건조,맑음,교차로 - 교차로안,개인형이동수단(PM),여,18세,상해없음,보행자,여,57세,경상
2021110100100196,2021년 11월 1일 11시,월요일,충청북도 단양군 매포읍,경상사고,0,0,2,0,차대차 - 추돌,안전운전불이행,건조,맑음,교차로 - 교차로안,승용,남,77세,경상,승용,남,69세,경상
2021110100100260,2021년 11월 1일 13시,월요일,충청북도 증평군 증평읍,경상사고,0,0,2,0,차대차 - 기타,중앙선침범,건조,맑음,교차로 - 교차로안,자전거,여,59세,경상,이륜,남,39세,경상
2021110100100261,2021년 11월 1일 13시,월요일,충청북도 청주시 서원구 현도면,중상사고,0,1,1,0,차대차 - 추돌,안전운전불이행,건조,맑음,교차로 - 교차로부근,화물,남,68세,중상,화물,남,67세,경상
2021110100100290,2021년 11월 1일 14시,월요일,충청북도 청주시 청원구 오창읍,경상사고,0,0,3,0,차대차 - 추돌,안전운전불이행,건조,맑음,기타 - 기타,승용,남,31세,상해없음,승용,여,40세,경상
2021110100100291,2021년 11월 1일 14시,월요일,충청북도 청주시 서원구 사직동,경상사고,0,0,1,0,차대차 - 추돌,안전운전불이행,건조,맑음,교차로 - 교차로부근,이륜,남,30세,상해없음,승용,남,54세,경상
2021110100100292,2021년 11월 1일 14시,월요일,충청북도 청주시 흥덕구 비하동,경상사고,0,0,2,0,차대차 - 측면충돌,안전운전불이행,건조,맑음,교차로 - 교차로부근,화물,남,48세,상해없음,승용,남,27세,경상
2021110100100337,2021년 11월 1일 15시,월요일,충청북도 청주시 청원구 내덕동,경상사고,0,0,1,0,차대사람 - 기타,보행자보호의무위반,건조,맑음,교차로 - 교차로횡단보도내,화물,남,50세,상해없음,보행자,남,67세,경상
2021110100100338,2021년 11월 1일 15시,월요일,충청북도 충주시 문화동,경상사고,0,0,1,0,차대차 - 측면충돌,기타,건조,맑음,교차로 - 교차로부근,화물,남,64세,상해없음,승용,여,49세,경상
2021110100100339,2021년 11월 1일 15시,월요일,충청북도 청주시 흥덕구 수의동,경상사고,0,0,1,0,차대차 - 추돌,안전거리미확보,건조,맑음,단일로 - 기타,화물,남,56세,상해없음,화물,남,44세,경상
2021110100100422,2021년 11월 1일 17시,월요일,충청북도 괴산군 사리면,경상사고,0,0,2,0,차대차 - 추돌,안전운전불이행,건조,맑음,단일로 - 기타,승용,남,57세,상해없음,승용,남,43세,경상
2021110100100423,2021년 11월 1일 17시,월요일,충청북도 보은군 보은읍,중상사고,0,1,0,0,차대차 - 측면충돌,신호위반,건조,맑음,교차로 - 교차로안,화물,남,65세,상해없음,화물,남,50세,중상
2021110100100424,2021년 11월 1일 17시,월요일,충청북도 음성군 대소면,경상사고,0,0,1,0,차대차 - 측면충돌,직진우회전진행방해,건조,맑음,교차로 - 교차로부근,이륜,남,54세,경상,화물,남,48세,상해없음
2021110100100472,2021년 11월 1일 18시,월요일,충청북도 충주시 목행동,중상사고,0,2,1,0,차대차 - 추돌,안전운전불이행,건조,맑음,교차로 - 교차로부근,승용,여,60세,중상,승용,남,28세,중상
2021110100100473,2021년 11월 1일 18시,월요일,충청북도 진천군 진천읍,중상사고,0,1,0,0,차대차 - 추돌,안전운전불이행,건조,맑음,교차로 - 교차로부근,승용,남,42세,상해없음,이륜,남,31세,중상
2021110100100474,2021년 11월 1일 18시,월요일,충청북도 청주시 흥덕구 오송읍,경상사고,0,0,1,0,차대차 - 측면충돌,안전운전불이행,건조,맑음,교차로 - 교차로안,승용,남,35세,경상,승용,남,30세,상해없음
2021110100100519,2021년 11월 1일 19시,월요일,충청북도 청주시 흥덕구 복대동,부상신고사고,0,0,0,1,차대차 - 측면충돌,직진우회전진행방해,건조,맑음,교차로 - 교차로안,개인형이동수단(PM),남,35세,부상신고,승용,남,34세,상해없음
2021110100100572,2021년 11월 1일 21시,월요일,충청북도 제천시 동현동,중상사고,0,1,0,0,차대차 - 측면충돌,신호위반,건조,맑음,교차로 - 교차로안,승용,남,27세,상해없음,승용,남,28세,중상
2021110100100594,2021년 11월 1일 22시,월요일,충청북도 청주시 흥덕구 신전동,중상사고,0,3,0,0,차대차 - 추돌,안전운전불이행,건조,맑음,단일로 - 지하차도(도로)내,화물,남,64세,중상,화물,남,62세,중상
2021110100100610,2021년 11월 1일 23시,월요일,충청북도 음성군 대소면,부상신고사고,0,0,0,1,차량단독 - 공작물충돌,안전운전불이행,건조,맑음,교차로 - 교차로부근,승용,여,27세,부상신고,,,,
2021110200100103,2021년 11월 2일 08시,화요일,충청북도 충주시 대소원면,경상사고,0,0,1,0,차대차 - 정면충돌,중앙선침범,건조,맑음,기타 - 기타,승용,여,60세,상해없음,이륜,남,48세,경상
2021110200100104,2021년 11월 2일 08시,화요일,충청북도 충주시 용탄동,경상사고,0,0,3,0,차대차 - 기타,교차로운행방법위반,건조,맑음,교차로 - 교차로안,승용,여,67세,상해없음,승용,여,49세,경상
2021110200100105,2021년 11월 2일 08시,화요일,충청북도 진천군 진천읍,경상사고,0,0,1,0,차대차 - 측면충돌,교차로운행방법위반,건조,맑음,교차로 - 교차로횡단보도내,승용,남,72세,상해없음,승용,여,56세,경상
2021110200100171,2021년 11월 2일 10시,화요일,충청북도 제천시 수산면,경상사고,0,0,2,0,차대차 - 후진중충돌,안전운전불이행,건조,맑음,주차장 - 주차장,화물,남,64세,상해없음,승용,남,62세,경상
2021110200100303,2021년 11월 2일 14시,화요일,충청북도 청주시 청원구 오동동,경상사고,0,0,1,0,차대차 - 기타,기타,건조,맑음,교차로 - 교차로안,승합,남,70세,상해없음,승용,남,22세,경상
2021110200100304,2021년 11월 2일 14시,화요일,충청북도 충주시 지현동,경상사고,0,0,3,0,차대차 - 추돌,안전운전불이행,건조,맑음,교차로 - 교차로부근,화물,남,64세,경상,승용,여,51세,경상
2021110200100305,2021년 11월 2일 14시,화요일,충청북도 청주시 상당구 낭성면,중상사고,0,1,0,0,차대차 - 정면충돌,중앙선침범,건조,맑음,단일로 - 기타,승용,남,55세,상해없음,화물,남,56세,중상
2021110200100334,2021년 11월 2일 15시,화요일,충청북도 충주시 안림동,중상사고,0,1,0,0,차대차 - 추돌,안전운전불이행,건조,맑음,단일로 - 기타,승용,남,36세,상해없음,이륜,남,81세,중상
2021110200100335,2021년 11월 2일 15시,화요일,충청북도 음성군 금왕읍,중상사고,0,1,0,0,차대차 - 측면충돌,기타,건조,맑음,단일로 - 기타,승용,여,42세,상해없음,이륜,남,73세,중상
2021110200100336,2021년 11월 2일 15시,화요일,충청북도 청주시 서원구 개신동,경상사고,0,0,1,0,차대차 - 측면충돌,중앙선침범,건조,맑음,단일로 - 기타,승용,여,31세,상해없음,이륜,남,28세,경상
2021110200100407,2021년 11월 2일 17시,화요일,충청북도 충주시 풍동,경상사고,0,0,1,0,차량단독 - 전도전복 - 전도,안전운전불이행,건조,맑음,기타 - 기타,이륜,남,54세,경상,,,,
2021110200100408,2021년 11월 2일 17시,화요일,충청북도 충주시 단월동,중상사고,0,1,4,0,차대차 - 추돌,안전운전불이행,건조,맑음,단일로 - 교량,승용,여,23세,상해없음,화물,남,69세,중상
2021110200100457,2021년 11월 2일 18시,화요일,충청북도 제천시 청전동,경상사고,0,0,1,0,차대차 - 측면충돌,신호위반,건조,흐림,기타 - 기타,승용,여,51세,상해없음,승용,남,23세,경상
2021110200100517,2021년 11월 2일 19시,화요일,충청북도 청주시 흥덕구 오송읍,중상사고,0,1,0,0,차대차 - 기타,안전운전불이행,건조,맑음,단일로 - 기타,화물,남,56세,상해없음,자전거,남,54세,중상
2021110200100541,2021년 11월 2일 20시,화요일,충청북도 청주시 흥덕구 송절동,경상사고,0,0,1,0,차대차 - 측면충돌,신호위반,건조,맑음,교차로 - 교차로부근,승용,남,37세,상해없음,자전거,여,49세,경상
2021110200100563,2021년 11월 2일 21시,화요일,충청북도 청주시 흥덕구 수의동,중상사고,0,1,3,0,차대차 - 추돌,안전운전불이행,건조,맑음,교차로 - 교차로부근,승용,남,47세,상해없음,승용,남,65세,중상
2021110200100587,2021년 11월 2일 22시,화요일,충청북도 청주시 흥덕구 봉명동,경상사고,0,0,1,0,차대차 - 추돌,안전운전불이행,건조,맑음,단일로 - 기타,승용,남,44세,상해없음,승용,남,32세,경상
2021110300100012,2021년 11월 3일 01시,수요일,충청북도 제천시 수산면,중상사고,0,1,0,0,차량단독 - 공작물충돌,안전운전불이행,건조,맑음,기타 - 기타,승용,남,78세,중상,,,,
2021110300100063,2021년 11월 3일 07시,수요일,충청북도 청주시 청원구 사천동,경상사고,0,0,3,0,차대차 - 기타,차로위반,건조,맑음,교차로 - 교차로부근,승용,남,65세,경상,승용,남,43세,경상
2021110300100064,2021년 11월 3일 07시,수요일,충청북도 충주시 목행동,중상사고,0,2,0,0,차대차 - 측면충돌,직진우회전진행방해,건조,맑음,교차로 - 교차로안,승용,남,50세,중상,승용,남,54세,중상
2021110300100065,2021년 11월 3일 07시,수요일,충청북도 제천시 모산동,중상사고,0,1,0,0,차량단독 - 공작물충돌,안전운전불이행,건조,맑음,기타 - 기타,화물,남,62세,중상,,,,
2021110300100066,2021년 11월 3일 07시,수요일,충청북도 옥천군 청성면,중상사고,0,1,0,0,차대차 - 정면충돌,중앙선침범,젖음/습기,안개,단일로 - 기타,승용,여,65세,상해없음,화물,남,51세,중상
2021110300100104,2021년 11월 3일 08시,수요일,충청북도 제천시 봉양읍,경상사고,0,0,1,0,차대차 - 기타,중앙선침범,건조,맑음,교차로 - 교차로안,승용,여,55세,상해없음,승용,여,67세,경상
2021110300100144,2021년 11월 3일 09시,수요일,충청북도 청주시 청원구 율량동,경상사고,0,0,1,0,차대차 - 측면충돌,안전운전불이행,건조,맑음,교차로 - 교차로안,승용,남,85세,상해없음,승용,여,32세,경상
2021110300100171,2021년 11월 3일 10시,수요일,충청북도 보은군 보은읍,경상사고,0,0,1,0,차대차 - 측면충돌,교차로운행방법위반,건조,맑음,교차로 - 교차로안,승용,남,62세,상해없음,이륜,여,69세,경상
2021110300100214,2021년 11월 3일 11시,수요일,충청북도 청주시 흥덕구 지동동,중상사고,0,1,0,0,차대차 - 측면충돌,신호위반,건조,맑음,교차로 - 교차로안,화물,남,38세,상해없음,승용,여,56세,중상
2021110300100254,2021년 11월 3일 12시,수요일,충청북도 청주시 청원구 외남동,중상사고,0,1,0,0,차대사람 - 보도통행중,안전운전불이행,건조,맑음,단일로 - 기타,승합,남,30세,상해없음,보행자,여,84세,중상
2021110300100255,2021년 11월 3일 12시,수요일,충청북도 청주시 흥덕구 신촌동,경상사고,0,0,1,0,차대차 - 측면충돌,안전운전불이행,건조,맑음,교차로 - 교차로부근,승용,여,42세,상해없음,승합,남,41세,경상
2021110300100282,2021년 11월 3일 13시,수요일,충청북도 진천군 진천읍,중상사고,0,1,1,0,차대차 - 측면충돌,직진우회전진행방해,건조,맑음,교차로 - 교차로안,화물,남,50세,상해없음,승용,남,55세,중상
2021110300100313,2021년 11월 3일 14시,수요일,충청북도 제천시 송학면,경상사고,0,0,2,0,차대차 - 기타,기타,건조,맑음,기타 - 기타,화물,남,61세,상해없음,승용,남,76세,경상
2021110300100314,2021년 11월 3일 14시,수요일,충청북도 청주시 흥덕구 문암동,중상사고,0,1,1,0,차대차 - 정면충돌,안전운전불이행,건조,맑음,교차로 - 교차로안,승용,여,33세,중상,승용,남,63세,경상
2021110300100348,2021년 11월 3일 15시,수요일,충청북도 제천시 모산동,중상사고,0,1,5,0,차대차 - 측면충돌,기타,건조,맑음,교차로 - 교차로안,승용,남,38세,경상,승용,여,49세,중상
2021110300100379,2021년 11월 3일 16시,수요일,충청북도 청주시 청원구 오창읍,경상사고,0,0,3,0,차대차 - 기타,신호위반,건조,맑음,교차로 - 교차로안,승용,여,60세,경상,승용,남,45세,경상
2021110300100380,2021년 11월 3일 16시,수요일,충청북도 충주시 지현동,경상사고,0,0,1,0,차대차 - 후진중충돌,안전운전불이행,젖음/습기,비,단일로 - 기타,화물,남,50세,상해없음,이륜,남,61세,경상
2021110300100415,2021년 11월 3일 17시,수요일,충청북도 청주시 청원구 오동동,중상사고,0,1,0,0,차대차 - 기타,안전운전불이행,건조,맑음,교차로 - 교차로부근,승합,남,50세,상해없음,승용,여,50세,중상
2021110300100416,2021년 11월 3일 17시,수요일,충청북도 충주시 호암동,경상사고,0,0,1,0,차대차 - 기타,기타,건조,맑음,교차로 - 교차로부근,승용,남,63세,상해없음,특수,남,47세,경상
2021110300100417,2021년 11월 3일 17시,수요일,충청북도 청주시 흥덕구 복대동,경상사고,0,0,1,0,차대차 - 측면충돌,신호위반,건조,맑음,교차로 - 교차로안,원동기,남,17세,상해없음,자전거,남,29세,경상
2021110300100472,2021년 11월 3일 18시,수요일,충청북도 음성군 대소면,경상사고,0,0,2,0,차대차 - 측면충돌,신호위반,건조,맑음,교차로 - 교차로안,승용,남,77세,상해없음,승용,남,27세,경상
2021110300100473,2021년 11월 3일 18시,수요일,충청북도 청주시 흥덕구 강서동,경상사고,0,0,1,0,차대차 - 측면충돌,직진우회전진행방해,건조,맑음,교차로 - 교차로안,승용,여,56세,상해없음,이륜,남,35세,경상
2021110300100474,2021년 11월 3일 18시,수요일,충청북도 청주시 흥덕구 봉명동,경상사고,0,0,1,0,차대차 - 측면충돌,안전운전불이행,건조,맑음,단일로 - 기타,승용,남,59세,상해없음,이륜,남,34세,경상
2021110300100529,2021년 11월 3일 19시,수요일,충청북도 청주시 상당구 용암동,중상사고,0,1,0,0,차대사람 - 횡단중,안전운전불이행,건조,맑음,단일로 - 기타,승용,남,49세,상해없음,보행자,여,63세,중상
2021110300100530,2021년 11월 3일 19시,수요일,충청북도 청주시 서원구 모충동,경상사고,0,0,1,0,차대차 - 측면충돌,안전운전불이행,건조,맑음,교차로 - 교차로안,승용,남,48세,상해없음,이륜,남,17세,경상
2021110300100586,2021년 11월 3일 21시,수요일,충청북도 충주시 호암동,경상사고,0,0,1,0,차대차 - 측면충돌,안전운전불이행,건조,흐림,단일로 - 기타,승용,남,41세,상해없음,승용,여,28세,경상
2021110300100614,2021년 11월 3일 22시,수요일,충청북도 청주시 청원구 북이면,사망사고,1,0,1,0,차대차 - 기타,기타,건조,맑음,단일로 - 기타,승용,남,28세,경상,화물,남,69세,사망
2021110300100630,2021년 11월 3일 23시,수요일,충청북도 영동군 학산면,사망사고,1,0,0,0,차량단독 - 도로외이탈 - 추락,안전운전불이행,건조,맑음,기타 - 기타,이륜,남,29세,사망,,,,
2021110400100074,2021년 11월 4일 07시,목요일,충청북도 음성군 금왕읍,경상사고,0,0,1,0,차대차 - 측면충돌,신호위반,젖음/습기,안개,교차로 - 교차로안,승용,여,33세,상해없음,승용,남,19세,경상
2021110400100115,2021년 11월 4일 08시,목요일,충청북도 청주시 서원구 산남동,경상사고,0,0,3,0,차대차 - 측면충돌,교차로운행방법위반,건조,맑음,교차로 - 교차로안,승용,남,51세,경상,승용,남,56세,경상
2021110400100149,2021년 11월 4일 09시,목요일,충청북도 보은군 삼승면,경상사고,0,0,1,0,차대차 - 추돌,안전운전불이행,건조,맑음,단일로 - 기타,이륜,남,77세,경상,화물,남,65세,상해없음
2021110400100150,2021년 11월 4일 09시,목요일,충청북도 충주시 대소원면,중상사고,0,1,1,0,차대차 - 추돌,안전운전불이행,건조,맑음,단일로 - 지하차도(도로)내,승합,남,76세,상해없음,승용,남,37세,경상
2021110400100174,2021년 11월 4일 10시,목요일,충청북도 청주시 상당구 미원면,중상사고,0,1,0,0,차대차 - 측면충돌,안전운전불이행,건조,맑음,단일로 - 기타,농기계,남,58세,중상,승용,남,58세,상해없음
2021110400100200,2021년 11월 4일 11시,목요일,충청북도 제천시 봉양읍,중상사고,0,4,3,3,차대차 - 추돌,안전운전불이행,건조,맑음,교차로 - 교차로부근,화물,남,28세,중상,승합,여,51세,중상
2021110400100230,2021년 11월 4일 12시,목요일,충청북도 충주시 교현동,경상사고,0,0,1,0,차대차 - 추돌,안전운전불이행,건조,맑음,단일로 - 기타,승용,남,80세,상해없음,승용,여,58세,경상
2021110400100231,2021년 11월 4일 12시,목요일,충청북도 청주시 흥덕구 복대동,중상사고,0,1,0,0,차대사람 - 기타,안전운전불이행,건조,맑음,단일로 - 기타,이륜,남,34세,상해없음,보행자,남,66세,중상
2021110400100298,2021년 11월 4일 14시,목요일,충청북도 청주시 청원구 율량동,경상사고,0,0,1,0,차대차 - 측면충돌,차로위반,건조,맑음,단일로 - 기타,화물,남,68세,상해없음,승용,남,38세,경상
2021110400100299,2021년 11월 4일 14시,목요일,충청북도 청주시 서원구 산남동,경상사고,0,0,1,0,차대차 - 기타,안전운전불이행,건조,맑음,단일로 - 기타,승용,여,40세,상해없음,승용,남,43세,경상
2021110400100363,2021년 11월 4일 16시,목요일,충청북도 제천시 신백동,경상사고,0,0,1,1,차대차 - 추돌,안전거리미확보,건조,맑음,교차로 - 교차로안,승용,여,43세,부상신고,승용,여,57세,상해없음
2021110400100414,2021년 11월 4일 17시,목요일,충청북도 청주시 청원구 내덕동,경상사고,0,0,2,0,차대차 - 측면충돌,안전운전불이행,건조,맑음,단일로 - 기타,승용,남,63세,경상,이륜,남,25세,경상
2021110400100415,2021년 11월 4일 17시,목요일,충청북도 제천시 장락동,경상사고,0,0,2,0,차대차 - 추돌,안전운전불이행,건조,맑음,기타 - 기타,승용,남,20세,상해없음,승용,남,63세,상해없음
2021110400100416,2021년 11월 4일 17시,목요일,충청북도 증평군 증평읍,경상사고,0,0,1,0,차대차 - 측면충돌,안전운전불이행,건조,맑음,단일로 - 기타,승용,남,48세,상해없음,자전거,남,12세,경상
2021110400100472,2021년 11월 4일 18시,목요일,충청북도 청주시 상당구 영동,경상사고,0,0,1,0,차대차 - 추돌,안전운전불이행,건조,맑음,단일로 - 기타,승용,남,42세,상해없음,승합,남,38세,경상
2021110400100473,2021년 11월 4일 18시,목요일,충청북도 청주시 청원구 오창읍,경상사고,0,0,1,0,차대차 - 추돌,안전운전불이행,건조,맑음,교차로 - 교차로부근,이륜,남,34세,상해없음,승용,남,33세,경상
2021110400100535,2021년 11월 4일 19시,목요일,충청북도 증평군 증평읍,경상사고,0,0,1,0,차대차 - 측면충돌,직진우회전진행방해,건조,맑음,교차로 - 교차로안,승용,여,38세,경상,승용,남,25세,상해없음
2021110400100536,2021년 11월 4일 19시,목요일,충청북도 청주시 흥덕구 봉명동,경상사고,0,0,2,0,차대차 - 정면충돌,신호위반,건조,맑음,교차로 - 교차로안,이륜,남,33세,상해없음,승용,남,52세,경상
2021110400100537,2021년 11월 4일 19시,목요일,충청북도 청주시 흥덕구 옥산면,경상사고,0,0,1,0,차대차 - 측면충돌,안전거리미확보,건조,맑음,단일로 - 기타,승용,남,76세,상해없음,승용,남,56세,경상
2021110400100564,2021년 11월 4일 20시,목요일,충청북도 청주시 청원구 내덕동,경상사고,0,0,2,0,차대차 - 측면충돌,안전거리미확보,건조,맑음,교차로 - 교차로안,승용,남,25세,상해없음,승용,남,23세,경상
2021110400100565,2021년 11월 4일 20시,목요일,충청북도 단양군 매포읍,경상사고,0,0,3,0,차대차 - 측면충돌,신호위반,건조,기타,교차로 - 교차로안,승용,여,50세,경상,승용,여,55세,경상
2021110400100604,2021년 11월 4일 22시,목요일,충청북도 제천시 화산동,중상사고,0,1,0,0,차대차 - 측면충돌,직진우회전진행방해,건조,흐림,교차로 - 교차로안,승합,남,33세,상해없음,승용,남,44세,중상
2021110400100622,2021년 11월 4일 23시,목요일,충청북도 충주시 중앙탑면,중상사고,0,1,1,0,차대차 - 정면충돌,안전운전불이행,건조,맑음,단일로 - 기타,화물,남,23세,중상,승용,여,27세,경상
2021110400100623,2021년 11월 4일 23시,목요일,충청북도 청주시 흥덕구 비하동,경상사고,0,0,1,0,차대차 - 후진중충돌,불법유턴,건조,맑음,기타 - 기타,화물,남,60세,상해없음,승용,여,48세,상해없음
2021110500100020,2021년 11월 5일 01시,금요일,충청북도 청주시 청원구 오동동,부상신고사고,0,0,0,1,차대차 - 기타,신호위반,건조,맑음,교차로 - 교차로안,승용,남,30세,부상신고,화물,남,60세,상해없음
2021110500100038,2021년 11월 5일 03시,금요일,충청북도 청주시 서원구 모충동,경상사고,0,0,2,0,차대차 - 정면충돌,신호위반,건조,맑음,교차로 - 교차로안,승용,남,22세,상해없음,승용,남,41세,경상
2021110500100041,2021년 11월 5일 04시,금요일,충청북도 청주시 흥덕구 복대동,경상사고,0,0,1,0,차량단독 - 전도전복 - 전도,안전운전불이행,건조,맑음,단일로 - 기타,개인형이동수단(PM),남,26세,경상,,,,
2021110500100048,2021년 11월 5일 05시,금요일,충청북도 청주시 흥덕구 오송읍,경상사고,0,0,2,0,차대차 - 측면충돌,안전운전불이행,젖음/습기,안개,단일로 - 기타,승용,남,30세,상해없음,승용,남,50세,경상
2021110500100058,2021년 11월 5일 06시,금요일,충청북도 청주시 서원구 사창동,중상사고,0,1,0,0,차대사람 - 횡단중,신호위반,건조,맑음,단일로 - 기타,승용,여,44세,상해없음,보행자,여,64세,중상
2021110500100059,2021년 11월 5일 06시,금요일,충청북도 청주시 상당구 금천동,중상사고,0,1,0,0,차대사람 - 횡단중,보행자보호의무위반,건조,맑음,교차로 - 교차로횡단보도내,승용,남,50세,상해없음,보행자,남,66세,중상
2021110500100077,2021년 11월 5일 07시,금요일,충청북도 영동군 영동읍,중상사고,0,1,0,0,차대차 - 후진중충돌,안전운전불이행,건조,맑음,교차로 - 교차로부근,화물,남,62세,상해없음,화물,남,44세,중상
2021110500100115,2021년 11월 5일 08시,금요일,충청북도 충주시 대소원면,경상사고,0,0,1,0,차대차 - 정면충돌,안전운전불이행,건조,맑음,기타 - 기타,화물,남,58세,상해없음,승용,여,43세,경상
2021110500100238,2021년 11월 5일 12시,금요일,충청북도 제천시 장락동,중상사고,0,1,1,0,차대차 - 추돌,안전운전불이행,건조,맑음,교차로 - 교차로안,승용,남,79세,상해없음,화물,남,69세,상해없음
2021110500100348,2021년 11월 5일 15시,금요일,충청북도 괴산군 청천면,중상사고,0,1,1,0,차대차 - 정면충돌,중앙선침범,건조,맑음,단일로 - 기타,화물,남,77세,경상,화물,남,60세,중상
2021110500100389,2021년 11월 5일 16시,금요일,충청북도 제천시 영천동,경상사고,0,0,1,0,차대차 - 측면충돌,교차로운행방법위반,건조,맑음,교차로 - 교차로안,승용,여,66세,상해없음,승용,남,56세,경상
2021110500100505,2021년 11월 5일 18시,금요일,충청북도 충주시 문화동,경상사고,0,0,1,0,차대사람 - 기타,안전운전불이행,건조,흐림,단일로 - 기타,승용,여,48세,상해없음,보행자,여,80세,경상
2021110500100506,2021년 11월 5일 18시,금요일,충청북도 충주시 봉방동,경상사고,0,0,2,0,차대사람 - 횡단중,안전운전불이행,건조,맑음,교차로 - 교차로횡단보도내,이륜,남,40세,경상,보행자,남,26세,경상
2021110500100560,2021년 11월 5일 19시,금요일,충청북도 충주시 호암동,경상사고,0,0,1,1,차대차 - 측면충돌,안전거리미확보,건조,흐림,단일로 - 기타,승용,여,47세,부상신고,승용,남,58세,경상
2021110500100561,2021년 11월 5일 19시,금요일,충청북도 제천시 강제동,부상신고사고,0,0,0,1,차대차 - 측면충돌,안전운전불이행,건조,맑음,교차로 - 교차로안,기타불명,기타불명,미분류,기타불명,자전거,남,14세,부상신고
2021110500100605,2021년 11월 5일 20시,금요일,충청북도 청주시 서원구 개신동,경상사고,0,0,2,0,차대차 - 측면충돌,신호위반,건조,맑음,교차로 - 교차로안,이륜,남,40세,경상,이륜,남,58세,경상
2021110500100643,2021년 11월 5일 21시,금요일,충청북도 청주시 서원구 수곡동,중상사고,0,1,0,0,차량단독 - 기타,안전운전불이행,건조,맑음,교차로 - 교차로안,개인형이동수단(PM),남,37세,중상,,,,
2021110500100670,2021년 11월 5일 22시,금요일,충청북도 청주시 흥덕구 가경동,경상사고,0,0,1,0,차대사람 - 기타,안전운전불이행,건조,맑음,단일로 - 기타,승용,여,24세,상해없음,보행자,남,62세,경상
2021110600100040,2021년 11월 6일 02시,토요일,충청북도 음성군 금왕읍,경상사고,0,0,1,0,차량단독 - 공작물충돌,안전운전불이행,건조,맑음,단일로 - 기타,이륜,남,26세,경상,,,,
2021110600100080,2021년 11월 6일 07시,토요일,충청북도 청주시 상당구 낭성면,중상사고,0,1,1,0,차대차 - 측면충돌,안전운전불이행,건조,맑음,교차로 - 교차로안,승용,남,73세,상해없음,승용,남,75세,경상
2021110600100111,2021년 11월 6일 09시,토요일,충청북도 청주시 흥덕구 지동동,경상사고,0,0,3,0,차대차 - 측면충돌,차로위반,건조,맑음,단일로 - 기타,승용,남,70세,상해없음,승용,여,51세,경상
2021110600100164,2021년 11월 6일 11시,토요일,충청북도 청주시 흥덕구 봉명동,경상사고,0,0,2,0,차대차 - 추돌,안전운전불이행,건조,맑음,기타 - 기타,승용,남,64세,상해없음,승용,남,39세,경상
2021110600100236,2021년 11월 6일 13시,토요일,충청북도 충주시 문화동,경상사고,0,0,1,0,차대차 - 측면충돌,직진우회전진행방해,건조,맑음,교차로 - 교차로안,이륜,남,19세,상해없음,승용,남,68세,경상
2021110600100237,2021년 11월 6일 13시,토요일,충청북도 청주시 흥덕구 복대동,중상사고,0,1,0,0,차대차 - 측면충돌,교차로운행방법위반,건조,맑음,교차로 - 교차로안,승용,남,21세,상해없음,이륜,남,38세,중상
2021110600100286,2021년 11월 6일 14시,토요일,충청북도 청주시 청원구 내덕동,경상사고,0,0,1,0,차대차 - 기타,신호위반,건조,맑음,기타 - 기타,승용,남,57세,상해없음,이륜,남,37세,경상
2021110600100287,2021년 11월 6일 14시,토요일,충청북도 제천시 장락동,경상사고,0,0,2,0,차대차 - 측면충돌,안전거리미확보,건조,맑음,기타 - 기타,승용,남,79세,상해없음,승용,남,64세,경상
2021110600100324,2021년 11월 6일 15시,토요일,충청북도 충주시 연수동,경상사고,0,0,1,0,차대차 - 정면충돌,안전운전불이행,건조,맑음,주차장 - 주차장,승용,남,63세,상해없음,승용,여,44세,경상
2021110600100325,2021년 11월 6일 15시,토요일,충청북도 영동군 용산면,중상사고,0,3,0,0,차량단독 - 기타,안전운전불이행,건조,맑음,단일로 - 기타,승용,남,57세,상해없음,,,,
2021110600100326,2021년 11월 6일 15시,토요일,충청북도 청주시 흥덕구 가경동,경상사고,0,0,2,0,차대차 - 추돌,안전거리미확보,건조,맑음,교차로 - 교차로부근,승용,여,42세,상해없음,승용,남,32세,경상
2021110600100370,2021년 11월 6일 16시,토요일,충청북도 단양군 가곡면,경상사고,0,0,2,0,차대차 - 추돌,안전운전불이행,건조,맑음,교차로 - 교차로안,승합,남,61세,상해없음,승용,남,44세,상해없음
2021110600100414,2021년 11월 6일 17시,토요일,충청북도 청주시 서원구 사직동,경상사고,0,0,2,0,차대차 - 기타,차로위반,건조,맑음,교차로 - 교차로안,승용,남,81세,상해없음,승용,남,28세,경상