사고번호,사고일시,요일,시군구,사고내용,사망자수,중상자수,경상자수,부상신고자수,사고유형,법규위반,노면상태,기상상태,도로형태,가해운전자 차종,가해운전자 성별,가해운전자 연령,가해운전자 상해정도,피해운전자 차종,피해운전자 성별,피해운전자 연령,피해운전자 상해정도
2021110600100461,2021년 11월 6일 18시,토요일,충청북도 청주시 흥덕구 가경동,경상사고,0,0,1,0,차대차 - 측면충돌,안전운전불이행,건조,맑음,교차로 - 교차로횡단보도내,승용,남,65세,상해없음,자전거,남,7세,경상
2021110600100504,2021년 11월 6일 19시,토요일,충청북도 충주시 수안보면,중상사고,0,2,0,0,차대차 - 기타,중앙선침범,건조,맑음,교차로 - 교차로안,승용,여,61세,상해없음,승용,남,57세,중상
2021110600100506,2021년 11월 6일 19시,토요일,충청북도 청주시 서원구 수곡동,경상사고,0,0,2,0,차대차 - 측면충돌,안전운전불이행,건조,흐림,기타 - 기타,승용,남,57세,상해없음,이륜,남,30세,경상
2021110600100507,2021년 11월 6일 19시,토요일,충청북도 청주시 상당구 용암동,경상사고,0,0,2,0,차대차 - 정면충돌,신호위반,건조,맑음,교차로 - 교차로안,승용,남,20세,상해없음,승용,남,25세,경상
2021110600100539,2021년 11월 6일 20시,토요일,충청북도 청주시 상당구 용암동,경상사고,0,0,1,0,차대차 - 추돌,안전운전불이행,건조,흐림,단일로 - 기타,승용,남,45세,상해없음,이륜,남,25세,경상
2021110600100574,2021년 11월 6일 21시,토요일,충청북도 청주시 서원구 분평동,부상신고사고,0,0,0,1,차대차 - 기타,안전운전불이행,건조,맑음,교차로 - 교차로안,이륜,남,22세,부상신고,승용,남,32세,상해없음
2021110600100627,2021년 11월 6일 23시,토요일,충청북도 음성군 맹동면,경상사고,0,0,6,0,차대차 - 정면충돌,안전운전불이행,건조,맑음,교차로 - 교차로안,승용,여,30세,경상,승용,남,54세,경상
2021110700100009,2021년 11월 7일 00시,일요일,충청북도 청주시 서원구 수곡동,경상사고,0,0,1,0,차대사람 - 횡단중,안전운전불이행,건조,맑음,단일로 - 기타,승용,남,51세,상해없음,보행자,남,60세,경상
2021110700100034,2021년 11월 7일 02시,일요일,충청북도 청주시 서원구 사창동,경상사고,0,0,1,0,차대사람 - 기타,안전운전불이행,건조,맑음,기타 - 기타,개인형이동수단(PM),남,34세,상해없음,보행자,남,18세,경상
2021110700100044,2021년 11월 7일 03시,일요일,충청북도 청주시 상당구 용담동,경상사고,0,0,2,0,차대차 - 기타,신호위반,건조,맑음,교차로 - 교차로안,원동기,남,14세,상해없음,승용,남,57세,경상
2021110700100054,2021년 11월 7일 06시,일요일,충청북도 청주시 상당구 용정동,경상사고,0,0,1,0,차대차 - 추돌,안전운전불이행,건조,맑음,교차로 - 교차로부근,승용,남,37세,상해없음,승용,남,49세,경상
2021110700100060,2021년 11월 7일 07시,일요일,충청북도 청주시 서원구 미평동,중상사고,0,1,0,0,차대사람 - 보도통행중,신호위반,건조,맑음,교차로 - 교차로횡단보도내,승합,남,49세,상해없음,보행자,여,82세,중상
2021110700100068,2021년 11월 7일 08시,일요일,충청북도 제천시 신동,경상사고,0,0,1,0,차대차 - 추돌,안전거리미확보,건조,맑음,기타 - 기타,승용,남,72세,상해없음,승용,남,52세,경상
2021110700100069,2021년 11월 7일 08시,일요일,충청북도 청주시 흥덕구 비하동,중상사고,0,1,0,0,차대차 - 후진중충돌,안전운전불이행,건조,맑음,교차로 - 교차로안,승용,여,60세,상해없음,승용,남,55세,중상
2021110700100128,2021년 11월 7일 11시,일요일,충청북도 청주시 서원구 사직동,중상사고,0,1,0,0,차대사람 - 기타,안전운전불이행,건조,맑음,기타 - 기타,기타불명,기타불명,미분류,기타불명,보행자,여,69세,중상
2021110700100129,2021년 11월 7일 11시,일요일,충청북도 청주시 상당구 문의면,경상사고,0,0,1,0,차대차 - 기타,안전운전불이행,건조,맑음,교차로 - 교차로안,자전거,여,55세,경상,승용,남,63세,상해없음
2021110700100150,2021년 11월 7일 12시,일요일,충청북도 제천시 신동,중상사고,0,1,2,0,차대차 - 추돌,안전거리미확보,건조,맑음,교차로 - 교차로안,승용,남,72세,중상,승용,남,58세,경상
2021110700100151,2021년 11월 7일 12시,일요일,충청북도 청주시 흥덕구 강서동,경상사고,0,0,1,0,차대차 - 측면충돌,교차로운행방법위반,건조,맑음,교차로 - 교차로안,자전거,남,14세,경상,승용,여,57세,상해없음
2021110700100183,2021년 11월 7일 13시,일요일,충청북도 청주시 상당구 수동,중상사고,0,2,0,0,차대차 - 기타,교차로운행방법위반,건조,맑음,교차로 - 교차로안,승용,남,24세,상해없음,승용,남,28세,중상
2021110700100184,2021년 11월 7일 13시,일요일,충청북도 청주시 상당구 방서동,경상사고,0,0,1,0,차대차 - 측면충돌,안전운전불이행,건조,맑음,교차로 - 교차로부근,승용,남,60세,상해없음,원동기,남,29세,경상
2021110700100263,2021년 11월 7일 15시,일요일,충청북도 제천시 금성면,경상사고,0,0,2,0,차대차 - 후진중충돌,안전운전불이행,건조,맑음,주차장 - 주차장,승용,여,55세,상해없음,승용,남,38세,경상
2021110700100303,2021년 11월 7일 16시,일요일,충청북도 영동군 양강면,중상사고,0,1,0,0,차대사람 - 횡단중,안전운전불이행,건조,맑음,단일로 - 기타,화물,남,55세,상해없음,보행자,여,4세,중상
2021110700100304,2021년 11월 7일 16시,일요일,충청북도 청주시 상당구 용암동,경상사고,0,0,2,0,차대차 - 측면충돌,안전운전불이행,건조,맑음,교차로 - 교차로안,원동기,남,16세,경상,원동기,남,42세,경상
2021110700100364,2021년 11월 7일 18시,일요일,충청북도 청주시 상당구 방서동,경상사고,0,0,2,0,차대차 - 측면충돌,신호위반,건조,맑음,교차로 - 교차로안,승용,남,61세,상해없음,승용,남,62세,경상
2021110700100396,2021년 11월 7일 19시,일요일,충청북도 청주시 청원구 오창읍,중상사고,0,1,0,0,차대차 - 기타,안전운전불이행,건조,맑음,단일로 - 기타,자전거,남,13세,기타불명,이륜,남,33세,중상
2021110700100397,2021년 11월 7일 19시,일요일,충청북도 음성군 삼성면,중상사고,0,1,0,0,차대차 - 추돌,안전운전불이행,건조,흐림,교차로 - 교차로부근,승용,남,57세,상해없음,승용,남,70세,중상
2021110700100398,2021년 11월 7일 19시,일요일,충청북도 청주시 흥덕구 가경동,경상사고,0,0,1,0,차대차 - 기타,안전거리미확보,건조,맑음,단일로 - 기타,승용,여,39세,상해없음,이륜,남,22세,경상
2021110700100423,2021년 11월 7일 20시,일요일,충청북도 청주시 흥덕구 가경동,경상사고,0,0,1,0,차대차 - 측면충돌,안전거리미확보,건조,맑음,교차로 - 교차로안,승용,여,30세,상해없음,승용,여,51세,경상
2021110700100446,2021년 11월 7일 21시,일요일,충청북도 충주시 충의동,중상사고,0,1,0,0,차대차 - 측면충돌,직진우회전진행방해,건조,맑음,교차로 - 교차로안,승용,남,71세,상해없음,자전거,남,68세,중상
2021110700100481,2021년 11월 7일 23시,일요일,충청북도 청주시 흥덕구 상신동,경상사고,0,0,4,0,차대차 - 측면충돌,신호위반,건조,맑음,교차로 - 교차로안,승용,남,21세,경상,승용,남,34세,경상
2021110800100017,2021년 11월 8일 01시,월요일,충청북도 청주시 흥덕구 강서동,경상사고,0,0,1,0,차대차 - 정면충돌,신호위반,건조,맑음,교차로 - 교차로안,승용,여,47세,상해없음,승용,남,22세,경상
2021110800100081,2021년 11월 8일 07시,월요일,충청북도 청주시 상당구 탑동,경상사고,0,0,1,0,차대차 - 측면충돌,안전운전불이행,젖음/습기,비,교차로 - 교차로안,승용,남,60세,상해없음,승용,남,68세,경상
2021110800100109,2021년 11월 8일 08시,월요일,충청북도 청주시 청원구 북이면,경상사고,0,0,2,0,차대차 - 측면충돌,중앙선침범,젖음/습기,비,교차로 - 교차로부근,승용,남,24세,경상,화물,남,47세,경상
2021110800100110,2021년 11월 8일 08시,월요일,충청북도 청주시 청원구 율량동,경상사고,0,0,2,0,차대차 - 기타,안전운전불이행,젖음/습기,비,교차로 - 교차로안,승용,남,80세,상해없음,승용,남,56세,경상
2021110800100160,2021년 11월 8일 09시,월요일,충청북도 제천시 명동,경상사고,0,0,1,0,차대차 - 측면충돌,안전거리미확보,건조,맑음,기타 - 기타,승합,남,67세,상해없음,승용,남,33세,경상
2021110800100161,2021년 11월 8일 09시,월요일,충청북도 증평군 증평읍,경상사고,0,0,1,0,차대사람 - 기타,안전운전불이행,건조,맑음,단일로 - 기타,기타불명,기타불명,미분류,기타불명,보행자,남,95세,경상
2021110800100223,2021년 11월 8일 11시,월요일,충청북도 괴산군 청천면,중상사고,0,1,0,0,차대사람 - 기타,안전운전불이행,젖음/습기,비,단일로 - 기타,승용,여,63세,상해없음,보행자,남,74세,중상
2021110800100224,2021년 11월 8일 11시,월요일,충청북도 청주시 서원구 남이면,경상사고,0,0,1,0,차대차 - 측면충돌,안전운전불이행,건조,맑음,교차로 - 교차로안,승용,여,61세,상해없음,승용,여,56세,경상
2021110800100298,2021년 11월 8일 13시,월요일,충청북도 충주시 봉방동,경상사고,0,0,1,0,차대차 - 측면충돌,안전거리미확보,젖음/습기,흐림,단일로 - 기타,승용,남,72세,상해없음,화물,남,62세,경상
2021110800100364,2021년 11월 8일 15시,월요일,충청북도 옥천군 옥천읍,중상사고,0,1,1,0,차대차 - 측면충돌,안전운전불이행,젖음/습기,흐림,교차로 - 교차로안,이륜,여,66세,경상,자전거,여,64세,중상
2021110800100365,2021년 11월 8일 15시,월요일,충청북도 청주시 흥덕구 복대동,경상사고,0,0,1,0,차대차 - 측면충돌,안전운전불이행,건조,맑음,교차로 - 교차로안,이륜,남,58세,상해없음,이륜,남,46세,경상
2021110800100454,2021년 11월 8일 17시,월요일,충청북도 충주시 신니면,경상사고,0,0,1,0,차대차 - 추돌,안전거리미확보,젖음/습기,맑음,단일로 - 기타,승용,남,40세,상해없음,화물,남,49세,경상
2021110800100455,2021년 11월 8일 17시,월요일,충청북도 충주시 안림동,경상사고,0,0,2,0,차대차 - 측면충돌,기타,건조,맑음,교차로 - 교차로안,승용,남,72세,경상,승용,남,53세,경상
2021110800100505,2021년 11월 8일 18시,월요일,충청북도 충주시 중앙탑면,경상사고,0,0,1,0,차대차 - 추돌,안전운전불이행,건조,맑음,교차로 - 교차로부근,승용,남,37세,상해없음,승용,남,56세,상해없음
2021110800100506,2021년 11월 8일 18시,월요일,충청북도 제천시 청전동,경상사고,0,0,1,1,차대차 - 측면충돌,안전운전불이행,건조,맑음,교차로 - 교차로안,승용,여,53세,부상신고,승용,여,28세,경상
2021110800100507,2021년 11월 8일 18시,월요일,충청북도 보은군 보은읍,경상사고,0,0,1,0,차대차 - 정면충돌,안전운전불이행,건조,기타,교차로 - 교차로안,승용,여,50세,기타불명,화물,남,61세,경상
2021110800100508,2021년 11월 8일 18시,월요일,충청북도 진천군 광혜원면,경상사고,0,0,1,0,차대사람 - 횡단중,보행자보호의무위반,젖음/습기,비,교차로 - 교차로횡단보도내,화물,남,62세,상해없음,보행자,남,5세,경상
2021110800100509,2021년 11월 8일 18시,월요일,충청북도 청주시 흥덕구 복대동,경상사고,0,0,1,0,차대사람 - 횡단중,신호위반,건조,맑음,교차로 - 교차로횡단보도내,이륜,남,43세,기타불명,보행자,남,13세,경상
2021110800100575,2021년 11월 8일 19시,월요일,충청북도 제천시 장락동,중상사고,0,3,1,0,차대차 - 측면충돌,기타,젖음/습기,비,교차로 - 교차로안,승용,남,18세,경상,승용,남,67세,중상
2021110800100612,2021년 11월 8일 20시,월요일,충청북도 청주시 서원구 수곡동,중상사고,0,1,0,0,차대사람 - 횡단중,안전운전불이행,건조,맑음,단일로 - 기타,승용,여,65세,상해없음,보행자,남,14세,중상
2021110800100642,2021년 11월 8일 21시,월요일,충청북도 충주시 목행동,경상사고,0,0,3,0,차대차 - 추돌,안전운전불이행,젖음/습기,비,교차로 - 교차로부근,화물,남,61세,상해없음,승용,여,28세,경상
2021110800100643,2021년 11월 8일 21시,월요일,충청북도 제천시 신월동,중상사고,0,1,1,0,차대차 - 측면충돌,안전운전불이행,건조,맑음,주차장 - 주차장,승용,남,32세,상해없음,승용,남,34세,경상
2021110800100644,2021년 11월 8일 21시,월요일,충청북도 음성군 대소면,경상사고,0,0,1,0,차대차 - 추돌,안전거리미확보,젖음/습기,비,미분류 - 미분류,승용,남,24세,상해없음,승용,남,58세,경상
2021110900100051,2021년 11월 9일 06시,화요일,충청북도 청주시 청원구 오창읍,경상사고,0,0,1,0,차대차 - 기타,안전거리미확보,젖음/습기,맑음,교차로 - 교차로부근,건설기계,남,64세,상해없음,승용,여,67세,경상
2021110900100096,2021년 11월 9일 08시,화요일,충청북도 청주시 청원구 내덕동,경상사고,0,0,2,0,차대차 - 기타,안전거리미확보,건조,맑음,교차로 - 교차로부근,승용,여,60세,상해없음,승합,남,52세,상해없음
2021110900100131,2021년 11월 9일 09시,화요일,충청북도 청주시 청원구 사천동,중상사고,0,1,0,0,차대사람 - 기타,안전운전불이행,건조,맑음,기타 - 기타,승용,여,57세,상해없음,보행자,여,52세,중상
2021110900100132,2021년 11월 9일 09시,화요일,충청북도 청주시 흥덕구 가경동,중상사고,0,1,0,0,차대차 - 측면충돌,안전운전불이행,건조,맑음,교차로 - 교차로횡단보도내,승용,여,42세,상해없음,자전거,남,18세,중상
2021110900100165,2021년 11월 9일 10시,화요일,충청북도 음성군 맹동면,경상사고,0,0,1,0,차대차 - 측면충돌,교차로운행방법위반,젖음/습기,비,교차로 - 교차로안,승용,여,31세,상해없음,화물,남,49세,경상
2021110900100204,2021년 11월 9일 11시,화요일,충청북도 제천시 의림동,중상사고,0,1,1,0,차대차 - 측면충돌,안전운전불이행,젖음/습기,흐림,교차로 - 교차로부근,승용,여,27세,경상,승용,남,68세,중상
2021110900100205,2021년 11월 9일 11시,화요일,충청북도 단양군 매포읍,경상사고,0,0,4,0,차대차 - 추돌,안전운전불이행,젖음/습기,비,교차로 - 교차로부근,화물,남,39세,상해없음,승용,남,63세,경상
2021110900100276,2021년 11월 9일 13시,화요일,충청북도 옥천군 옥천읍,중상사고,0,1,0,0,차대사람 - 기타,안전운전불이행,건조,맑음,단일로 - 기타,자전거,남,9세,기타불명,보행자,여,86세,중상
2021110900100378,2021년 11월 9일 16시,화요일,충청북도 충주시 살미면,경상사고,0,0,3,0,차대차 - 측면충돌,신호위반,젖음/습기,비,교차로 - 교차로부근,승용,남,53세,상해없음,승용,남,52세,경상
2021110900100428,2021년 11월 9일 17시,화요일,충청북도 충주시 달천동,경상사고,0,0,1,0,차대차 - 기타,안전거리미확보,젖음/습기,비,단일로 - 기타,승용,남,69세,상해없음,승용,여,44세,경상
2021110900100429,2021년 11월 9일 17시,화요일,충청북도 제천시 남천동,중상사고,0,1,0,0,차대사람 - 차도통행중,안전운전불이행,젖음/습기,비,교차로 - 교차로안,승용,여,50세,상해없음,보행자,여,54세,중상
2021110900100430,2021년 11월 9일 17시,화요일,충청북도 청주시 서원구 분평동,부상신고사고,0,0,0,1,차대차 - 측면충돌,안전운전불이행,젖음/습기,비,교차로 - 교차로안,자전거,여,11세,부상신고,승용,여,41세,상해없음
2021110900100431,2021년 11월 9일 17시,화요일,충청북도 청주시 상당구 석교동,경상사고,0,0,1,0,차대차 - 측면충돌,안전운전불이행,젖음/습기,비,교차로 - 교차로안,화물,남,61세,상해없음,승용,여,33세,경상
2021110900100488,2021년 11월 9일 18시,화요일,충청북도 음성군 음성읍,경상사고,0,0,1,0,차대사람 - 보도통행중,보행자보호의무위반,젖음/습기,비,교차로 - 교차로부근,승용,여,28세,상해없음,보행자,남,42세,경상
2021110900100489,2021년 11월 9일 18시,화요일,충청북도 진천군 이월면,경상사고,0,0,2,0,차대차 - 측면충돌,안전운전불이행,건조,맑음,단일로 - 기타,승용,남,23세,상해없음,승용,여,51세,경상
2021110900100490,2021년 11월 9일 18시,화요일,충청북도 청주시 상당구 낭성면,중상사고,0,2,0,0,차대차 - 측면충돌,중앙선침범,건조,맑음,단일로 - 기타,승용,남,64세,상해없음,승용,남,31세,중상
2021110900100553,2021년 11월 9일 19시,화요일,충청북도 음성군 대소면,중상사고,0,1,0,0,차대차 - 측면충돌,중앙선침범,젖음/습기,비,미분류 - 미분류,승용,남,59세,상해없음,이륜,남,25세,중상
2021110900100554,2021년 11월 9일 19시,화요일,충청북도 청주시 흥덕구 가경동,경상사고,0,0,1,0,차대차 - 측면충돌,안전거리미확보,건조,맑음,교차로 - 교차로안,승용,여,46세,상해없음,승용,남,29세,경상
2021110900100555,2021년 11월 9일 19시,화요일,충청북도 청주시 흥덕구 강내면,중상사고,0,1,0,0,차대차 - 측면충돌,안전운전불이행,건조,맑음,교차로 - 교차로부근,이륜,남,44세,중상,승용,남,28세,상해없음
2021110900100622,2021년 11월 9일 21시,화요일,충청북도 충주시 금릉동,중상사고,0,1,0,0,차대사람 - 횡단중,신호위반,젖음/습기,비,교차로 - 교차로횡단보도내,이륜,남,47세,상해없음,보행자,여,55세,중상
2021110900100623,2021년 11월 9일 21시,화요일,충청북도 청주시 서원구 분평동,경상사고,0,0,1,0,차대사람 - 기타,안전운전불이행,건조,맑음,단일로 - 지하차도(도로)내,승합,남,60세,상해없음,보행자,남,53세,경상
2021110900100651,2021년 11월 9일 22시,화요일,충청북도 청주시 청원구 오창읍,중상사고,0,1,0,0,차대사람 - 기타,안전운전불이행,젖음/습기,비,교차로 - 교차로안,승용,여,38세,상해없음,보행자,여,30세,중상
2021110900100652,2021년 11월 9일 22시,화요일,충청북도 청주시 서원구 수곡동,경상사고,0,0,1,0,차대차 - 기타,교차로운행방법위반,건조,맑음,교차로 - 교차로횡단보도내,승용,여,32세,기타불명,승용,남,37세,경상
2021111000100008,2021년 11월 10일 00시,수요일,충청북도 청주시 서원구 사창동,경상사고,0,0,1,0,차대사람 - 기타,안전운전불이행,건조,맑음,기타 - 기타,승용,남,26세,상해없음,보행자,남,23세,경상
2021111000100036,2021년 11월 10일 04시,수요일,충청북도 청주시 서원구 죽림동,경상사고,0,0,1,0,차대차 - 측면충돌,중앙선침범,젖음/습기,흐림,교차로 - 교차로부근,승용,남,56세,상해없음,승용,남,31세,경상
2021111000100061,2021년 11월 10일 06시,수요일,충청북도 충주시 교현동,중상사고,0,1,0,0,차대사람 - 횡단중,신호위반,건조,맑음,교차로 - 교차로안,승용,남,69세,기타불명,보행자,여,68세,중상
2021111000100121,2021년 11월 10일 08시,수요일,충청북도 청주시 상당구 문의면,경상사고,0,0,1,0,차대차 - 측면충돌,안전운전불이행,건조,맑음,교차로 - 교차로안,화물,남,65세,상해없음,화물,남,56세,경상
2021111000100233,2021년 11월 10일 12시,수요일,충청북도 진천군 덕산읍,경상사고,0,0,2,0,차대차 - 측면충돌,안전거리미확보,건조,맑음,교차로 - 교차로안,승용,남,47세,상해없음,승용,여,30세,경상
2021111000100234,2021년 11월 10일 12시,수요일,충청북도 청주시 흥덕구 복대동,중상사고,0,1,0,0,차대차 - 측면충돌,신호위반,건조,맑음,교차로 - 교차로안,승용,남,59세,상해없음,이륜,남,53세,중상
2021111000100235,2021년 11월 10일 12시,수요일,충청북도 청주시 서원구 모충동,경상사고,0,0,1,0,차대차 - 후진중충돌,안전운전불이행,젖음/습기,흐림,교차로 - 교차로안,화물,남,73세,상해없음,승용,남,65세,경상
2021111000100258,2021년 11월 10일 13시,수요일,충청북도 진천군 이월면,경상사고,0,0,2,0,차대차 - 측면충돌,기타,젖음/습기,맑음,교차로 - 교차로안,승용,여,38세,기타불명,승용,남,56세,경상
2021111000100259,2021년 11월 10일 13시,수요일,충청북도 청주시 흥덕구 강서동,경상사고,0,0,1,0,차대차 - 측면충돌,안전운전불이행,건조,맑음,기타 - 기타,승용,남,42세,상해없음,승용,남,27세,경상
2021111000100327,2021년 11월 10일 15시,수요일,충청북도 영동군 매곡면,사망사고,1,2,1,0,차대차 - 측면충돌,중앙선침범,젖음/습기,흐림,기타 - 기타,승용,남,63세,상해없음,승용,남,47세,경상
2021111000100450,2021년 11월 10일 18시,수요일,충청북도 충주시 성남동,중상사고,0,1,0,0,차대사람 - 횡단중,보행자보호의무위반,건조,맑음,교차로 - 교차로횡단보도내,승용,여,31세,상해없음,보행자,여,58세,중상
2021111000100451,2021년 11월 10일 18시,수요일,충청북도 청주시 서원구 성화동,중상사고,0,1,0,0,차대차 - 측면충돌,안전운전불이행,건조,맑음,교차로 - 교차로횡단보도내,화물,남,40세,상해없음,자전거,남,36세,중상
2021111000100452,2021년 11월 10일 18시,수요일,충청북도 청주시 흥덕구 옥산면,경상사고,0,0,1,0,차대차 - 추돌,안전거리미확보,젖음/습기,비,교차로 - 교차로안,승용,여,29세,상해없음,승용,여,33세,상해없음
2021111000100513,2021년 11월 10일 19시,수요일,충청북도 증평군 증평읍,중상사고,0,1,0,0,차대차 - 측면충돌,안전운전불이행,젖음/습기,흐림,교차로 - 교차로안,승용,남,56세,상해없음,승용,여,33세,중상
2021111000100514,2021년 11월 10일 19시,수요일,충청북도 청주시 흥덕구 봉명동,경상사고,0,0,1,0,차대사람 - 횡단중,보행자보호의무위반,젖음/습기,비,교차로 - 교차로횡단보도내,승용,남,54세,상해없음,보행자,여,25세,경상
2021111000100548,2021년 11월 10일 20시,수요일,충청북도 영동군 용산면,중상사고,0,1,0,0,차대사람 - 횡단중,안전운전불이행,건조,맑음,교차로 - 교차로횡단보도내,화물,남,56세,상해없음,보행자,여,18세,중상
2021111000100582,2021년 11월 10일 21시,수요일,충청북도 청주시 서원구 사직동,경상사고,0,0,2,0,차대차 - 기타,교차로운행방법위반,젖음/습기,비,교차로 - 교차로안,승용,여,32세,경상,승용,남,47세,경상
2021111000100583,2021년 11월 10일 21시,수요일,충청북도 충주시 교현동,경상사고,0,0,1,0,차대차 - 정면충돌,신호위반,건조,흐림,교차로 - 교차로안,승용,남,51세,상해없음,승용,남,46세,경상
2021111000100605,2021년 11월 10일 22시,수요일,충청북도 청주시 서원구 사창동,경상사고,0,0,1,0,차대사람 - 기타,안전운전불이행,젖음/습기,비,기타 - 기타,승용,남,60세,상해없음,보행자,여,24세,경상
2021111000100606,2021년 11월 10일 22시,수요일,충청북도 청주시 서원구 산남동,경상사고,0,0,1,0,차대차 - 측면충돌,안전운전불이행,건조,맑음,단일로 - 지하차도(도로)내,승용,남,54세,상해없음,이륜,남,31세,경상
2021111000100607,2021년 11월 10일 22시,수요일,충청북도 청주시 서원구 모충동,중상사고,0,1,0,0,차대사람 - 기타,안전운전불이행,젖음/습기,비,미분류 - 미분류,기타불명,기타불명,미분류,기타불명,보행자,남,55세,중상
2021111000100632,2021년 11월 10일 23시,수요일,충청북도 청주시 청원구 율량동,경상사고,0,0,1,0,차대차 - 정면충돌,신호위반,젖음/습기,비,교차로 - 교차로안,화물,남,51세,상해없음,승용,여,26세,경상
2021111000100633,2021년 11월 10일 23시,수요일,충청북도 청주시 서원구 산남동,중상사고,0,1,0,0,차대차 - 기타,안전운전불이행,젖음/습기,흐림,교차로 - 교차로안,화물,남,34세,상해없음,이륜,남,39세,중상
2021111100100049,2021년 11월 11일 06시,목요일,충청북도 청주시 서원구 남이면,경상사고,0,0,1,0,차대차 - 추돌,안전운전불이행,건조,맑음,교차로 - 교차로부근,기타불명,기타불명,미분류,기타불명,승합,남,54세,경상
2021111100100084,2021년 11월 11일 07시,목요일,충청북도 충주시 중앙탑면,중상사고,0,1,5,0,차대차 - 정면충돌,안전운전불이행,건조,맑음,교차로 - 교차로부근,화물,남,55세,중상,승용,남,50세,경상
2021111100100085,2021년 11월 11일 07시,목요일,충청북도 청주시 흥덕구 복대동,중상사고,0,1,0,0,차대사람 - 기타,안전운전불이행,건조,맑음,단일로 - 기타,승용,남,73세,상해없음,보행자,남,49세,중상
2021111100100124,2021년 11월 11일 08시,목요일,충청북도 괴산군 괴산읍,경상사고,0,0,1,0,차대차 - 추돌,안전거리미확보,건조,맑음,단일로 - 기타,화물,남,66세,상해없음,승용,여,37세,경상
2021111100100125,2021년 11월 11일 08시,목요일,충청북도 청주시 서원구 남이면,경상사고,0,0,1,0,차대차 - 측면충돌,안전거리미확보,건조,맑음,교차로 - 교차로부근,화물,남,65세,상해없음,승용,남,26세,경상
2021111100100126,2021년 11월 11일 08시,목요일,충청북도 청주시 흥덕구 송정동,경상사고,0,0,1,0,차대차 - 측면충돌,신호위반,건조,맑음,교차로 - 교차로안,승합,남,61세,상해없음,승용,여,43세,경상
2021111100100127,2021년 11월 11일 08시,목요일,충청북도 청주시 서원구 수곡동,경상사고,0,0,1,0,차대사람 - 횡단중,보행자보호의무위반,건조,맑음,교차로 - 교차로횡단보도내,승용,남,47세,상해없음,보행자,남,7세,경상
2021111100100163,2021년 11월 11일 09시,목요일,충청북도 제천시 산곡동,경상사고,0,0,1,0,차량단독 - 공작물충돌,안전운전불이행,건조,맑음,단일로 - 지하차도(도로)내,화물,여,74세,경상,,,,
2021111100100164,2021년 11월 11일 09시,목요일,충청북도 제천시 남천동,경상사고,0,0,2,0,차대차 - 측면충돌,중앙선침범,건조,맑음,교차로 - 교차로횡단보도내,승용,남,77세,상해없음,승용,여,54세,경상
2021111100100165,2021년 11월 11일 09시,목요일,충청북도 청주시 상당구 용정동,경상사고,0,0,1,0,차대차 - 기타,교차로운행방법위반,건조,맑음,교차로 - 교차로안,화물,남,54세,상해없음,이륜,남,28세,경상
2021111100100192,2021년 11월 11일 10시,목요일,충청북도 충주시 호암동,경상사고,0,0,2,0,차대차 - 추돌,안전운전불이행,건조,맑음,교차로 - 교차로부근,승용,여,56세,상해없음,승용,남,65세,경상
2021111100100227,2021년 11월 11일 11시,목요일,충청북도 충주시 문화동,부상신고사고,0,0,0,1,차대차 - 기타,안전운전불이행,건조,맑음,단일로 - 기타,이륜,남,75세,부상신고,화물,남,26세,상해없음
2021111100100228,2021년 11월 11일 11시,목요일,충청북도 청주시 흥덕구 옥산면,경상사고,0,0,1,0,차대차 - 측면충돌,직진우회전진행방해,건조,맑음,교차로 - 교차로안,이륜,남,47세,경상,화물,남,46세,상해없음
2021111100100291,2021년 11월 11일 13시,목요일,충청북도 단양군 단양읍,경상사고,0,0,3,0,차대차 - 측면충돌,안전운전불이행,건조,맑음,기타 - 기타,특수,남,63세,상해없음,승용,남,36세,경상
2021111100100292,2021년 11월 11일 13시,목요일,충청북도 청주시 상당구 영운동,경상사고,0,0,2,0,차대차 - 측면충돌,교차로운행방법위반,젖음/습기,비,교차로 - 교차로안,승용,여,62세,경상,승용,여,61세,경상
2021111100100319,2021년 11월 11일 14시,목요일,충청북도 옥천군 동이면,경상사고,0,0,3,1,차대차 - 추돌,안전운전불이행,건조,맑음,단일로 - 교량,화물,남,39세,부상신고,특수,남,47세,경상
2021111100100346,2021년 11월 11일 15시,목요일,충청북도 영동군 영동읍,경상사고,0,0,3,0,차대차 - 기타,안전운전불이행,건조,맑음,교차로 - 교차로안,승용,여,22세,상해없음,승용,남,24세,경상
2021111100100347,2021년 11월 11일 15시,목요일,충청북도 청주시 서원구 분평동,부상신고사고,0,0,0,1,차대차 - 측면충돌,안전운전불이행,젖음/습기,비,단일로 - 기타,자전거,남,10세,부상신고,승용,남,60세,상해없음
2021111100100348,2021년 11월 11일 15시,목요일,충청북도 청주시 상당구 탑동,경상사고,0,0,1,0,차대차 - 측면충돌,안전운전불이행,건조,맑음,교차로 - 교차로안,승합,여,64세,상해없음,승용,남,28세,경상
2021111100100437,2021년 11월 11일 17시,목요일,충청북도 청주시 청원구 율량동,경상사고,0,0,2,0,차대차 - 추돌,안전운전불이행,건조,맑음,단일로 - 기타,승용,남,59세,상해없음,승용,남,74세,경상