사고번호,사고일시,요일,시군구,사고내용,사망자수,중상자수,경상자수,부상신고자수,사고유형,법규위반,노면상태,기상상태,도로형태,가해운전자 차종,가해운전자 성별,가해운전자 연령,가해운전자 상해정도,피해운전자 차종,피해운전자 성별,피해운전자 연령,피해운전자 상해정도
2021111100100438,2021년 11월 11일 17시,목요일,충청북도 충주시 성서동,경상사고,0,0,4,0,차대차 - 기타,기타,건조,맑음,교차로 - 교차로부근,승용,여,69세,상해없음,승용,남,26세,경상
2021111100100439,2021년 11월 11일 17시,목요일,충청북도 음성군 금왕읍,경상사고,0,0,1,0,차대차 - 추돌,안전운전불이행,건조,맑음,미분류 - 미분류,이륜,남,82세,경상,승용,남,59세,상해없음
2021111100100440,2021년 11월 11일 17시,목요일,충청북도 옥천군 옥천읍,경상사고,0,0,1,0,차대사람 - 횡단중,안전운전불이행,젖음/습기,비,교차로 - 교차로안,승용,남,77세,상해없음,보행자,여,54세,경상
2021111100100441,2021년 11월 11일 17시,목요일,충청북도 진천군 초평면,중상사고,0,1,0,0,차대차 - 추돌,안전운전불이행,젖음/습기,흐림,교차로 - 교차로안,화물,남,60세,상해없음,승용,남,56세,중상
2021111100100442,2021년 11월 11일 17시,목요일,충청북도 청주시 서원구 남이면,중상사고,0,1,2,0,차대차 - 추돌,안전운전불이행,건조,맑음,교차로 - 교차로부근,승용,남,63세,상해없음,승용,여,46세,경상
2021111100100485,2021년 11월 11일 18시,목요일,충청북도 청주시 청원구 오창읍,중상사고,0,1,0,0,차대사람 - 횡단중,신호위반,건조,맑음,교차로 - 교차로횡단보도내,승용,남,64세,상해없음,보행자,남,42세,중상
2021111100100486,2021년 11월 11일 18시,목요일,충청북도 진천군 광혜원면,경상사고,0,0,1,0,차대차 - 측면충돌,신호위반,건조,흐림,교차로 - 교차로안,승용,남,59세,상해없음,승용,남,42세,경상
2021111100100487,2021년 11월 11일 18시,목요일,충청북도 청주시 흥덕구 운천동,경상사고,0,0,1,0,차대차 - 추돌,안전거리미확보,건조,맑음,교차로 - 교차로안,이륜,남,17세,상해없음,승용,여,63세,경상
2021111100100488,2021년 11월 11일 18시,목요일,충청북도 청주시 흥덕구 복대동,경상사고,0,0,2,0,차대차 - 측면충돌,교차로운행방법위반,건조,맑음,교차로 - 교차로안,승용,남,52세,상해없음,승용,남,47세,경상
2021111100100539,2021년 11월 11일 19시,목요일,충청북도 청주시 청원구 사천동,중상사고,0,1,0,0,차대차 - 측면충돌,안전거리미확보,젖음/습기,비,단일로 - 기타,승용,남,62세,상해없음,이륜,남,27세,중상
2021111100100540,2021년 11월 11일 19시,목요일,충청북도 제천시 청전동,경상사고,0,0,1,0,차대차 - 정면충돌,신호위반,건조,맑음,교차로 - 교차로안,승용,남,35세,상해없음,승용,여,47세,경상
2021111100100541,2021년 11월 11일 19시,목요일,충청북도 괴산군 연풍면,부상신고사고,0,0,0,1,차대차 - 추돌,안전운전불이행,건조,맑음,단일로 - 터널,화물,남,50세,부상신고,화물,남,52세,상해없음
2021111100100542,2021년 11월 11일 19시,목요일,충청북도 증평군 증평읍,중상사고,0,1,1,0,차대차 - 측면충돌,안전운전불이행,건조,흐림,단일로 - 기타,승용,남,74세,중상,승용,남,60세,경상
2021111100100543,2021년 11월 11일 19시,목요일,충청북도 청주시 상당구 용암동,경상사고,0,0,1,0,차대차 - 정면충돌,신호위반,건조,맑음,교차로 - 교차로안,승용,남,40세,상해없음,승용,여,29세,경상
2021111100100575,2021년 11월 11일 20시,목요일,충청북도 청주시 청원구 주중동,경상사고,0,0,3,0,차대차 - 기타,안전운전불이행,건조,맑음,단일로 - 기타,승용,남,61세,상해없음,승합,남,48세,경상
2021111100100576,2021년 11월 11일 20시,목요일,충청북도 충주시 단월동,경상사고,0,0,1,0,차대차 - 측면충돌,직진우회전진행방해,건조,맑음,기타 - 기타,승용,남,24세,상해없음,승용,남,33세,경상
2021111100100577,2021년 11월 11일 20시,목요일,충청북도 음성군 금왕읍,경상사고,0,0,2,0,차대차 - 측면충돌,교차로운행방법위반,건조,맑음,교차로 - 교차로안,승용,여,56세,경상,승용,남,27세,경상
2021111100100578,2021년 11월 11일 20시,목요일,충청북도 옥천군 옥천읍,경상사고,0,0,1,0,차대차 - 측면충돌,안전거리미확보,건조,맑음,교차로 - 교차로부근,화물,남,61세,상해없음,승용,남,36세,경상
2021111100100601,2021년 11월 11일 21시,목요일,충청북도 진천군 진천읍,경상사고,0,0,1,0,차대사람 - 횡단중,보행자보호의무위반,젖음/습기,흐림,교차로 - 교차로횡단보도내,승용,남,38세,상해없음,보행자,남,53세,경상
2021111100100626,2021년 11월 11일 22시,목요일,충청북도 충주시 대소원면,경상사고,0,0,1,0,차량단독 - 공작물충돌,안전운전불이행,건조,맑음,교차로 - 교차로안,승용,남,26세,경상,,,,
2021111100100627,2021년 11월 11일 22시,목요일,충청북도 제천시 신월동,중상사고,0,3,0,0,차대차 - 정면충돌,신호위반,건조,맑음,교차로 - 교차로안,승용,여,64세,중상,승용,남,67세,중상
2021111100100646,2021년 11월 11일 23시,목요일,충청북도 증평군 증평읍,경상사고,0,0,2,0,차대차 - 측면충돌,직진우회전진행방해,젖음/습기,비,교차로 - 교차로안,승용,여,37세,상해없음,승용,남,58세,경상
2021111200100031,2021년 11월 12일 03시,금요일,충청북도 청주시 청원구 오창읍,경상사고,0,0,1,0,차대차 - 기타,안전운전불이행,건조,맑음,기타 - 기타,승용,남,50세,상해없음,승용,여,28세,경상
2021111200100032,2021년 11월 12일 03시,금요일,충청북도 청주시 흥덕구 강내면,경상사고,0,0,1,0,차대차 - 추돌,안전운전불이행,젖음/습기,비,단일로 - 기타,화물,남,52세,상해없음,화물,남,62세,상해없음
2021111200100076,2021년 11월 12일 07시,금요일,충청북도 진천군 진천읍,경상사고,0,0,1,0,차대차 - 측면충돌,안전운전불이행,건조,맑음,단일로 - 기타,승용,남,29세,상해없음,승용,남,63세,경상
2021111200100100,2021년 11월 12일 08시,금요일,충청북도 청주시 서원구 남이면,경상사고,0,0,1,1,차대차 - 측면충돌,신호위반,젖음/습기,비,교차로 - 교차로안,이륜,남,63세,부상신고,승용,여,55세,경상
2021111200100143,2021년 11월 12일 09시,금요일,충청북도 청주시 흥덕구 강서동,경상사고,0,0,1,0,차대차 - 측면충돌,신호위반,건조,맑음,단일로 - 기타,승용,남,49세,상해없음,승용,여,24세,경상
2021111200100172,2021년 11월 12일 10시,금요일,충청북도 충주시 목행동,경상사고,0,0,2,0,차대차 - 정면충돌,교차로운행방법위반,건조,맑음,교차로 - 교차로부근,화물,남,50세,상해없음,승용,여,44세,경상
2021111200100173,2021년 11월 12일 10시,금요일,충청북도 제천시 중앙로2가,경상사고,0,0,2,0,차대차 - 측면충돌,직진우회전진행방해,건조,맑음,교차로 - 교차로안,화물,남,46세,상해없음,승용,여,59세,경상
2021111200100174,2021년 11월 12일 10시,금요일,충청북도 청주시 흥덕구 가경동,경상사고,0,0,1,0,차대사람 - 횡단중,보행자보호의무위반,건조,맑음,교차로 - 교차로횡단보도내,승용,남,70세,상해없음,보행자,남,67세,경상
2021111200100213,2021년 11월 12일 11시,금요일,충청북도 청주시 서원구 남이면,경상사고,0,0,5,0,차대차 - 측면충돌,안전거리미확보,건조,맑음,단일로 - 기타,화물,남,61세,경상,승용,남,46세,경상
2021111200100316,2021년 11월 12일 14시,금요일,충청북도 충주시 칠금동,중상사고,0,1,1,0,차대차 - 기타,안전거리미확보,건조,맑음,교차로 - 교차로안,승합,남,47세,상해없음,화물,남,52세,경상
2021111200100317,2021년 11월 12일 14시,금요일,충청북도 청주시 흥덕구 강내면,경상사고,0,0,1,0,차대차 - 측면충돌,기타,건조,맑음,교차로 - 교차로부근,승용,남,63세,상해없음,자전거,남,10세,경상
2021111200100361,2021년 11월 12일 15시,금요일,충청북도 괴산군 연풍면,경상사고,0,0,3,0,차대차 - 측면충돌,안전운전불이행,건조,맑음,단일로 - 기타,화물,남,70세,경상,승용,남,76세,경상
2021111200100362,2021년 11월 12일 15시,금요일,충청북도 청주시 흥덕구 강서동,중상사고,0,1,0,0,차대차 - 측면충돌,안전운전불이행,건조,맑음,교차로 - 교차로안,건설기계,남,41세,상해없음,자전거,남,73세,중상
2021111200100400,2021년 11월 12일 16시,금요일,충청북도 청주시 흥덕구 봉명동,경상사고,0,0,1,0,차대차 - 측면충돌,직진우회전진행방해,건조,맑음,교차로 - 교차로안,승용,남,80세,상해없음,이륜,남,19세,경상
2021111200100437,2021년 11월 12일 17시,금요일,충청북도 청주시 청원구 오창읍,중상사고,0,1,0,0,차대차 - 기타,안전운전불이행,건조,맑음,교차로 - 교차로안,승용,여,47세,상해없음,자전거,여,55세,중상
2021111200100438,2021년 11월 12일 17시,금요일,충청북도 충주시 봉방동,중상사고,0,1,0,0,차대차 - 측면충돌,안전운전불이행,건조,흐림,단일로 - 기타,화물,남,58세,상해없음,승용,남,29세,중상
2021111200100497,2021년 11월 12일 18시,금요일,충청북도 진천군 이월면,경상사고,0,0,1,0,차대차 - 추돌,안전운전불이행,건조,맑음,단일로 - 기타,승용,남,29세,상해없음,승용,남,27세,경상
2021111200100553,2021년 11월 12일 19시,금요일,충청북도 충주시 노은면,경상사고,0,0,1,0,차대차 - 측면충돌,안전운전불이행,건조,맑음,교차로 - 교차로부근,승용,여,55세,상해없음,승용,여,50세,경상
2021111200100594,2021년 11월 12일 20시,금요일,충청북도 청주시 흥덕구 옥산면,중상사고,0,3,1,0,차대차 - 측면충돌,안전운전불이행,건조,맑음,교차로 - 교차로안,승용,여,25세,상해없음,승용,남,26세,중상
2021111200100619,2021년 11월 12일 21시,금요일,충청북도 증평군 증평읍,경상사고,0,0,2,0,차대차 - 측면충돌,신호위반,건조,기타,교차로 - 교차로안,승용,남,42세,경상,화물,남,46세,경상
2021111200100620,2021년 11월 12일 21시,금요일,충청북도 청주시 흥덕구 오송읍,경상사고,0,0,4,0,차대차 - 추돌,안전운전불이행,건조,맑음,단일로 - 기타,승용,남,42세,상해없음,승용,남,27세,경상
2021111200100672,2021년 11월 12일 23시,금요일,충청북도 청주시 서원구 사창동,중상사고,0,1,0,0,차대사람 - 차도통행중,안전운전불이행,건조,맑음,교차로 - 교차로부근,화물,남,41세,상해없음,보행자,남,35세,중상
2021111200100673,2021년 11월 12일 23시,금요일,충청북도 청주시 흥덕구 송정동,경상사고,0,0,1,0,차대차 - 추돌,안전운전불이행,건조,맑음,교차로 - 교차로부근,승용,여,43세,상해없음,화물,남,49세,상해없음
2021111300100014,2021년 11월 13일 00시,토요일,충청북도 청주시 상당구 용암동,중상사고,0,1,0,0,차대차 - 측면충돌,신호위반,건조,맑음,교차로 - 교차로부근,승용,남,30세,상해없음,이륜,남,21세,중상
2021111300100048,2021년 11월 13일 02시,토요일,충청북도 청주시 흥덕구 봉명동,경상사고,0,0,1,0,차대차 - 추돌,안전운전불이행,건조,맑음,교차로 - 교차로부근,승합,남,31세,상해없음,승용,남,58세,경상
2021111300100078,2021년 11월 13일 06시,토요일,충청북도 청주시 청원구 우암동,경상사고,0,0,2,0,차대차 - 측면충돌,안전거리미확보,건조,맑음,기타 - 기타,승용,남,25세,상해없음,승용,남,41세,경상
2021111300100095,2021년 11월 13일 07시,토요일,충청북도 청주시 서원구 수곡동,경상사고,0,0,1,0,차대차 - 추돌,안전운전불이행,건조,맑음,교차로 - 교차로부근,승용,남,36세,상해없음,승용,여,25세,경상
2021111300100111,2021년 11월 13일 08시,토요일,충청북도 충주시 교현동,중상사고,0,1,0,0,차대차 - 측면충돌,신호위반,건조,맑음,교차로 - 교차로안,승용,남,32세,상해없음,승용,남,45세,중상
2021111300100112,2021년 11월 13일 08시,토요일,충청북도 청주시 흥덕구 봉명동,경상사고,0,0,1,0,차대차 - 기타,중앙선침범,건조,맑음,단일로 - 기타,승용,남,26세,상해없음,이륜,남,47세,경상
2021111300100137,2021년 11월 13일 09시,토요일,충청북도 제천시 청전동,경상사고,0,0,1,0,차대차 - 측면충돌,안전거리미확보,건조,맑음,단일로 - 지하차도(도로)내,승용,남,73세,상해없음,승용,여,57세,경상
2021111300100138,2021년 11월 13일 09시,토요일,충청북도 충주시 중앙탑면,경상사고,0,0,3,0,차대차 - 후진중충돌,안전운전불이행,건조,맑음,기타 - 기타,승용,남,38세,경상,승용,남,49세,경상
2021111300100212,2021년 11월 13일 11시,토요일,충청북도 청주시 흥덕구 송정동,경상사고,0,0,2,0,차대차 - 기타,안전운전불이행,건조,맑음,단일로 - 기타,승용,남,38세,상해없음,이륜,남,79세,경상
2021111300100213,2021년 11월 13일 11시,토요일,충청북도 보은군 회인면,경상사고,0,0,1,0,차대차 - 추돌,안전운전불이행,건조,맑음,단일로 - 지하차도(도로)내,승합,남,48세,상해없음,화물,남,73세,경상
2021111300100254,2021년 11월 13일 12시,토요일,충청북도 청주시 서원구 산남동,경상사고,0,0,1,0,차대차 - 측면충돌,안전운전불이행,건조,맑음,단일로 - 지하차도(도로)내,승용,남,72세,상해없음,승용,남,32세,기타불명
2021111300100330,2021년 11월 13일 14시,토요일,충청북도 청주시 상당구 용암동,경상사고,0,0,1,0,차대사람 - 기타,기타,건조,맑음,교차로 - 교차로부근,기타불명,기타불명,미분류,기타불명,보행자,여,79세,경상
2021111300100367,2021년 11월 13일 15시,토요일,충청북도 충주시 문화동,경상사고,0,0,3,0,차대차 - 측면충돌,안전운전불이행,건조,맑음,교차로 - 교차로안,승용,남,62세,상해없음,승용,남,23세,경상
2021111300100402,2021년 11월 13일 16시,토요일,충청북도 청주시 흥덕구 정봉동,경상사고,0,0,1,0,차대차 - 측면충돌,안전운전불이행,건조,맑음,교차로 - 교차로부근,승용,남,63세,상해없음,이륜,남,57세,경상
2021111300100448,2021년 11월 13일 17시,토요일,충청북도 청주시 서원구 죽림동,경상사고,0,0,1,0,차대차 - 측면충돌,안전운전불이행,건조,맑음,교차로 - 교차로안,승용,남,22세,상해없음,승용,남,47세,경상
2021111300100486,2021년 11월 13일 18시,토요일,충청북도 제천시 청전동,경상사고,0,0,1,0,차대차 - 측면충돌,안전운전불이행,건조,맑음,단일로 - 기타,승용,여,64세,상해없음,승용,남,38세,경상
2021111300100487,2021년 11월 13일 18시,토요일,충청북도 보은군 속리산면,중상사고,0,2,1,0,차량단독 - 공작물충돌,안전운전불이행,건조,기타,교차로 - 교차로안,승용,남,70세,중상,,,,
2021111300100529,2021년 11월 13일 19시,토요일,충청북도 충주시 앙성면,경상사고,0,0,1,0,차량단독 - 기타,안전운전불이행,건조,맑음,단일로 - 기타,승용,남,35세,경상,,,,
2021111300100530,2021년 11월 13일 19시,토요일,충청북도 제천시 천남동,경상사고,0,0,1,0,차대차 - 측면충돌,안전거리미확보,건조,맑음,기타 - 기타,승용,남,61세,경상,승용,남,78세,상해없음
2021111300100531,2021년 11월 13일 19시,토요일,충청북도 청주시 흥덕구 봉명동,경상사고,0,0,1,0,차대차 - 측면충돌,안전운전불이행,건조,맑음,교차로 - 교차로부근,승용,여,52세,상해없음,승용,남,37세,경상
2021111300100532,2021년 11월 13일 19시,토요일,충청북도 청주시 흥덕구 외북동,경상사고,0,0,1,0,차대차 - 측면충돌,안전운전불이행,건조,흐림,단일로 - 기타,승용,남,73세,상해없음,승용,남,62세,경상
2021111300100565,2021년 11월 13일 20시,토요일,충청북도 제천시 장락동,경상사고,0,0,3,0,차대차 - 추돌,안전거리미확보,건조,기타,교차로 - 교차로안,승용,남,21세,상해없음,승용,여,28세,경상
2021111300100566,2021년 11월 13일 20시,토요일,충청북도 진천군 진천읍,중상사고,0,1,0,0,차대차 - 측면충돌,교차로운행방법위반,건조,맑음,교차로 - 교차로안,승용,여,41세,상해없음,이륜,남,18세,중상
2021111300100567,2021년 11월 13일 20시,토요일,충청북도 청주시 흥덕구 운천동,중상사고,0,1,0,0,차대차 - 측면충돌,안전거리미확보,건조,맑음,교차로 - 교차로안,원동기,남,43세,중상,승용,남,59세,상해없음
2021111400100101,2021년 11월 14일 09시,일요일,충청북도 청주시 청원구 우암동,중상사고,0,1,0,0,차대차 - 측면충돌,차로위반,건조,맑음,교차로 - 교차로부근,승용,남,47세,상해없음,이륜,남,18세,중상
2021111400100169,2021년 11월 14일 12시,일요일,충청북도 괴산군 청천면,경상사고,0,0,1,0,차대차 - 측면충돌,직진우회전진행방해,건조,맑음,교차로 - 교차로안,승용,여,55세,상해없음,승용,남,27세,경상
2021111400100192,2021년 11월 14일 13시,일요일,충청북도 청주시 서원구 현도면,경상사고,0,0,1,0,차대차 - 추돌,안전운전불이행,건조,맑음,단일로 - 기타,승용,여,35세,상해없음,승용,남,38세,경상
2021111400100222,2021년 11월 14일 14시,일요일,충청북도 청주시 청원구 율량동,중상사고,0,1,0,0,차대차 - 추돌,안전운전불이행,건조,맑음,기타 - 기타,기타불명,기타불명,미분류,기타불명,이륜,여,33세,중상
2021111400100324,2021년 11월 14일 17시,일요일,충청북도 청주시 상당구 용암동,경상사고,0,0,2,0,차대차 - 기타,차로위반,건조,맑음,교차로 - 교차로안,화물,남,67세,경상,승용,남,66세,경상
2021111400100363,2021년 11월 14일 18시,일요일,충청북도 청주시 청원구 오창읍,경상사고,0,0,1,0,차대차 - 추돌,안전거리미확보,건조,맑음,단일로 - 기타,승용,남,39세,상해없음,승용,여,28세,상해없음
2021111400100364,2021년 11월 14일 18시,일요일,충청북도 제천시 모산동,중상사고,0,1,0,0,차대사람 - 횡단중,안전운전불이행,건조,흐림,기타 - 기타,승용,남,58세,상해없음,보행자,여,22세,중상
2021111400100365,2021년 11월 14일 18시,일요일,충청북도 청주시 서원구 남이면,경상사고,0,0,2,0,차대차 - 측면충돌,안전거리미확보,건조,맑음,단일로 - 기타,특수,남,49세,상해없음,승용,남,64세,경상
2021111400100366,2021년 11월 14일 18시,일요일,충청북도 청주시 서원구 남이면,부상신고사고,0,0,0,1,차대차 - 추돌,안전운전불이행,건조,맑음,단일로 - 기타,승용,남,30세,상해없음,승용,남,53세,상해없음
2021111400100398,2021년 11월 14일 19시,일요일,충청북도 충주시 문화동,경상사고,0,0,1,0,차대차 - 정면충돌,신호위반,건조,맑음,교차로 - 교차로안,승용,남,46세,상해없음,승용,남,30세,경상
2021111400100427,2021년 11월 14일 20시,일요일,충청북도 청주시 청원구 오창읍,경상사고,0,0,1,0,차대차 - 추돌,안전운전불이행,건조,맑음,교차로 - 교차로부근,이륜,남,25세,상해없음,승용,남,46세,경상
2021111400100449,2021년 11월 14일 21시,일요일,충청북도 청주시 흥덕구 가경동,경상사고,0,0,2,0,차대차 - 추돌,안전운전불이행,건조,맑음,단일로 - 기타,승용,남,36세,상해없음,승용,남,27세,경상
2021111500100099,2021년 11월 15일 08시,월요일,충청북도 충주시 봉방동,경상사고,0,0,1,0,차대사람 - 기타,보행자보호의무위반,건조,맑음,교차로 - 교차로횡단보도내,승용,남,73세,상해없음,보행자,여,84세,경상
2021111500100136,2021년 11월 15일 09시,월요일,충청북도 충주시 성서동,중상사고,0,1,1,0,차대차 - 측면충돌,직진우회전진행방해,건조,맑음,교차로 - 교차로안,승용,남,73세,중상,화물,남,56세,경상
2021111500100164,2021년 11월 15일 10시,월요일,충청북도 괴산군 감물면,중상사고,0,2,1,0,차대차 - 측면충돌,직진우회전진행방해,건조,맑음,교차로 - 교차로안,승합,남,67세,중상,화물,남,75세,상해없음
2021111500100239,2021년 11월 15일 12시,월요일,충청북도 청주시 청원구 내덕동,경상사고,0,0,2,0,차대차 - 기타,안전운전불이행,건조,맑음,기타 - 기타,화물,남,66세,상해없음,승용,여,69세,경상
2021111500100240,2021년 11월 15일 12시,월요일,충청북도 청주시 상당구 용암동,중상사고,0,1,0,0,차대차 - 정면충돌,신호위반,건조,맑음,교차로 - 교차로안,화물,남,57세,기타불명,승용,여,59세,중상
2021111500100299,2021년 11월 15일 14시,월요일,충청북도 청주시 청원구 율량동,경상사고,0,0,1,0,차대차 - 기타,안전운전불이행,건조,맑음,교차로 - 교차로부근,승용,남,61세,상해없음,승용,남,63세,경상
2021111500100300,2021년 11월 15일 14시,월요일,충청북도 청주시 서원구 사직동,경상사고,0,0,1,0,차대차 - 기타,안전거리미확보,건조,맑음,교차로 - 교차로부근,승용,남,66세,상해없음,승합,남,41세,경상
2021111500100301,2021년 11월 15일 14시,월요일,충청북도 증평군 증평읍,경상사고,0,0,2,0,차대차 - 측면충돌,직진우회전진행방해,건조,맑음,교차로 - 교차로안,승용,남,48세,경상,사륜오토바이(ATV),남,84세,경상
2021111500100421,2021년 11월 15일 17시,월요일,충청북도 옥천군 이원면,사망사고,1,0,0,0,차대차 - 추돌,안전운전불이행,건조,맑음,단일로 - 기타,화물,남,65세,상해없음,농기계,남,64세,사망
2021111500100422,2021년 11월 15일 17시,월요일,충청북도 청주시 상당구 용암동,경상사고,0,0,1,0,차대차 - 측면충돌,안전운전불이행,건조,맑음,교차로 - 교차로부근,승용,남,71세,상해없음,승용,여,56세,경상
2021111500100423,2021년 11월 15일 17시,월요일,충청북도 청주시 서원구 모충동,경상사고,0,0,1,0,차대사람 - 기타,안전운전불이행,건조,맑음,단일로 - 기타,화물,남,49세,상해없음,보행자,남,43세,경상
2021111500100481,2021년 11월 15일 18시,월요일,충청북도 증평군 증평읍,경상사고,0,0,2,0,차대차 - 추돌,안전운전불이행,건조,맑음,단일로 - 기타,승용,남,53세,상해없음,승용,남,26세,경상
2021111500100482,2021년 11월 15일 18시,월요일,충청북도 청주시 흥덕구 지동동,경상사고,0,0,1,0,차대차 - 측면충돌,안전거리미확보,건조,맑음,교차로 - 교차로부근,승용,남,44세,상해없음,승용,남,58세,경상
2021111500100483,2021년 11월 15일 18시,월요일,충청북도 청주시 흥덕구 복대동,경상사고,0,0,3,0,차대차 - 측면충돌,안전거리미확보,건조,맑음,단일로 - 기타,화물,남,59세,상해없음,승용,남,30세,경상
2021111500100543,2021년 11월 15일 19시,월요일,충청북도 청주시 흥덕구 가경동,경상사고,0,0,1,0,차대사람 - 기타,안전운전불이행,건조,맑음,교차로 - 교차로부근,승용,여,61세,상해없음,보행자,남,50세,경상
2021111600100027,2021년 11월 16일 02시,화요일,충청북도 제천시 고암동,중상사고,0,1,0,1,차대차 - 추돌,안전거리미확보,건조,맑음,교차로 - 교차로부근,승용,남,33세,부상신고,승용,남,60세,중상
2021111600100060,2021년 11월 16일 06시,화요일,충청북도 영동군 용산면,중상사고,0,1,0,0,차대차 - 측면충돌,안전운전불이행,기타,기타,교차로 - 교차로안,기타불명,기타불명,미분류,기타불명,이륜,남,41세,중상
2021111600100061,2021년 11월 16일 06시,화요일,충청북도 청주시 흥덕구 비하동,중상사고,0,1,0,0,차대사람 - 횡단중,신호위반,건조,맑음,교차로 - 교차로안,승용,남,26세,상해없음,보행자,여,50세,중상
2021111600100119,2021년 11월 16일 08시,화요일,충청북도 증평군 증평읍,부상신고사고,0,0,0,1,차대차 - 기타,안전운전불이행,건조,맑음,단일로 - 기타,승용,여,59세,상해없음,승용,남,32세,부상신고
2021111600100161,2021년 11월 16일 09시,화요일,충청북도 보은군 보은읍,경상사고,0,0,1,0,차대차 - 측면충돌,안전운전불이행,건조,맑음,단일로 - 기타,농기계,남,81세,경상,승용,여,66세,상해없음
2021111600100162,2021년 11월 16일 09시,화요일,충청북도 음성군 생극면,경상사고,0,0,3,0,차대차 - 측면충돌,안전운전불이행,건조,맑음,교차로 - 교차로안,특수,남,39세,기타불명,승용,여,22세,경상
2021111600100163,2021년 11월 16일 09시,화요일,충청북도 청주시 상당구 미원면,경상사고,0,0,1,0,차대차 - 추돌,안전운전불이행,건조,맑음,단일로 - 기타,화물,여,63세,상해없음,화물,남,51세,경상
2021111600100197,2021년 11월 16일 10시,화요일,충청북도 충주시 문화동,경상사고,0,0,4,0,차대차 - 측면충돌,안전운전불이행,건조,맑음,단일로 - 기타,승용,여,46세,경상,승용,남,19세,경상
2021111600100198,2021년 11월 16일 10시,화요일,충청북도 음성군 감곡면,경상사고,0,0,1,0,차대차 - 추돌,안전운전불이행,건조,맑음,단일로 - 지하차도(도로)내,승용,남,58세,상해없음,승용,남,36세,경상
2021111600100270,2021년 11월 16일 12시,화요일,충청북도 청주시 상당구 서문동,경상사고,0,0,4,0,차대차 - 측면충돌,안전운전불이행,건조,맑음,교차로 - 교차로안,화물,남,61세,상해없음,승용,여,48세,경상
2021111600100306,2021년 11월 16일 13시,화요일,충청북도 증평군 증평읍,중상사고,0,1,0,0,차대차 - 측면충돌,안전운전불이행,건조,맑음,단일로 - 기타,화물,남,68세,상해없음,자전거,남,84세,중상
2021111600100307,2021년 11월 16일 13시,화요일,충청북도 청주시 서원구 남이면,중상사고,0,1,0,0,차대차 - 측면충돌,안전운전불이행,건조,맑음,단일로 - 기타,승용,남,68세,상해없음,자전거,여,72세,중상
2021111600100450,2021년 11월 16일 17시,화요일,충청북도 제천시 왕암동,경상사고,0,0,1,0,차대차 - 측면충돌,교차로운행방법위반,건조,맑음,교차로 - 교차로부근,승용,여,60세,상해없음,승용,남,28세,경상
2021111600100451,2021년 11월 16일 17시,화요일,충청북도 제천시 천남동,중상사고,0,1,0,0,차량단독 - 공작물충돌,안전운전불이행,건조,맑음,기타 - 기타,승용,남,71세,상해없음,,,,
2021111600100452,2021년 11월 16일 17시,화요일,충청북도 진천군 덕산읍,중상사고,0,1,0,0,차대차 - 측면충돌,직진우회전진행방해,건조,맑음,교차로 - 교차로안,승용,남,65세,상해없음,이륜,남,53세,중상
2021111600100499,2021년 11월 16일 18시,화요일,충청북도 제천시 고암동,경상사고,0,0,4,0,차대차 - 정면충돌,직진우회전진행방해,건조,맑음,교차로 - 교차로안,승용,여,42세,경상,승용,여,50세,경상
2021111600100500,2021년 11월 16일 18시,화요일,충청북도 음성군 맹동면,경상사고,0,0,2,0,차대차 - 측면충돌,직진우회전진행방해,건조,맑음,교차로 - 교차로안,승용,여,64세,경상,승용,남,56세,경상
2021111600100501,2021년 11월 16일 18시,화요일,충청북도 청주시 흥덕구 강내면,경상사고,0,0,2,0,차대차 - 측면충돌,안전거리미확보,건조,맑음,기타 - 기타,승용,여,38세,상해없음,승용,여,32세,경상
2021111600100502,2021년 11월 16일 18시,화요일,충청북도 청주시 서원구 미평동,중상사고,0,1,3,0,차대차 - 추돌,안전운전불이행,건조,맑음,단일로 - 기타,승합,여,50세,상해없음,승용,여,44세,중상
2021111600100546,2021년 11월 16일 19시,화요일,충청북도 충주시 교현동,중상사고,0,1,0,0,차대사람 - 횡단중,안전운전불이행,건조,맑음,단일로 - 기타,이륜,남,40세,상해없음,보행자,여,52세,중상
2021111600100547,2021년 11월 16일 19시,화요일,충청북도 제천시 송학면,중상사고,0,1,1,0,차대사람 - 차도통행중,안전운전불이행,건조,맑음,교차로 - 교차로부근,승용,남,60세,상해없음,보행자,남,68세,경상
2021111600100548,2021년 11월 16일 19시,화요일,충청북도 진천군 문백면,경상사고,0,0,1,0,차대차 - 측면충돌,불법유턴,건조,맑음,단일로 - 기타,승용,여,63세,상해없음,승용,남,47세,경상
2021111600100599,2021년 11월 16일 21시,화요일,충청북도 진천군 덕산읍,경상사고,0,0,1,0,차대차 - 정면충돌,안전운전불이행,건조,맑음,교차로 - 교차로안,승용,남,55세,상해없음,승용,남,27세,경상
2021111600100600,2021년 11월 16일 21시,화요일,충청북도 청주시 흥덕구 봉명동,경상사고,0,0,1,0,차대차 - 추돌,안전운전불이행,건조,맑음,교차로 - 교차로부근,승용,남,28세,상해없음,승용,남,27세,경상