사고번호,사고일시,요일,시군구,사고내용,사망자수,중상자수,경상자수,부상신고자수,사고유형,법규위반,노면상태,기상상태,도로형태,가해운전자 차종,가해운전자 성별,가해운전자 연령,가해운전자 상해정도,피해운전자 차종,피해운전자 성별,피해운전자 연령,피해운전자 상해정도
2021120700100373,2021년 12월 7일 16시,화요일,충청북도 청주시 상당구 문화동,경상사고,0,0,1,0,차대차 - 측면충돌,안전운전불이행,건조,맑음,교차로 - 교차로횡단보도내,승용,여,38세,상해없음,자전거,남,9세,경상
2021120700100410,2021년 12월 7일 17시,화요일,충청북도 청주시 서원구 사창동,중상사고,0,1,0,0,차대사람 - 기타,안전운전불이행,건조,맑음,기타 - 기타,승용,남,52세,상해없음,보행자,여,53세,중상
2021120700100411,2021년 12월 7일 17시,화요일,충청북도 음성군 금왕읍,경상사고,0,0,5,0,차대차 - 측면충돌,안전운전불이행,건조,맑음,교차로 - 교차로부근,승용,남,54세,상해없음,승용,남,46세,경상
2021120700100412,2021년 12월 7일 17시,화요일,충청북도 진천군 이월면,중상사고,0,1,1,0,차대차 - 추돌,안전운전불이행,건조,맑음,단일로 - 기타,승용,여,33세,중상,승용,여,26세,경상
2021120700100413,2021년 12월 7일 17시,화요일,충청북도 청주시 상당구 방서동,경상사고,0,0,1,0,차대차 - 후진중충돌,안전운전불이행,건조,맑음,단일로 - 기타,승용,남,64세,상해없음,승용,여,32세,경상
2021120700100475,2021년 12월 7일 18시,화요일,충청북도 청주시 청원구 내덕동,중상사고,0,1,0,0,차대사람 - 기타,보행자보호의무위반,건조,맑음,교차로 - 교차로횡단보도내,이륜,남,43세,상해없음,보행자,여,22세,중상
2021120700100476,2021년 12월 7일 18시,화요일,충청북도 청주시 흥덕구 복대동,경상사고,0,0,1,0,차대차 - 측면충돌,안전거리미확보,건조,맑음,단일로 - 기타,화물,여,61세,기타불명,승용,여,33세,경상
2021120700100514,2021년 12월 7일 19시,화요일,충청북도 음성군 감곡면,중상사고,0,1,0,0,차대차 - 측면충돌,안전운전불이행,건조,맑음,미분류 - 미분류,승용,여,47세,상해없음,자전거,남,19세,중상
2021120700100515,2021년 12월 7일 19시,화요일,충청북도 청주시 상당구 용암동,경상사고,0,0,1,0,차대차 - 측면충돌,안전운전불이행,건조,맑음,교차로 - 교차로안,승용,여,36세,상해없음,이륜,남,19세,경상
2021120700100544,2021년 12월 7일 20시,화요일,충청북도 진천군 이월면,경상사고,0,0,1,0,차대차 - 측면충돌,안전운전불이행,건조,맑음,단일로 - 기타,화물,남,52세,상해없음,승용,여,72세,경상
2021120700100579,2021년 12월 7일 22시,화요일,충청북도 제천시 동현동,경상사고,0,0,3,0,차대차 - 정면충돌,신호위반,건조,맑음,교차로 - 교차로안,승용,남,34세,상해없음,승용,여,44세,경상
2021120800100021,2021년 12월 8일 03시,수요일,충청북도 청주시 서원구 분평동,경상사고,0,0,2,0,차대차 - 추돌,안전운전불이행,건조,맑음,단일로 - 기타,승용,남,23세,상해없음,승용,남,41세,경상
2021120800100026,2021년 12월 8일 04시,수요일,충청북도 청주시 흥덕구 복대동,경상사고,0,0,1,0,차대차 - 기타,기타,건조,맑음,교차로 - 교차로부근,이륜,남,22세,경상,이륜,남,38세,상해없음
2021120800100057,2021년 12월 8일 06시,수요일,충청북도 청주시 청원구 오창읍,경상사고,0,0,1,0,차대차 - 기타,안전운전불이행,건조,맑음,기타 - 기타,화물,남,55세,상해없음,승용,여,50세,경상
2021120800100076,2021년 12월 8일 07시,수요일,충청북도 청주시 청원구 오창읍,중상사고,0,2,0,0,차대차 - 기타,교차로운행방법위반,건조,맑음,기타 - 기타,승용,여,34세,상해없음,승용,여,46세,중상
2021120800100077,2021년 12월 8일 07시,수요일,충청북도 청주시 상당구 낭성면,경상사고,0,0,2,0,차대차 - 추돌,안전거리미확보,서리/결빙,흐림,단일로 - 기타,승용,남,25세,상해없음,승용,남,33세,경상
2021120800100108,2021년 12월 8일 08시,수요일,충청북도 영동군 황간면,중상사고,0,1,0,0,차대차 - 추돌,중앙선침범,건조,맑음,단일로 - 기타,승용,남,54세,상해없음,원동기,남,81세,중상
2021120800100162,2021년 12월 8일 10시,수요일,충청북도 청주시 청원구 오창읍,경상사고,0,0,2,0,차대차 - 기타,안전운전불이행,건조,맑음,단일로 - 기타,화물,남,47세,경상,농기계,남,80세,경상
2021120800100163,2021년 12월 8일 10시,수요일,충청북도 충주시 목행동,사망사고,1,0,0,0,차대차 - 정면충돌,신호위반,젖음/습기,안개,교차로 - 교차로안,이륜,남,66세,사망,승용,남,36세,상해없음
2021120800100164,2021년 12월 8일 10시,수요일,충청북도 청주시 흥덕구 강내면,경상사고,0,0,1,0,차대차 - 기타,교차로운행방법위반,건조,맑음,교차로 - 교차로안,승용,여,61세,상해없음,승용,남,21세,경상
2021120800100222,2021년 12월 8일 12시,수요일,충청북도 충주시 목행동,경상사고,0,0,1,0,차대차 - 정면충돌,직진우회전진행방해,건조,맑음,교차로 - 교차로안,승용,남,64세,상해없음,승용,여,47세,경상
2021120800100223,2021년 12월 8일 12시,수요일,충청북도 음성군 대소면,중상사고,0,1,1,0,차대차 - 측면충돌,안전운전불이행,건조,맑음,교차로 - 교차로안,승용,남,77세,중상,승용,남,30세,경상
2021120800100224,2021년 12월 8일 12시,수요일,충청북도 진천군 덕산읍,경상사고,0,0,2,0,차대차 - 측면충돌,안전운전불이행,건조,맑음,교차로 - 교차로부근,승용,남,28세,상해없음,승합,남,62세,경상
2021120800100225,2021년 12월 8일 12시,수요일,충청북도 청주시 흥덕구 복대동,경상사고,0,0,1,0,차대차 - 측면충돌,안전거리미확보,건조,맑음,단일로 - 기타,승용,여,65세,상해없음,승용,여,56세,경상
2021120800100263,2021년 12월 8일 13시,수요일,충청북도 옥천군 옥천읍,중상사고,0,1,0,0,차대차 - 측면충돌,안전운전불이행,건조,맑음,교차로 - 교차로안,화물,남,54세,상해없음,화물,남,59세,중상
2021120800100264,2021년 12월 8일 13시,수요일,충청북도 청주시 흥덕구 복대동,경상사고,0,0,1,0,차대사람 - 기타,보행자보호의무위반,건조,맑음,교차로 - 교차로횡단보도내,화물,남,41세,상해없음,보행자,여,79세,경상
2021120800100300,2021년 12월 8일 14시,수요일,충청북도 청주시 흥덕구 복대동,경상사고,0,0,1,0,차대사람 - 횡단중,보행자보호의무위반,건조,맑음,교차로 - 교차로횡단보도내,이륜,여,43세,상해없음,보행자,여,64세,경상
2021120800100301,2021년 12월 8일 14시,수요일,충청북도 충주시 노은면,경상사고,0,0,1,0,차대차 - 측면충돌,안전거리미확보,건조,맑음,단일로 - 지하차도(도로)내,승용,남,59세,상해없음,승용,남,20세,상해없음
2021120800100335,2021년 12월 8일 15시,수요일,충청북도 청주시 청원구 북이면,경상사고,0,0,1,0,차대차 - 기타,안전운전불이행,건조,맑음,기타 - 기타,화물,남,54세,상해없음,승용,남,34세,경상
2021120800100336,2021년 12월 8일 15시,수요일,충청북도 단양군 단성면,중상사고,0,1,0,0,차량단독 - 도로외이탈 - 기타,안전운전불이행,젖음/습기,맑음,기타 - 기타,건설기계,남,60세,중상,,,,
2021120800100417,2021년 12월 8일 17시,수요일,충청북도 진천군 덕산읍,중상사고,0,1,1,0,차대차 - 측면충돌,교차로운행방법위반,건조,맑음,교차로 - 교차로안,화물,남,56세,상해없음,승용,여,38세,중상
2021120800100418,2021년 12월 8일 17시,수요일,충청북도 진천군 이월면,경상사고,0,0,1,0,차대차 - 측면충돌,안전운전불이행,건조,맑음,교차로 - 교차로안,원동기,기타불명,미분류,기타불명,승용,여,50세,경상
2021120800100419,2021년 12월 8일 17시,수요일,충청북도 청주시 흥덕구 비하동,부상신고사고,0,0,0,1,차대차 - 측면충돌,중앙선침범,건조,맑음,단일로 - 기타,자전거,남,15세,부상신고,건설기계,남,29세,상해없음
2021120800100420,2021년 12월 8일 17시,수요일,충청북도 청주시 흥덕구 오송읍,경상사고,0,0,1,0,차대차 - 측면충돌,안전거리미확보,건조,맑음,교차로 - 교차로부근,승용,여,39세,상해없음,승용,남,38세,경상
2021120800100421,2021년 12월 8일 17시,수요일,충청북도 청주시 흥덕구 복대동,경상사고,0,0,2,0,차대차 - 측면충돌,안전운전불이행,건조,맑음,교차로 - 교차로안,승용,남,24세,상해없음,이륜,남,63세,경상
2021120800100523,2021년 12월 8일 19시,수요일,충청북도 청주시 청원구 오창읍,경상사고,0,0,1,0,차대차 - 기타,안전운전불이행,건조,맑음,교차로 - 교차로부근,승용,여,28세,상해없음,승용,남,31세,경상
2021120800100555,2021년 12월 8일 20시,수요일,충청북도 진천군 덕산읍,부상신고사고,0,0,0,1,차량단독 - 공작물충돌,안전운전불이행,건조,맑음,단일로 - 기타,이륜,남,30세,부상신고,,,,
2021120800100594,2021년 12월 8일 22시,수요일,충청북도 청주시 서원구 사창동,경상사고,0,0,1,0,차대차 - 측면충돌,안전거리미확보,건조,맑음,교차로 - 교차로부근,화물,남,63세,상해없음,승용,남,29세,경상
2021120900100028,2021년 12월 9일 04시,목요일,충청북도 청주시 흥덕구 비하동,경상사고,0,0,1,0,차대차 - 후진중충돌,안전운전불이행,건조,맑음,기타 - 기타,승용,여,57세,상해없음,이륜,남,30세,경상
2021120900100059,2021년 12월 9일 07시,목요일,충청북도 충주시 단월동,경상사고,0,0,2,0,차대차 - 추돌,안전거리미확보,젖음/습기,안개,단일로 - 교량,화물,남,45세,상해없음,건설기계,남,41세,경상
2021120900100094,2021년 12월 9일 08시,목요일,충청북도 청주시 흥덕구 오송읍,경상사고,0,0,1,0,차대차 - 추돌,중앙선침범,건조,맑음,교차로 - 교차로부근,승용,여,32세,상해없음,승용,남,50세,경상
2021120900100095,2021년 12월 9일 08시,목요일,충청북도 청주시 흥덕구 강서동,경상사고,0,0,2,0,차대차 - 측면충돌,안전운전불이행,건조,맑음,교차로 - 교차로안,승용,여,50세,기타불명,화물,남,36세,경상
2021120900100190,2021년 12월 9일 12시,목요일,충청북도 청주시 서원구 사창동,중상사고,0,1,0,0,차대차 - 기타,신호위반,건조,맑음,교차로 - 교차로부근,승용,여,50세,상해없음,이륜,남,42세,중상
2021120900100243,2021년 12월 9일 14시,목요일,충청북도 제천시 신백동,경상사고,0,0,1,0,차대사람 - 기타,안전운전불이행,건조,맑음,단일로 - 기타,화물,남,53세,상해없음,보행자,남,32세,경상
2021120900100293,2021년 12월 9일 16시,목요일,충청북도 청주시 흥덕구 운천동,경상사고,0,0,1,0,차대사람 - 기타,안전운전불이행,건조,맑음,단일로 - 기타,승용,여,69세,상해없음,보행자,남,67세,경상
2021120900100328,2021년 12월 9일 17시,목요일,충청북도 증평군 증평읍,중상사고,0,1,0,0,차대차 - 정면충돌,안전운전불이행,건조,맑음,교차로 - 교차로안,승용,남,61세,상해없음,승용,여,63세,중상
2021120900100384,2021년 12월 9일 18시,목요일,충청북도 충주시 호암동,경상사고,0,0,2,0,차대차 - 추돌,교차로운행방법위반,건조,맑음,교차로 - 교차로안,승용,여,38세,상해없음,승용,여,45세,경상
2021120900100385,2021년 12월 9일 18시,목요일,충청북도 영동군 영동읍,중상사고,0,1,0,0,차대사람 - 기타,안전운전불이행,건조,맑음,교차로 - 교차로안,승용,여,66세,상해없음,보행자,여,53세,중상
2021120900100386,2021년 12월 9일 18시,목요일,충청북도 영동군 심천면,경상사고,0,0,1,0,차대차 - 추돌,안전운전불이행,건조,맑음,단일로 - 기타,승용,남,51세,상해없음,승용,여,53세,경상
2021120900100387,2021년 12월 9일 18시,목요일,충청북도 음성군 금왕읍,경상사고,0,0,3,0,차대차 - 측면충돌,안전운전불이행,건조,맑음,교차로 - 교차로안,승용,여,26세,경상,승용,여,34세,경상
2021120900100388,2021년 12월 9일 18시,목요일,충청북도 청주시 흥덕구 복대동,중상사고,0,1,0,0,차대사람 - 횡단중,안전운전불이행,건조,맑음,단일로 - 기타,승용,여,29세,상해없음,보행자,여,70세,중상
2021120900100511,2021년 12월 9일 22시,목요일,충청북도 청주시 서원구 남이면,경상사고,0,0,1,0,차대차 - 추돌,안전운전불이행,건조,맑음,교차로 - 교차로안,승용,여,36세,상해없음,승용,여,26세,경상
2021120900100529,2021년 12월 9일 23시,목요일,충청북도 청주시 상당구 금천동,경상사고,0,0,3,0,차대차 - 후진중충돌,안전운전불이행,건조,흐림,주차장 - 주차장,승용,남,28세,상해없음,승용,여,32세,경상
2021121000100006,2021년 12월 10일 00시,금요일,충청북도 청주시 흥덕구 신봉동,경상사고,0,0,1,0,차대차 - 측면충돌,안전거리미확보,건조,맑음,교차로 - 교차로부근,화물,여,68세,상해없음,승용,남,38세,경상
2021121000100007,2021년 12월 10일 00시,금요일,충청북도 충주시 노은면,사망사고,1,0,0,0,차대차 - 추돌,기타,건조,맑음,단일로 - 기타,승용,남,21세,사망,화물,남,47세,상해없음
2021121000100022,2021년 12월 10일 01시,금요일,충청북도 제천시 하소동,경상사고,0,0,1,0,차대차 - 추돌,안전거리미확보,건조,맑음,기타 - 기타,화물,남,40세,상해없음,승용,남,24세,경상
2021121000100023,2021년 12월 10일 01시,금요일,충청북도 청주시 흥덕구 가경동,중상사고,0,1,0,0,차대차 - 측면충돌,신호위반,건조,맑음,교차로 - 교차로안,승용,남,52세,상해없음,승용,남,61세,중상
2021121000100056,2021년 12월 10일 06시,금요일,충청북도 청주시 청원구 주중동,중상사고,0,1,5,0,차대차 - 추돌,안전운전불이행,건조,흐림,교차로 - 교차로부근,특수,남,46세,상해없음,승용,남,40세,경상
2021121000100057,2021년 12월 10일 06시,금요일,충청북도 음성군 대소면,중상사고,0,1,0,0,차대차 - 측면충돌,안전운전불이행,젖음/습기,비,교차로 - 교차로안,화물,남,50세,상해없음,화물,남,61세,중상
2021121000100085,2021년 12월 10일 07시,금요일,충청북도 음성군 금왕읍,중상사고,0,1,0,0,차대차 - 후진중충돌,안전운전불이행,건조,흐림,교차로 - 교차로안,건설기계,남,60세,상해없음,승용,여,51세,중상
2021121000100114,2021년 12월 10일 08시,금요일,충청북도 청주시 청원구 오창읍,경상사고,0,0,1,0,차대차 - 추돌,안전운전불이행,건조,맑음,교차로 - 교차로안,승용,여,64세,상해없음,승용,여,52세,경상
2021121000100142,2021년 12월 10일 09시,금요일,충청북도 청주시 흥덕구 오송읍,중상사고,0,1,0,0,차대차 - 측면충돌,안전운전불이행,젖음/습기,비,단일로 - 기타,화물,남,44세,상해없음,자전거,남,83세,중상
2021121000100198,2021년 12월 10일 11시,금요일,충청북도 청주시 서원구 분평동,경상사고,0,0,1,0,차대차 - 측면충돌,안전운전불이행,젖음/습기,비,단일로 - 고가도로위,승용,남,71세,상해없음,이륜,남,41세,경상
2021121000100199,2021년 12월 10일 11시,금요일,충청북도 청주시 상당구 낭성면,경상사고,0,0,2,0,차대차 - 측면충돌,안전운전불이행,젖음/습기,비,교차로 - 교차로부근,승용,남,35세,상해없음,화물,남,60세,경상
2021121000100231,2021년 12월 10일 12시,금요일,충청북도 충주시 호암동,중상사고,0,1,1,0,차대차 - 측면충돌,직진우회전진행방해,젖음/습기,비,교차로 - 교차로안,승용,여,28세,상해없음,승용,남,66세,경상
2021121000100232,2021년 12월 10일 12시,금요일,충청북도 제천시 모산동,사망사고,1,0,3,0,차대차 - 정면충돌,기타,건조,맑음,교차로 - 교차로안,승용,남,31세,상해없음,승용,남,43세,경상
2021121000100329,2021년 12월 10일 15시,금요일,충청북도 충주시 호암동,경상사고,0,0,1,0,차대사람 - 횡단중,안전운전불이행,건조,맑음,교차로 - 교차로안,승용,남,33세,상해없음,보행자,여,78세,경상
2021121000100401,2021년 12월 10일 17시,금요일,충청북도 충주시 용산동,경상사고,0,0,1,0,차대차 - 정면충돌,중앙선침범,건조,맑음,교차로 - 교차로안,승용,남,54세,상해없음,승용,남,38세,경상
2021121000100402,2021년 12월 10일 17시,금요일,충청북도 충주시 봉방동,중상사고,0,1,1,0,차대사람 - 기타,보행자보호의무위반,건조,흐림,교차로 - 교차로횡단보도내,화물,남,60세,상해없음,보행자,남,62세,중상
2021121000100403,2021년 12월 10일 17시,금요일,충청북도 음성군 대소면,중상사고,0,2,0,0,차대사람 - 차도통행중,안전운전불이행,젖음/습기,맑음,교차로 - 교차로안,승용,남,42세,상해없음,보행자,남,60세,중상
2021121000100404,2021년 12월 10일 17시,금요일,충청북도 음성군 맹동면,중상사고,0,1,4,0,차대차 - 추돌,안전거리미확보,젖음/습기,맑음,미분류 - 미분류,승용,여,39세,상해없음,승용,남,30세,경상
2021121000100463,2021년 12월 10일 18시,금요일,충청북도 청주시 청원구 오창읍,중상사고,0,1,0,0,차대차 - 측면충돌,교차로운행방법위반,젖음/습기,흐림,교차로 - 교차로안,승용,남,54세,상해없음,화물,남,58세,중상
2021121000100464,2021년 12월 10일 18시,금요일,충청북도 음성군 맹동면,경상사고,0,0,1,0,차대차 - 측면충돌,안전운전불이행,건조,맑음,미분류 - 미분류,승용,여,21세,상해없음,승용,여,19세,경상
2021121000100465,2021년 12월 10일 18시,금요일,충청북도 청주시 흥덕구 복대동,경상사고,0,0,2,0,차대차 - 측면충돌,직진우회전진행방해,건조,맑음,교차로 - 교차로안,승용,남,47세,경상,승용,여,59세,경상
2021121000100532,2021년 12월 10일 19시,금요일,충청북도 충주시 연수동,경상사고,0,0,1,0,차대차 - 기타,안전운전불이행,젖음/습기,흐림,교차로 - 교차로안,승용,여,46세,상해없음,이륜,남,28세,경상
2021121000100533,2021년 12월 10일 19시,금요일,충청북도 증평군 증평읍,경상사고,0,0,1,0,차대차 - 측면충돌,직진우회전진행방해,건조,맑음,교차로 - 교차로안,승용,남,47세,상해없음,승용,여,28세,경상
2021121000100534,2021년 12월 10일 19시,금요일,충청북도 음성군 음성읍,경상사고,0,0,2,0,차대차 - 측면충돌,교차로운행방법위반,건조,맑음,교차로 - 교차로부근,승용,남,25세,경상,승용,남,32세,경상
2021121000100574,2021년 12월 10일 20시,금요일,충청북도 청주시 청원구 율량동,경상사고,0,0,1,0,차대차 - 기타,안전운전불이행,건조,맑음,교차로 - 교차로안,승용,남,37세,상해없음,이륜,남,34세,경상
2021121000100575,2021년 12월 10일 20시,금요일,충청북도 청주시 흥덕구 강내면,경상사고,0,0,1,0,차량단독 - 기타,안전운전불이행,건조,맑음,교차로 - 교차로부근,이륜,남,52세,경상,,,,
2021121000100576,2021년 12월 10일 20시,금요일,충청북도 청주시 상당구 용암동,중상사고,0,1,0,0,차대사람 - 차도통행중,안전운전불이행,젖음/습기,흐림,교차로 - 교차로안,특수,남,29세,상해없음,보행자,여,53세,중상
2021121000100593,2021년 12월 10일 21시,금요일,충청북도 청주시 청원구 율량동,경상사고,0,0,2,0,차대차 - 측면충돌,안전운전불이행,건조,맑음,단일로 - 기타,승용,남,22세,상해없음,승용,남,47세,경상
2021121100100107,2021년 12월 11일 09시,토요일,충청북도 음성군 대소면,경상사고,0,0,1,0,차대차 - 측면충돌,교차로운행방법위반,건조,맑음,교차로 - 교차로안,이륜,남,46세,경상,승용,여,61세,상해없음
2021121100100138,2021년 12월 11일 10시,토요일,충청북도 진천군 덕산읍,경상사고,0,0,1,0,차대사람 - 횡단중,보행자보호의무위반,건조,맑음,교차로 - 교차로안,화물,남,50세,상해없음,보행자,남,10세,경상
2021121100100162,2021년 12월 11일 11시,토요일,충청북도 제천시 중앙로1가,중상사고,0,1,0,0,차량단독 - 기타,안전운전불이행,건조,맑음,단일로 - 기타,승합,남,39세,상해없음,,,,
2021121100100163,2021년 12월 11일 11시,토요일,충청북도 청주시 흥덕구 복대동,경상사고,0,0,1,0,차대차 - 측면충돌,안전운전불이행,건조,맑음,단일로 - 기타,화물,남,52세,상해없음,이륜,남,37세,경상
2021121100100234,2021년 12월 11일 13시,토요일,충청북도 충주시 칠금동,부상신고사고,0,0,0,1,차대차 - 추돌,안전운전불이행,건조,맑음,단일로 - 기타,승용,남,47세,상해없음,화물,남,63세,부상신고
2021121100100255,2021년 12월 11일 14시,토요일,충청북도 청주시 서원구 산남동,경상사고,0,0,1,0,차대차 - 측면충돌,안전운전불이행,건조,맑음,단일로 - 기타,이륜,남,22세,기타불명,승용,남,22세,경상
2021121100100297,2021년 12월 11일 15시,토요일,충청북도 보은군 보은읍,경상사고,0,0,1,0,차대차 - 추돌,안전운전불이행,건조,맑음,기타 - 기타,승용,남,60세,상해없음,승용,남,42세,경상
2021121100100358,2021년 12월 11일 17시,토요일,충청북도 청주시 청원구 율량동,경상사고,0,0,1,0,차대차 - 기타,안전운전불이행,건조,맑음,교차로 - 교차로부근,이륜,남,85세,경상,승용,남,27세,기타불명
2021121100100359,2021년 12월 11일 17시,토요일,충청북도 충주시 충의동,중상사고,0,1,0,0,차대차 - 기타,안전운전불이행,건조,맑음,교차로 - 교차로안,승용,남,44세,상해없음,자전거,남,81세,중상
2021121100100360,2021년 12월 11일 17시,토요일,충청북도 옥천군 옥천읍,사망사고,1,0,0,0,차대차 - 추돌,안전운전불이행,건조,맑음,단일로 - 기타,화물,남,50세,기타불명,화물,남,68세,사망
2021121100100361,2021년 12월 11일 17시,토요일,충청북도 진천군 초평면,경상사고,0,0,1,0,차대차 - 추돌,안전운전불이행,건조,맑음,교차로 - 교차로부근,승용,여,59세,상해없음,승용,남,42세,경상
2021121100100362,2021년 12월 11일 17시,토요일,충청북도 청주시 서원구 남이면,경상사고,0,0,4,0,차대차 - 추돌,안전운전불이행,건조,맑음,단일로 - 기타,승용,남,55세,상해없음,화물,남,50세,경상
2021121100100403,2021년 12월 11일 18시,토요일,충청북도 청주시 청원구 사천동,경상사고,0,0,1,0,차대차 - 추돌,안전운전불이행,건조,맑음,단일로 - 기타,승용,남,60세,상해없음,승용,남,33세,경상
2021121100100449,2021년 12월 11일 19시,토요일,충청북도 진천군 이월면,경상사고,0,0,2,0,차대차 - 정면충돌,중앙선침범,건조,맑음,단일로 - 기타,화물,남,52세,상해없음,승용,남,23세,경상
2021121100100471,2021년 12월 11일 20시,토요일,충청북도 음성군 대소면,경상사고,0,0,1,0,차대차 - 추돌,안전운전불이행,건조,맑음,교차로 - 교차로부근,화물,남,49세,상해없음,승용,남,34세,경상
2021121100100498,2021년 12월 11일 21시,토요일,충청북도 청주시 상당구 용암동,경상사고,0,0,1,0,차대사람 - 횡단중,보행자보호의무위반,건조,흐림,교차로 - 교차로횡단보도내,승용,남,72세,상해없음,보행자,남,59세,경상
2021121100100513,2021년 12월 11일 22시,토요일,충청북도 충주시 호암동,경상사고,0,0,1,0,차대차 - 측면충돌,신호위반,건조,맑음,교차로 - 교차로안,이륜,남,26세,경상,승용,여,58세,상해없음
2021121100100528,2021년 12월 11일 23시,토요일,충청북도 충주시 교현동,중상사고,0,1,0,0,차대차 - 추돌,안전운전불이행,건조,흐림,단일로 - 기타,승용,남,53세,상해없음,승용,여,52세,중상
2021121100100529,2021년 12월 11일 23시,토요일,충청북도 청주시 흥덕구 강서동,경상사고,0,0,1,0,차대사람 - 기타,안전운전불이행,건조,맑음,기타 - 기타,승용,남,35세,상해없음,보행자,남,28세,경상
2021121100100530,2021년 12월 11일 23시,토요일,충청북도 충주시 노은면,중상사고,0,1,0,0,차대차 - 추돌,안전운전불이행,건조,맑음,단일로 - 기타,승용,남,50세,상해없음,승용,남,50세,중상
2021121200100010,2021년 12월 12일 00시,일요일,충청북도 청주시 서원구 사창동,경상사고,0,0,1,0,차대차 - 기타,안전운전불이행,건조,맑음,단일로 - 기타,승용,남,32세,상해없음,승용,남,24세,경상
2021121200100027,2021년 12월 12일 01시,일요일,충청북도 증평군 증평읍,중상사고,0,1,0,0,차량단독 - 주/정차차량 충돌,안전운전불이행,건조,맑음,단일로 - 기타,승용,여,48세,중상,,,,
2021121200100055,2021년 12월 12일 06시,일요일,충청북도 충주시 연수동,경상사고,0,0,2,0,차대차 - 추돌,안전운전불이행,건조,맑음,교차로 - 교차로안,승용,남,41세,상해없음,승용,남,69세,경상
2021121200100056,2021년 12월 12일 06시,일요일,충청북도 청주시 흥덕구 옥산면,경상사고,0,0,1,0,차대차 - 측면충돌,안전운전불이행,건조,맑음,단일로 - 기타,승용,여,35세,상해없음,승합,남,50세,경상
2021121200100057,2021년 12월 12일 06시,일요일,충청북도 청주시 흥덕구 운천동,경상사고,0,0,1,0,차대차 - 추돌,안전운전불이행,건조,맑음,단일로 - 기타,승용,여,50세,상해없음,승용,남,25세,경상
2021121200100065,2021년 12월 12일 08시,일요일,충청북도 청주시 서원구 죽림동,부상신고사고,0,0,0,1,차량단독 - 도로외이탈 - 기타,안전운전불이행,건조,맑음,단일로 - 기타,승용,여,46세,부상신고,,,,
2021121200100066,2021년 12월 12일 08시,일요일,충청북도 청주시 서원구 산남동,경상사고,0,0,1,0,차대차 - 추돌,안전운전불이행,건조,맑음,기타 - 기타,승용,남,22세,상해없음,화물,남,64세,경상
2021121200100076,2021년 12월 12일 09시,일요일,충청북도 청주시 서원구 사창동,경상사고,0,0,2,0,차대차 - 기타,안전운전불이행,건조,맑음,기타 - 기타,승용,여,34세,경상,승용,남,75세,경상
2021121200100129,2021년 12월 12일 12시,일요일,충청북도 음성군 맹동면,경상사고,0,0,1,0,차대차 - 측면충돌,신호위반,건조,맑음,교차로 - 교차로안,승용,여,30세,상해없음,승용,남,53세,경상
2021121200100130,2021년 12월 12일 12시,일요일,충청북도 청주시 흥덕구 가경동,경상사고,0,0,1,0,차대차 - 측면충돌,중앙선침범,건조,맑음,단일로 - 기타,승용,여,51세,상해없음,승용,여,58세,경상
2021121200100131,2021년 12월 12일 12시,일요일,충청북도 청주시 흥덕구 복대동,경상사고,0,0,1,0,차대차 - 후진중충돌,불법유턴,건조,맑음,교차로 - 교차로부근,화물,남,62세,상해없음,이륜,남,33세,경상
2021121200100157,2021년 12월 12일 13시,일요일,충청북도 충주시 연수동,경상사고,0,0,1,0,차대차 - 정면충돌,안전거리미확보,건조,맑음,단일로 - 기타,승용,남,67세,상해없음,승용,남,55세,경상
2021121200100186,2021년 12월 12일 14시,일요일,충청북도 제천시 영천동,경상사고,0,0,1,0,차량단독 - 기타,안전운전불이행,건조,맑음,교차로 - 교차로부근,승용,남,64세,상해없음,,,,
2021121200100187,2021년 12월 12일 14시,일요일,충청북도 청주시 흥덕구 강서동,경상사고,0,0,2,0,차대차 - 추돌,직진우회전진행방해,건조,맑음,교차로 - 교차로안,승용,남,58세,경상,승용,여,51세,상해없음
2021121200100210,2021년 12월 12일 15시,일요일,충청북도 청주시 서원구 개신동,경상사고,0,0,1,0,차대차 - 측면충돌,안전운전불이행,건조,맑음,교차로 - 교차로안,승용,남,57세,상해없음,승용,남,31세,경상
2021121200100211,2021년 12월 12일 15시,일요일,충청북도 제천시 교동,경상사고,0,0,1,0,차대차 - 추돌,안전거리미확보,건조,맑음,교차로 - 교차로부근,승용,여,49세,상해없음,승용,남,78세,경상
2021121200100212,2021년 12월 12일 15시,일요일,충청북도 진천군 진천읍,경상사고,0,0,1,0,차대차 - 정면충돌,중앙선침범,건조,맑음,단일로 - 기타,승용,남,26세,기타불명,화물,남,67세,경상
2021121200100213,2021년 12월 12일 15시,일요일,충청북도 청주시 흥덕구 정봉동,경상사고,0,0,1,0,차대차 - 측면충돌,교차로운행방법위반,건조,맑음,교차로 - 교차로안,승용,남,64세,상해없음,승용,남,47세,경상
2021121200100214,2021년 12월 12일 15시,일요일,충청북도 청주시 상당구 석교동,경상사고,0,0,1,0,차대차 - 추돌,안전운전불이행,건조,맑음,교차로 - 교차로부근,승용,여,50세,상해없음,승용,남,35세,경상
2021121200100215,2021년 12월 12일 15시,일요일,충청북도 청주시 서원구 모충동,경상사고,0,0,1,0,차대사람 - 기타,안전운전불이행,건조,맑음,단일로 - 기타,승용,남,23세,상해없음,보행자,남,79세,경상