사고번호,사고일시,요일,시군구,사고내용,사망자수,중상자수,경상자수,부상신고자수,사고유형,법규위반,노면상태,기상상태,도로형태,가해운전자 차종,가해운전자 성별,가해운전자 연령,가해운전자 상해정도,피해운전자 차종,피해운전자 성별,피해운전자 연령,피해운전자 상해정도
2021122000100025,2021년 12월 20일 06시,월요일,충청북도 청주시 서원구 남이면,중상사고,0,1,0,0,차대차 - 추돌,안전운전불이행,건조,맑음,교차로 - 교차로부근,화물,남,59세,중상,화물,남,59세,상해없음
2021122000100076,2021년 12월 20일 08시,월요일,충청북도 청주시 상당구 방서동,경상사고,0,0,2,0,차대차 - 측면충돌,안전거리미확보,건조,맑음,단일로 - 기타,승용,여,26세,경상,승용,여,60세,경상
2021122000100127,2021년 12월 20일 10시,월요일,충청북도 청주시 청원구 우암동,경상사고,0,0,1,0,차대차 - 기타,차로위반,건조,맑음,단일로 - 기타,자전거,남,72세,경상,화물,남,61세,상해없음
2021122000100128,2021년 12월 20일 10시,월요일,충청북도 괴산군 사리면,경상사고,0,0,1,0,차대차 - 정면충돌,안전운전불이행,서리/결빙,흐림,단일로 - 기타,화물,남,47세,상해없음,승용,여,60세,경상
2021122000100162,2021년 12월 20일 11시,월요일,충청북도 진천군 진천읍,사망사고,1,0,0,0,차대사람 - 횡단중,안전운전불이행,건조,맑음,교차로 - 교차로부근,승합,남,60세,상해없음,보행자,여,56세,사망
2021122000100163,2021년 12월 20일 11시,월요일,충청북도 청주시 흥덕구 복대동,경상사고,0,0,1,0,차대차 - 기타,교차로운행방법위반,건조,맑음,교차로 - 교차로안,승용,여,50세,기타불명,승합,남,45세,경상
2021122000100197,2021년 12월 20일 12시,월요일,충청북도 제천시 중앙로2가,경상사고,0,0,1,0,차대차 - 기타,기타,건조,맑음,교차로 - 교차로부근,승용,남,54세,상해없음,이륜,남,40세,경상
2021122000100198,2021년 12월 20일 12시,월요일,충청북도 청주시 서원구 개신동,경상사고,0,0,2,1,차대차 - 측면충돌,직진우회전진행방해,서리/결빙,맑음,교차로 - 교차로안,승용,남,46세,부상신고,승용,남,25세,경상
2021122000100232,2021년 12월 20일 13시,월요일,충청북도 청주시 청원구 오창읍,중상사고,0,1,0,0,차대차 - 기타,안전운전불이행,건조,맑음,기타 - 기타,승용,여,71세,상해없음,이륜,남,26세,중상
2021122000100263,2021년 12월 20일 14시,월요일,충청북도 청주시 상당구 영운동,중상사고,0,1,0,0,차대차 - 정면충돌,직진우회전진행방해,건조,맑음,교차로 - 교차로안,이륜,여,22세,중상,이륜,남,15세,기타불명
2021122000100305,2021년 12월 20일 15시,월요일,충청북도 보은군 보은읍,경상사고,0,0,1,0,차대차 - 추돌,안전운전불이행,건조,맑음,주차장 - 주차장,화물,남,72세,상해없음,승용,남,50세,상해없음
2021122000100306,2021년 12월 20일 15시,월요일,충청북도 청주시 흥덕구 신봉동,중상사고,0,1,2,0,차대차 - 정면충돌,중앙선침범,건조,맑음,단일로 - 기타,승용,남,72세,중상,화물,남,47세,상해없음
2021122000100349,2021년 12월 20일 16시,월요일,충청북도 옥천군 옥천읍,중상사고,0,1,0,0,차대사람 - 차도통행중,안전운전불이행,건조,맑음,단일로 - 기타,승용,여,62세,상해없음,보행자,남,89세,중상
2021122000100398,2021년 12월 20일 17시,월요일,충청북도 충주시 연수동,중상사고,0,2,0,0,차대차 - 기타,신호위반,건조,맑음,교차로 - 교차로안,승용,남,55세,상해없음,승용,남,41세,중상
2021122000100399,2021년 12월 20일 17시,월요일,충청북도 청주시 서원구 산남동,경상사고,0,0,1,0,차대차 - 측면충돌,교차로운행방법위반,건조,맑음,교차로 - 교차로부근,승용,남,43세,상해없음,승용,여,44세,경상
2021122000100460,2021년 12월 20일 18시,월요일,충청북도 청주시 청원구 율량동,중상사고,0,1,3,0,차대사람 - 횡단중,신호위반,건조,맑음,단일로 - 기타,승용,여,46세,상해없음,보행자,여,16세,중상
2021122000100461,2021년 12월 20일 18시,월요일,충청북도 충주시 칠금동,중상사고,0,1,1,0,차대차 - 추돌,안전운전불이행,건조,맑음,교차로 - 교차로안,승합,남,56세,상해없음,승용,남,61세,경상
2021122000100462,2021년 12월 20일 18시,월요일,충청북도 음성군 음성읍,경상사고,0,0,2,0,차대차 - 추돌,안전운전불이행,건조,맑음,단일로 - 기타,승용,남,65세,상해없음,승용,남,35세,경상
2021122000100463,2021년 12월 20일 18시,월요일,충청북도 청주시 흥덕구 강서동,경상사고,0,0,4,0,차대차 - 측면충돌,안전운전불이행,건조,맑음,교차로 - 교차로안,승용,남,62세,경상,승용,남,28세,경상
2021122000100522,2021년 12월 20일 19시,월요일,충청북도 충주시 성남동,중상사고,0,1,0,0,차대사람 - 횡단중,보행자보호의무위반,건조,맑음,교차로 - 교차로횡단보도내,승용,남,29세,상해없음,보행자,여,66세,중상
2021122000100523,2021년 12월 20일 19시,월요일,충청북도 청주시 상당구 서문동,경상사고,0,0,2,0,차대차 - 측면충돌,교차로운행방법위반,건조,맑음,교차로 - 교차로안,승용,남,49세,상해없음,승용,남,49세,경상
2021122000100557,2021년 12월 20일 20시,월요일,충청북도 괴산군 연풍면,경상사고,0,0,2,0,차대차 - 추돌,안전운전불이행,건조,맑음,단일로 - 기타,화물,남,48세,경상,화물,남,45세,경상
2021122100100006,2021년 12월 21일 01시,화요일,충청북도 청주시 흥덕구 비하동,경상사고,0,0,1,0,차대차 - 측면충돌,신호위반,건조,맑음,교차로 - 교차로안,승용,남,25세,상해없음,승용,여,27세,경상
2021122100100032,2021년 12월 21일 06시,화요일,충청북도 청주시 청원구 오창읍,중상사고,0,1,1,0,차대차 - 기타,기타,건조,맑음,교차로 - 교차로안,승용,남,43세,경상,승용,남,39세,중상
2021122100100091,2021년 12월 21일 08시,화요일,충청북도 청주시 청원구 북이면,경상사고,0,0,1,0,차대차 - 기타,신호위반,기타,안개,교차로 - 교차로안,승용,여,65세,상해없음,화물,남,49세,경상
2021122100100145,2021년 12월 21일 10시,화요일,충청북도 청주시 청원구 오창읍,경상사고,0,0,1,0,차대차 - 기타,안전운전불이행,건조,맑음,기타 - 기타,건설기계,남,66세,상해없음,화물,남,35세,경상
2021122100100177,2021년 12월 21일 11시,화요일,충청북도 청주시 상당구 북문로1가,경상사고,0,0,1,0,차대차 - 기타,안전운전불이행,건조,맑음,교차로 - 교차로부근,승용,남,27세,상해없음,승용,남,43세,경상
2021122100100201,2021년 12월 21일 12시,화요일,충청북도 청주시 청원구 내덕동,경상사고,0,0,1,0,차대차 - 후진중충돌,안전운전불이행,건조,맑음,단일로 - 기타,승용,남,32세,상해없음,승용,여,54세,경상
2021122100100228,2021년 12월 21일 13시,화요일,충청북도 청주시 서원구 수곡동,경상사고,0,0,1,0,차대차 - 측면충돌,안전운전불이행,건조,맑음,교차로 - 교차로부근,화물,남,52세,상해없음,화물,남,31세,경상
2021122100100247,2021년 12월 21일 14시,화요일,충청북도 청주시 청원구 사천동,중상사고,0,1,1,0,차대차 - 측면충돌,신호위반,건조,맑음,교차로 - 교차로부근,승용,여,24세,상해없음,승용,남,47세,중상
2021122100100248,2021년 12월 21일 14시,화요일,충청북도 청주시 흥덕구 봉명동,사망사고,1,0,0,0,차대차 - 측면충돌,안전운전불이행,건조,맑음,단일로 - 기타,승용,여,63세,사망,화물,남,47세,기타불명
2021122100100284,2021년 12월 21일 15시,화요일,충청북도 음성군 음성읍,경상사고,0,0,1,0,차대차 - 측면충돌,안전운전불이행,건조,맑음,단일로 - 기타,승용,여,58세,상해없음,승용,남,66세,경상
2021122100100285,2021년 12월 21일 15시,화요일,충청북도 진천군 덕산읍,경상사고,0,0,1,0,차대사람 - 기타,안전운전불이행,건조,맑음,주차장 - 주차장,화물,남,44세,상해없음,보행자,남,53세,경상
2021122100100286,2021년 12월 21일 15시,화요일,충청북도 청주시 상당구 용암동,경상사고,0,0,1,0,차대차 - 측면충돌,안전운전불이행,건조,맑음,교차로 - 교차로안,승용,남,19세,상해없음,자전거,남,8세,경상
2021122100100337,2021년 12월 21일 17시,화요일,충청북도 청주시 상당구 북문로2가,경상사고,0,0,1,0,차대차 - 측면충돌,신호위반,건조,맑음,교차로 - 교차로안,이륜,남,66세,상해없음,승용,남,35세,경상
2021122100100338,2021년 12월 21일 17시,화요일,충청북도 충주시 금릉동,경상사고,0,0,2,0,차대차 - 측면충돌,교차로운행방법위반,건조,맑음,교차로 - 교차로부근,승용,남,24세,경상,승용,남,61세,경상
2021122100100339,2021년 12월 21일 17시,화요일,충청북도 제천시 고명동,경상사고,0,0,2,0,차대차 - 측면충돌,신호위반,건조,흐림,교차로 - 교차로안,승용,여,43세,상해없음,화물,남,47세,상해없음
2021122100100340,2021년 12월 21일 17시,화요일,충청북도 청주시 상당구 금천동,경상사고,0,0,1,0,차대차 - 측면충돌,안전운전불이행,건조,맑음,단일로 - 기타,승용,여,22세,경상,승용,남,53세,상해없음
2021122100100386,2021년 12월 21일 18시,화요일,충청북도 충주시 문화동,경상사고,0,0,1,0,차대차 - 정면충돌,불법유턴,건조,맑음,교차로 - 교차로부근,화물,남,39세,상해없음,승용,남,51세,경상
2021122100100387,2021년 12월 21일 18시,화요일,충청북도 보은군 보은읍,중상사고,0,1,0,0,차대차 - 측면충돌,안전운전불이행,건조,맑음,교차로 - 교차로안,승용,남,20세,기타불명,승용,여,68세,중상
2021122100100448,2021년 12월 21일 19시,화요일,충청북도 청주시 상당구 명암동,경상사고,0,0,1,0,차대차 - 측면충돌,신호위반,건조,맑음,교차로 - 교차로안,승용,여,46세,상해없음,승용,남,42세,경상
2021122100100479,2021년 12월 21일 20시,화요일,충청북도 청주시 흥덕구 봉명동,중상사고,0,2,0,0,차대사람 - 횡단중,보행자보호의무위반,건조,맑음,교차로 - 교차로안,승용,남,39세,상해없음,보행자,남,32세,중상
2021122100100510,2021년 12월 21일 21시,화요일,충청북도 충주시 중앙탑면,경상사고,0,0,1,0,차대차 - 기타,신호위반,건조,맑음,교차로 - 교차로안,이륜,남,26세,기타불명,승용,남,23세,경상
2021122100100511,2021년 12월 21일 21시,화요일,충청북도 제천시 송학면,경상사고,0,0,1,0,차량단독 - 공작물충돌,안전운전불이행,건조,맑음,단일로 - 기타,승용,여,38세,경상,,,,
2021122100100512,2021년 12월 21일 21시,화요일,충청북도 청주시 상당구 용암동,경상사고,0,0,1,0,차대사람 - 횡단중,안전운전불이행,건조,맑음,단일로 - 기타,기타불명,기타불명,미분류,기타불명,보행자,여,28세,경상
2021122200100044,2021년 12월 22일 07시,수요일,충청북도 청주시 청원구 오창읍,경상사고,0,0,1,0,차대차 - 기타,안전운전불이행,건조,맑음,교차로 - 교차로부근,승용,남,63세,상해없음,승용,남,44세,경상
2021122200100045,2021년 12월 22일 07시,수요일,충청북도 음성군 대소면,경상사고,0,0,1,0,차량단독 - 전도전복 - 전도,안전운전불이행,서리/결빙,맑음,단일로 - 교량,이륜,남,59세,경상,,,,
2021122200100080,2021년 12월 22일 08시,수요일,충청북도 청주시 흥덕구 송정동,경상사고,0,0,1,0,차대차 - 측면충돌,신호위반,건조,맑음,교차로 - 교차로부근,승용,여,59세,상해없음,승용,남,30세,경상
2021122200100119,2021년 12월 22일 09시,수요일,충청북도 청주시 청원구 오창읍,중상사고,0,1,1,0,차대차 - 기타,안전거리미확보,건조,맑음,단일로 - 기타,승용,남,74세,상해없음,승용,남,70세,경상
2021122200100120,2021년 12월 22일 09시,수요일,충청북도 충주시 호암동,중상사고,0,1,0,0,차대차 - 측면충돌,신호위반,젖음/습기,안개,교차로 - 교차로안,승용,남,73세,상해없음,승용,여,42세,중상
2021122200100121,2021년 12월 22일 09시,수요일,충청북도 충주시 신니면,중상사고,0,2,1,0,차대차 - 측면충돌,안전거리미확보,건조,맑음,단일로 - 기타,화물,남,54세,중상,화물,남,25세,상해없음
2021122200100122,2021년 12월 22일 09시,수요일,충청북도 제천시 고암동,중상사고,0,1,1,0,차대차 - 정면충돌,중앙선침범,기타,맑음,교차로 - 교차로안,승용,남,82세,상해없음,승용,남,56세,중상
2021122200100213,2021년 12월 22일 12시,수요일,충청북도 단양군 매포읍,경상사고,0,0,1,0,차대사람 - 기타,안전운전불이행,건조,맑음,교차로 - 교차로안,화물,남,31세,상해없음,보행자,여,69세,경상
2021122200100248,2021년 12월 22일 13시,수요일,충청북도 청주시 흥덕구 옥산면,경상사고,0,0,2,0,차대차 - 추돌,안전운전불이행,건조,맑음,단일로 - 기타,특수,남,51세,상해없음,승용,남,59세,경상
2021122200100279,2021년 12월 22일 14시,수요일,충청북도 영동군 영동읍,경상사고,0,0,1,0,차대차 - 정면충돌,직진우회전진행방해,건조,맑음,교차로 - 교차로부근,승용,여,59세,상해없음,자전거,여,68세,경상
2021122200100280,2021년 12월 22일 14시,수요일,충청북도 괴산군 감물면,중상사고,0,1,0,0,차대차 - 측면충돌,기타,건조,맑음,교차로 - 교차로안,승용,남,62세,상해없음,원동기,남,84세,중상
2021122200100281,2021년 12월 22일 14시,수요일,충청북도 보은군 보은읍,중상사고,0,1,0,0,차대차 - 측면충돌,안전운전불이행,건조,맑음,교차로 - 교차로안,화물,남,49세,상해없음,이륜,남,81세,중상
2021122200100359,2021년 12월 22일 16시,수요일,충청북도 청주시 청원구 내덕동,경상사고,0,0,1,0,차대차 - 추돌,안전운전불이행,건조,맑음,단일로 - 기타,승용,남,62세,상해없음,승합,남,55세,경상
2021122200100360,2021년 12월 22일 16시,수요일,충청북도 음성군 삼성면,경상사고,0,0,3,0,차대차 - 측면충돌,안전운전불이행,건조,맑음,교차로 - 교차로안,화물,남,62세,경상,화물,남,34세,경상
2021122200100401,2021년 12월 22일 17시,수요일,충청북도 청주시 흥덕구 송절동,경상사고,0,0,1,0,차대차 - 후진중충돌,불법유턴,건조,맑음,단일로 - 기타,승용,남,34세,상해없음,이륜,남,44세,경상
2021122200100443,2021년 12월 22일 18시,수요일,충청북도 청주시 청원구 율량동,경상사고,0,0,1,0,차대사람 - 기타,안전운전불이행,건조,맑음,교차로 - 교차로안,승용,남,36세,상해없음,보행자,남,31세,경상
2021122200100444,2021년 12월 22일 18시,수요일,충청북도 청주시 서원구 성화동,경상사고,0,0,1,0,차대차 - 측면충돌,안전운전불이행,건조,맑음,교차로 - 교차로안,승용,남,26세,상해없음,승용,여,49세,경상
2021122200100445,2021년 12월 22일 18시,수요일,충청북도 청주시 상당구 지북동,경상사고,0,0,1,0,차대차 - 후진중충돌,안전운전불이행,건조,맑음,기타 - 기타,승용,여,25세,상해없음,승용,여,24세,경상
2021122200100507,2021년 12월 22일 19시,수요일,충청북도 음성군 맹동면,중상사고,0,1,0,0,차대차 - 측면충돌,불법유턴,건조,맑음,단일로 - 기타,승용,남,36세,중상,승용,남,49세,상해없음
2021122200100539,2021년 12월 22일 20시,수요일,충청북도 보은군 수한면,경상사고,0,0,1,0,차대차 - 측면충돌,안전운전불이행,건조,맑음,단일로 - 기타,화물,남,62세,상해없음,승용,여,64세,경상
2021122200100612,2021년 12월 22일 22시,수요일,충청북도 청주시 흥덕구 강서동,경상사고,0,0,1,0,차대차 - 측면충돌,안전거리미확보,건조,맑음,교차로 - 교차로부근,승용,여,57세,상해없음,승용,남,42세,경상
2021122300100051,2021년 12월 23일 07시,목요일,충청북도 청주시 상당구 영운동,경상사고,0,0,1,0,차대사람 - 기타,안전운전불이행,건조,맑음,기타 - 기타,승용,남,61세,상해없음,보행자,여,41세,경상
2021122300100112,2021년 12월 23일 09시,목요일,충청북도 충주시 교현동,중상사고,0,1,0,0,차대차 - 측면충돌,신호위반,건조,맑음,교차로 - 교차로안,승용,남,54세,상해없음,승용,남,34세,중상
2021122300100134,2021년 12월 23일 10시,목요일,충청북도 청주시 서원구 성화동,경상사고,0,0,1,0,차대차 - 측면충돌,안전운전불이행,건조,맑음,주차장 - 주차장,화물,남,51세,기타불명,승용,여,62세,경상
2021122300100195,2021년 12월 23일 12시,목요일,충청북도 괴산군 장연면,경상사고,0,0,1,0,차대차 - 추돌,안전거리미확보,건조,맑음,단일로 - 기타,화물,남,66세,상해없음,특수,남,39세,경상
2021122300100196,2021년 12월 23일 12시,목요일,충청북도 청주시 상당구 수동,경상사고,0,0,1,0,차대차 - 정면충돌,교차로운행방법위반,건조,맑음,교차로 - 교차로안,화물,남,70세,상해없음,승용,여,51세,경상
2021122300100253,2021년 12월 23일 14시,목요일,충청북도 괴산군 괴산읍,경상사고,0,0,1,0,차대차 - 정면충돌,직진우회전진행방해,건조,맑음,교차로 - 교차로안,승용,여,62세,상해없음,승합,남,63세,경상
2021122300100355,2021년 12월 23일 17시,목요일,충청북도 청주시 청원구 내덕동,경상사고,0,0,2,0,차대차 - 기타,교차로운행방법위반,건조,맑음,교차로 - 교차로안,승용,남,75세,상해없음,승용,남,56세,경상
2021122300100356,2021년 12월 23일 17시,목요일,충청북도 충주시 연수동,중상사고,0,1,0,0,차대사람 - 횡단중,신호위반,건조,맑음,교차로 - 교차로횡단보도내,화물,남,67세,상해없음,보행자,여,35세,중상
2021122300100357,2021년 12월 23일 17시,목요일,충청북도 제천시 왕암동,경상사고,0,0,1,0,차대차 - 정면충돌,중앙선침범,건조,흐림,기타 - 기타,승용,여,58세,상해없음,승용,남,28세,경상
2021122300100358,2021년 12월 23일 17시,목요일,충청북도 청주시 상당구 용암동,경상사고,0,0,1,0,차대차 - 측면충돌,신호위반,건조,맑음,교차로 - 교차로안,승합,남,36세,상해없음,이륜,남,31세,경상
2021122300100415,2021년 12월 23일 18시,목요일,충청북도 충주시 교현동,경상사고,0,0,2,0,차대차 - 정면충돌,안전거리미확보,건조,맑음,단일로 - 기타,승용,남,71세,상해없음,승용,여,47세,경상
2021122300100416,2021년 12월 23일 18시,목요일,충청북도 충주시 연수동,중상사고,0,1,0,0,차대차 - 측면충돌,신호위반,건조,맑음,교차로 - 교차로안,원동기,남,29세,상해없음,승용,남,51세,중상
2021122300100417,2021년 12월 23일 18시,목요일,충청북도 청주시 상당구 용암동,경상사고,0,0,1,0,차대차 - 측면충돌,중앙선침범,건조,맑음,교차로 - 교차로안,승용,남,27세,기타불명,이륜,남,37세,경상
2021122300100418,2021년 12월 23일 18시,목요일,충청북도 청주시 상당구 영운동,경상사고,0,0,5,0,차대차 - 측면충돌,안전거리미확보,건조,흐림,단일로 - 기타,승용,남,18세,경상,승용,남,20세,경상
2021122300100465,2021년 12월 23일 19시,목요일,충청북도 충주시 용산동,중상사고,0,1,0,0,차대사람 - 기타,보행자보호의무위반,건조,흐림,단일로 - 기타,이륜,남,37세,상해없음,보행자,여,54세,중상
2021122300100502,2021년 12월 23일 20시,목요일,충청북도 진천군 덕산읍,중상사고,0,1,2,0,차대차 - 측면충돌,신호위반,건조,맑음,교차로 - 교차로안,승용,남,43세,중상,승용,남,55세,경상
2021122300100530,2021년 12월 23일 21시,목요일,충청북도 청주시 흥덕구 강서동,중상사고,0,1,0,0,차대차 - 측면충돌,안전운전불이행,건조,맑음,교차로 - 교차로횡단보도내,승용,남,31세,상해없음,개인형이동수단(PM),여,14세,중상
2021122300100531,2021년 12월 23일 21시,목요일,충청북도 청주시 흥덕구 봉명동,경상사고,0,0,3,0,차대차 - 기타,안전운전불이행,건조,맑음,단일로 - 기타,승용,남,51세,상해없음,승용,남,41세,경상
2021122300100532,2021년 12월 23일 21시,목요일,충청북도 청주시 상당구 용암동,경상사고,0,0,2,0,차대사람 - 횡단중,안전운전불이행,건조,맑음,교차로 - 교차로부근,승용,남,53세,상해없음,보행자,여,45세,경상
2021122300100567,2021년 12월 23일 23시,목요일,충청북도 충주시 대소원면,중상사고,0,1,0,0,차량단독 - 공작물충돌,안전운전불이행,건조,맑음,단일로 - 기타,이륜,남,38세,중상,,,,
2021122300100568,2021년 12월 23일 23시,목요일,충청북도 보은군 탄부면,경상사고,0,0,1,0,차량단독 - 전도전복 - 전도,안전운전불이행,건조,맑음,단일로 - 기타,승용,여,31세,경상,,,,
2021122400100058,2021년 12월 24일 07시,금요일,충청북도 진천군 덕산읍,중상사고,0,1,1,0,차대차 - 정면충돌,안전운전불이행,건조,맑음,교차로 - 교차로안,승용,남,31세,경상,승용,남,42세,중상
2021122400100115,2021년 12월 24일 09시,금요일,충청북도 증평군 증평읍,경상사고,0,0,2,0,차대차 - 측면충돌,신호위반,건조,흐림,교차로 - 교차로안,승합,남,57세,경상,승용,여,50세,경상
2021122400100116,2021년 12월 24일 09시,금요일,충청북도 청주시 흥덕구 가경동,경상사고,0,0,1,0,차대차 - 기타,차로위반,건조,맑음,단일로 - 기타,승용,남,53세,상해없음,승합,남,43세,경상
2021122400100138,2021년 12월 24일 10시,금요일,충청북도 제천시 강제동,경상사고,0,0,1,1,차대차 - 정면충돌,직진우회전진행방해,건조,맑음,교차로 - 교차로안,승용,남,50세,상해없음,승용,남,52세,상해없음
2021122400100164,2021년 12월 24일 11시,금요일,충청북도 청주시 흥덕구 복대동,경상사고,0,0,3,0,차대차 - 측면충돌,차로위반,건조,맑음,단일로 - 기타,화물,남,61세,상해없음,승용,여,43세,경상
2021122400100192,2021년 12월 24일 12시,금요일,충청북도 영동군 영동읍,경상사고,0,0,1,0,차대사람 - 차도통행중,안전운전불이행,건조,맑음,교차로 - 교차로안,화물,남,73세,상해없음,보행자,여,64세,경상
2021122400100193,2021년 12월 24일 12시,금요일,충청북도 청주시 흥덕구 송절동,경상사고,0,0,1,0,차대차 - 측면충돌,안전운전불이행,건조,맑음,단일로 - 기타,승용,남,60세,상해없음,승용,여,26세,경상
2021122400100194,2021년 12월 24일 12시,금요일,충청북도 청주시 상당구 용암동,경상사고,0,0,1,0,차대차 - 추돌,안전운전불이행,건조,맑음,교차로 - 교차로부근,승용,남,36세,상해없음,승용,남,30세,경상
2021122400100317,2021년 12월 24일 16시,금요일,충청북도 제천시 영천동,경상사고,0,0,1,0,차대사람 - 차도통행중,안전운전불이행,건조,맑음,단일로 - 기타,승용,여,47세,상해없음,보행자,여,50세,경상
2021122400100318,2021년 12월 24일 16시,금요일,충청북도 제천시 화산동,경상사고,0,0,1,0,차대차 - 측면충돌,직진우회전진행방해,건조,맑음,교차로 - 교차로안,이륜,남,25세,경상,승용,남,61세,상해없음
2021122400100319,2021년 12월 24일 16시,금요일,충청북도 청주시 흥덕구 신봉동,중상사고,0,1,0,0,차대차 - 추돌,안전운전불이행,건조,맑음,단일로 - 기타,승용,남,26세,상해없음,승용,남,50세,중상
2021122400100362,2021년 12월 24일 17시,금요일,충청북도 증평군 증평읍,경상사고,0,0,1,0,차대차 - 추돌,안전운전불이행,건조,맑음,교차로 - 교차로부근,승용,남,34세,상해없음,승용,남,55세,경상
2021122400100363,2021년 12월 24일 17시,금요일,충청북도 단양군 단양읍,경상사고,0,0,2,0,차대차 - 추돌,안전운전불이행,건조,흐림,교차로 - 교차로안,승용,남,62세,상해없음,승용,여,31세,경상
2021122400100364,2021년 12월 24일 17시,금요일,충청북도 청주시 상당구 용암동,경상사고,0,0,1,0,차대사람 - 기타,안전운전불이행,건조,맑음,단일로 - 지하차도(도로)내,승용,여,50세,상해없음,보행자,여,61세,경상
2021122400100419,2021년 12월 24일 18시,금요일,충청북도 충주시 용산동,경상사고,0,0,1,0,차대차 - 추돌,안전운전불이행,건조,맑음,단일로 - 기타,승용,남,37세,상해없음,승용,남,51세,경상
2021122400100420,2021년 12월 24일 18시,금요일,충청북도 제천시 강제동,경상사고,0,0,1,0,차대차 - 측면충돌,안전운전불이행,건조,맑음,교차로 - 교차로안,화물,남,70세,상해없음,승용,여,52세,경상
2021122400100421,2021년 12월 24일 18시,금요일,충청북도 영동군 황간면,경상사고,0,0,2,0,차대차 - 추돌,안전운전불이행,건조,맑음,단일로 - 기타,승용,남,54세,경상,승용,여,64세,상해없음
2021122400100481,2021년 12월 24일 19시,금요일,충청북도 진천군 진천읍,경상사고,0,0,1,0,차대차 - 측면충돌,중앙선침범,건조,맑음,단일로 - 기타,승용,남,21세,상해없음,이륜,남,47세,경상
2021122400100482,2021년 12월 24일 19시,금요일,충청북도 청주시 흥덕구 봉명동,경상사고,0,0,1,0,차량단독 - 공작물충돌,안전운전불이행,건조,맑음,교차로 - 교차로안,이륜,남,27세,경상,,,,
2021122400100536,2021년 12월 24일 20시,금요일,충청북도 제천시 청전동,경상사고,0,0,1,0,차량단독 - 기타,안전운전불이행,건조,맑음,교차로 - 교차로안,승용,여,30세,상해없음,,,,
2021122400100573,2021년 12월 24일 21시,금요일,충청북도 청주시 청원구 내덕동,경상사고,0,0,2,0,차대차 - 추돌,안전운전불이행,건조,맑음,교차로 - 교차로부근,화물,남,36세,상해없음,승용,남,53세,경상
2021122400100616,2021년 12월 24일 22시,금요일,충청북도 음성군 대소면,중상사고,0,1,0,0,차량단독 - 도로외이탈 - 추락,안전운전불이행,건조,맑음,단일로 - 기타,승용,여,33세,중상,,,,
2021122500100066,2021년 12월 25일 09시,토요일,충청북도 청주시 흥덕구 가경동,경상사고,0,0,1,0,차대차 - 후진중충돌,안전운전불이행,건조,맑음,단일로 - 기타,승용,남,21세,상해없음,승용,여,27세,경상
2021122500100094,2021년 12월 25일 11시,토요일,충청북도 단양군 단양읍,경상사고,0,0,1,0,차대차 - 정면충돌,안전운전불이행,건조,흐림,교차로 - 교차로안,승용,여,21세,상해없음,이륜,남,21세,경상
2021122500100126,2021년 12월 25일 12시,토요일,충청북도 청주시 상당구 북문로1가,중상사고,0,1,0,0,차대사람 - 기타,안전운전불이행,건조,맑음,기타 - 기타,승합,남,59세,상해없음,보행자,여,84세,중상
2021122500100178,2021년 12월 25일 14시,토요일,충청북도 청주시 서원구 분평동,경상사고,0,0,2,0,차대차 - 추돌,안전운전불이행,건조,맑음,단일로 - 지하차도(도로)내,화물,남,44세,상해없음,승용,남,21세,경상
2021122500100179,2021년 12월 25일 14시,토요일,충청북도 청주시 서원구 미평동,경상사고,0,0,3,0,차대차 - 측면충돌,차로위반,건조,맑음,교차로 - 교차로부근,승용,남,62세,경상,승용,남,56세,경상
2021122500100257,2021년 12월 25일 17시,토요일,충청북도 진천군 진천읍,중상사고,0,1,1,0,차량단독 - 기타,안전운전불이행,건조,맑음,단일로 - 기타,승용,남,49세,경상,,,,
2021122500100258,2021년 12월 25일 17시,토요일,충청북도 청주시 흥덕구 송정동,경상사고,0,0,2,0,차대차 - 추돌,안전운전불이행,건조,맑음,단일로 - 기타,승용,남,59세,상해없음,승용,남,31세,경상
2021122500100320,2021년 12월 25일 19시,토요일,충청북도 청주시 청원구 오창읍,경상사고,0,0,1,0,차대차 - 기타,안전운전불이행,건조,맑음,교차로 - 교차로안,이륜,남,26세,경상,승용,남,19세,상해없음
2021122500100399,2021년 12월 25일 22시,토요일,충청북도 청주시 흥덕구 봉명동,경상사고,0,0,1,2,차대차 - 측면충돌,안전거리미확보,건조,맑음,단일로 - 기타,승용,남,38세,상해없음,승용,남,55세,경상
2021122600100106,2021년 12월 26일 13시,일요일,충청북도 충주시 문화동,중상사고,0,1,1,0,차대차 - 측면충돌,직진우회전진행방해,건조,맑음,교차로 - 교차로안,승용,남,36세,경상,승용,남,46세,중상
2021122600100131,2021년 12월 26일 14시,일요일,충청북도 제천시 청풍면,중상사고,0,1,4,0,차대차 - 측면충돌,중앙선침범,건조,맑음,기타 - 기타,승용,남,34세,상해없음,승용,남,79세,경상